symbol,start,open,high,low,close,volume,complete
XBMK,2026-08-26T13:30:00Z,500.0,500.2062,499.577,499.7832,783488,true
XBMK,2026-08-26T13:35:00Z,499.7832,499.8564,499.6514,499.7246,897243,true
XBMK,2026-08-26T13:40:00Z,499.7246,499.9402,499.6293,499.8449,1002562,true
XBMK,2026-08-26T13:45:00Z,499.8449,500.2283,499.8173,500.2007,893420,true
XBMK,2026-08-26T13:50:00Z,500.2007,500.4379,500.0514,500.2886,1138982,true
XBMK,2026-08-26T13:55:00Z,500.2886,500.3096,500.0435,500.0646,983026,true
XBMK,2026-08-26T14:00:00Z,500.0646,500.4349,500.0574,500.4277,701501,true
XBMK,2026-08-26T14:05:00Z,500.4277,500.6225,500.1311,500.326,673185,true
XBMK,2026-08-26T14:10:00Z,500.326,500.4649,500.1769,500.3159,558349,true
XBMK,2026-08-26T14:15:00Z,500.3159,500.4696,500.1299,500.2835,675725,true
XBMK,2026-08-26T14:20:00Z,500.2835,500.317,500.1323,500.1658,454095,true
XBMK,2026-08-26T14:25:00Z,500.1658,500.4735,500.0723,500.38,534811,true
XBMK,2026-08-26T14:30:00Z,500.38,500.4056,500.3634,500.389,597823,true
XBMK,2026-08-26T14:35:00Z,500.389,500.4809,500.3869,500.4788,417357,true
XBMK,2026-08-26T14:40:00Z,500.4788,500.5446,500.461,500.5268,451131,true
XBMK,2026-08-26T14:45:00Z,500.5268,500.9003,500.407,500.7805,206902,true
XBMK,2026-08-26T14:50:00Z,500.7805,500.7957,500.7048,500.72,366101,true
XBMK,2026-08-26T14:55:00Z,500.72,500.8585,500.6731,500.8117,539850,true
XBMK,2026-08-26T15:00:00Z,500.8117,501.1286,500.762,501.0789,303719,true
XBMK,2026-08-26T15:05:00Z,501.0789,501.1441,501.0427,501.1078,414804,true
XBMK,2026-08-26T15:10:00Z,501.1078,501.3016,501.0004,501.1942,676792,true
XBMK,2026-08-26T15:15:00Z,501.1942,501.3145,500.9392,501.0595,432685,true
XBMK,2026-08-26T15:20:00Z,501.0595,501.2178,500.8394,500.9977,404381,true
XBMK,2026-08-26T15:25:00Z,500.9977,501.0323,500.8474,500.882,327135,true
XBMK,2026-08-26T15:30:00Z,500.882,500.9965,500.827,500.9416,313447,true
XBMK,2026-08-26T15:35:00Z,500.9416,501.0667,500.7951,500.9202,509737,true
XBMK,2026-08-26T15:40:00Z,500.9202,500.9355,500.813,500.8282,657358,true
XBMK,2026-08-26T15:45:00Z,500.8282,500.987,500.7058,500.8645,362186,true
XBMK,2026-08-26T15:50:00Z,500.8645,500.9153,500.8644,500.9152,334956,true
XBMK,2026-08-26T15:55:00Z,500.9152,501.0063,500.9069,500.998,526572,true
XBMK,2026-08-26T16:00:00Z,500.998,501.1721,500.7254,500.8995,238724,true
XBMK,2026-08-26T16:05:00Z,500.8995,501.0398,500.5769,500.7172,300698,true
XBMK,2026-08-26T16:10:00Z,500.7172,500.7928,500.711,500.7865,481207,true
XBMK,2026-08-26T16:15:00Z,500.7865,500.8108,500.5884,500.6127,310069,true
XBMK,2026-08-26T16:20:00Z,500.6127,500.8843,500.5682,500.8398,572000,true
XBMK,2026-08-26T16:25:00Z,500.8398,500.9744,500.4564,500.591,415285,true
XBMK,2026-08-26T16:30:00Z,500.591,500.7115,500.4967,500.6173,367989,true
XBMK,2026-08-26T16:35:00Z,500.6173,500.7446,500.5801,500.7074,406994,true
XBMK,2026-08-26T16:40:00Z,500.7074,500.8086,500.5952,500.6964,324391,true
XBMK,2026-08-26T16:45:00Z,500.6964,500.9258,500.6295,500.8588,376039,true
XBMK,2026-08-26T16:50:00Z,500.8588,501.1167,500.8068,501.0647,387439,true
XBMK,2026-08-26T16:55:00Z,501.0647,501.1046,500.9828,501.0227,370345,true
XBMK,2026-08-26T17:00:00Z,501.0227,501.0617,500.7725,500.8114,452088,true
XBMK,2026-08-26T17:05:00Z,500.8114,501.0272,500.6872,500.9029,411720,true
XBMK,2026-08-26T17:10:00Z,500.9029,501.2714,500.6243,500.9927,406193,true
XBMK,2026-08-26T17:15:00Z,500.9927,501.1484,500.6933,500.8491,338880,true
XBMK,2026-08-26T17:20:00Z,500.8491,501.0163,500.6501,500.8174,481461,true
XBMK,2026-08-26T17:25:00Z,500.8174,500.8871,500.7788,500.8485,354042,true
XBMK,2026-08-26T17:30:00Z,500.8485,500.9312,500.5901,500.6728,372800,true
XBMK,2026-08-26T17:35:00Z,500.6728,500.6979,500.6209,500.646,594435,true
XBMK,2026-08-26T17:40:00Z,500.646,500.7726,500.4932,500.6197,374090,true
XBMK,2026-08-26T17:45:00Z,500.6197,500.716,500.25,500.3463,378460,true
XBMK,2026-08-26T17:50:00Z,500.3463,500.436,500.0378,500.1275,378642,true
XBMK,2026-08-26T17:55:00Z,500.1275,500.2182,500.0865,500.1772,467449,true
XBMK,2026-08-26T18:00:00Z,500.1772,500.4835,500.165,500.4713,486478,true
XBMK,2026-08-26T18:05:00Z,500.4713,500.5789,500.4135,500.5211,458784,true
XBMK,2026-08-26T18:10:00Z,500.5211,500.7262,500.4393,500.6444,401290,true
XBMK,2026-08-26T18:15:00Z,500.6444,501.0675,500.5243,500.9474,436130,true
XBMK,2026-08-26T18:20:00Z,500.9474,501.0466,500.8379,500.9371,640921,true
XBMK,2026-08-26T18:25:00Z,500.9371,501.0286,500.8782,500.9697,338806,true
XBMK,2026-08-26T18:30:00Z,500.9697,501.0692,500.6667,500.7662,399929,true
XBMK,2026-08-26T18:35:00Z,500.7662,500.8839,500.5951,500.7127,434954,true
XBMK,2026-08-26T18:40:00Z,500.7127,500.7918,500.4088,500.4879,626370,true
XBMK,2026-08-26T18:45:00Z,500.4879,500.6648,500.418,500.5949,523701,true
XBMK,2026-08-26T18:50:00Z,500.5949,500.888,500.5191,500.8122,434336,true
XBMK,2026-08-26T18:55:00Z,500.8122,500.9593,500.5458,500.6929,513351,true
XBMK,2026-08-26T19:00:00Z,500.6929,500.8482,500.5874,500.7427,542107,true
XBMK,2026-08-26T19:05:00Z,500.7427,501.0794,500.6245,500.9612,686257,true
XBMK,2026-08-26T19:10:00Z,500.9612,501.0906,500.5059,500.6353,418601,true
XBMK,2026-08-26T19:15:00Z,500.6353,500.643,500.3671,500.3748,480661,true
XBMK,2026-08-26T19:20:00Z,500.3748,500.523,500.3408,500.489,662910,true
XBMK,2026-08-26T19:25:00Z,500.489,500.5839,500.4366,500.5316,595511,true
XBMK,2026-08-26T19:30:00Z,500.5316,500.6925,500.4759,500.6367,460372,true
XBMK,2026-08-26T19:35:00Z,500.6367,500.6762,500.5657,500.6052,728515,true
XBMK,2026-08-26T19:40:00Z,500.6052,500.8104,500.5496,500.7548,532684,true
XBMK,2026-08-26T19:45:00Z,500.7548,500.8022,500.5565,500.6039,603366,true
XBMK,2026-08-26T19:50:00Z,500.6039,500.7175,500.1263,500.24,694538,true
XBMK,2026-08-26T19:55:00Z,500.24,500.3069,500.2136,500.2805,1077917,true
XBMK,2026-08-27T13:30:00Z,500.2805,500.2961,500.2743,500.2898,1495442,true
XBMK,2026-08-27T13:35:00Z,500.2898,500.3836,499.9839,500.0777,1137052,true
XBMK,2026-08-27T13:40:00Z,500.0777,500.1331,500.0084,500.0637,880871,true
XBMK,2026-08-27T13:45:00Z,500.0637,500.088,499.9779,500.0021,857786,true
XBMK,2026-08-27T13:50:00Z,500.0021,500.0889,499.5274,499.6142,539111,true
XBMK,2026-08-27T13:55:00Z,499.6142,499.7123,499.5267,499.6249,862576,true
XBMK,2026-08-27T14:00:00Z,499.6249,499.7812,499.4786,499.635,555962,true
XBMK,2026-08-27T14:05:00Z,499.635,499.6974,499.2624,499.3248,587322,true
XBMK,2026-08-27T14:10:00Z,499.3248,499.4471,499.307,499.4293,617845,true
XBMK,2026-08-27T14:15:00Z,499.4293,499.5391,499.1279,499.2377,492311,true
XBMK,2026-08-27T14:20:00Z,499.2377,499.5073,499.2054,499.4749,501488,true
XBMK,2026-08-27T14:25:00Z,499.4749,499.5717,499.4683,499.5651,517599,true
XBMK,2026-08-27T14:30:00Z,499.5651,499.8113,499.4974,499.7436,563112,true
XBMK,2026-08-27T14:35:00Z,499.7436,499.8418,499.5901,499.6883,351438,true
XBMK,2026-08-27T14:40:00Z,499.6883,499.7956,499.5009,499.6082,412511,true
XBMK,2026-08-27T14:45:00Z,499.6082,499.6711,499.3612,499.424,463292,true
XBMK,2026-08-27T14:50:00Z,499.424,499.5032,499.177,499.2562,386938,true
XBMK,2026-08-27T14:55:00Z,499.2562,499.6883,499.1508,499.5829,346771,true
XBMK,2026-08-27T15:00:00Z,499.5829,499.6044,499.0476,499.0691,439697,true
XBMK,2026-08-27T15:05:00Z,499.0691,499.0779,498.9826,498.9913,386662,true
XBMK,2026-08-27T15:10:00Z,498.9913,499.0128,498.8508,498.8723,357778,true
XBMK,2026-08-27T15:15:00Z,498.8723,498.9576,498.68,498.7653,391418,true
XBMK,2026-08-27T15:20:00Z,498.7653,499.0373,498.4206,498.6926,295951,true
XBMK,2026-08-27T15:25:00Z,498.6926,498.7375,498.2636,498.3085,591480,true
XBMK,2026-08-27T15:30:00Z,498.3085,498.3175,498.2636,498.2726,385863,true
XBMK,2026-08-27T15:35:00Z,498.2726,498.3172,498.1449,498.1895,456590,true
XBMK,2026-08-27T15:40:00Z,498.1895,498.2528,498.0365,498.0998,423484,true
XBMK,2026-08-27T15:45:00Z,498.0998,498.2251,497.9824,498.1078,440963,true
XBMK,2026-08-27T15:50:00Z,498.1078,498.136,497.9757,498.0039,315993,true
XBMK,2026-08-27T15:55:00Z,498.0039,498.1623,497.5576,497.716,380530,true
XBMK,2026-08-27T16:00:00Z,497.716,497.831,497.5148,497.6298,232237,true
XBMK,2026-08-27T16:05:00Z,497.6298,497.7156,497.1523,497.2381,293488,true
XBMK,2026-08-27T16:10:00Z,497.2381,497.5953,497.0728,497.4299,455476,true
XBMK,2026-08-27T16:15:00Z,497.4299,497.4967,496.9743,497.0411,314526,true
XBMK,2026-08-27T16:20:00Z,497.0411,497.4706,496.8825,497.3119,342511,true
XBMK,2026-08-27T16:25:00Z,497.3119,497.5652,496.5038,496.7571,407611,true
XBMK,2026-08-27T16:30:00Z,496.7571,496.7705,496.5563,496.5697,445844,true
XBMK,2026-08-27T16:35:00Z,496.5697,496.7276,496.4628,496.6206,403432,true
XBMK,2026-08-27T16:40:00Z,496.6206,496.7958,496.2423,496.4175,497463,true
XBMK,2026-08-27T16:45:00Z,496.4175,496.4867,496.3863,496.4555,390117,true
XBMK,2026-08-27T16:50:00Z,496.4555,497.0763,496.412,497.0329,325918,true
XBMK,2026-08-27T16:55:00Z,497.0329,497.0646,496.9954,497.0271,488091,true
XBMK,2026-08-27T17:00:00Z,497.0271,497.1102,496.9835,497.0666,316667,true
XBMK,2026-08-27T17:05:00Z,497.0666,497.1535,496.9561,497.043,442341,true
XBMK,2026-08-27T17:10:00Z,497.043,497.1361,496.9474,497.0404,341358,true
XBMK,2026-08-27T17:15:00Z,497.0404,497.0999,496.6431,496.7026,325949,true
XBMK,2026-08-27T17:20:00Z,496.7026,496.7119,496.5844,496.5936,259037,true
XBMK,2026-08-27T17:25:00Z,496.5936,496.9111,496.5909,496.9084,547514,true
XBMK,2026-08-27T17:30:00Z,496.9084,496.9884,496.6853,496.7653,286843,true
XBMK,2026-08-27T17:35:00Z,496.7653,496.9044,496.6978,496.8369,427554,true
XBMK,2026-08-27T17:40:00Z,496.8369,497.0406,496.6459,496.8496,494684,true
XBMK,2026-08-27T17:45:00Z,496.8496,497.0048,496.6446,496.7997,288100,true
XBMK,2026-08-27T17:50:00Z,496.7997,496.968,496.6937,496.862,444048,true
XBMK,2026-08-27T17:55:00Z,496.862,497.1492,496.6265,496.9137,455088,true
XBMK,2026-08-27T18:00:00Z,496.9137,497.368,496.9072,497.3615,267646,true
XBMK,2026-08-27T18:05:00Z,497.3615,497.3993,497.2555,497.2933,331719,true
XBMK,2026-08-27T18:10:00Z,497.2933,497.5738,496.7376,497.0181,205546,true
XBMK,2026-08-27T18:15:00Z,497.0181,497.0187,496.9142,496.9148,511722,true
XBMK,2026-08-27T18:20:00Z,496.9148,497.049,496.6688,496.803,408563,true
XBMK,2026-08-27T18:25:00Z,496.803,497.0272,496.7819,497.0061,523312,true
XBMK,2026-08-27T18:30:00Z,497.0061,497.0923,496.7904,496.8766,325322,true
XBMK,2026-08-27T18:35:00Z,496.8766,497.2929,496.8546,497.2708,385923,true
XBMK,2026-08-27T18:40:00Z,497.2708,497.3269,496.8684,496.9246,378391,true
XBMK,2026-08-27T18:45:00Z,496.9246,496.9273,496.6727,496.6755,302217,true
XBMK,2026-08-27T18:50:00Z,496.6755,496.7471,496.5934,496.6651,421695,true
XBMK,2026-08-27T18:55:00Z,496.6651,496.7588,496.3325,496.4263,463179,true
XBMK,2026-08-27T19:00:00Z,496.4263,496.727,496.3882,496.6888,407507,true
XBMK,2026-08-27T19:05:00Z,496.6888,497.1231,496.4981,496.9323,373647,true
XBMK,2026-08-27T19:10:00Z,496.9323,497.0387,496.8296,496.936,755615,true
XBMK,2026-08-27T19:15:00Z,496.936,496.9972,496.5585,496.6197,442879,true
XBMK,2026-08-27T19:20:00Z,496.6197,496.6428,496.6193,496.6424,654597,true
XBMK,2026-08-27T19:25:00Z,496.6424,496.6801,496.5363,496.574,460191,true
XBMK,2026-08-27T19:30:00Z,496.574,496.6006,496.3528,496.3795,502240,true
XBMK,2026-08-27T19:35:00Z,496.3795,496.5423,496.2178,496.3806,643273,true
XBMK,2026-08-27T19:40:00Z,496.3806,496.5129,496.0574,496.1898,445794,true
XBMK,2026-08-27T19:45:00Z,496.1898,496.4963,496.1092,496.4158,335396,true
XBMK,2026-08-27T19:50:00Z,496.4158,496.4446,496.193,496.2218,875446,true
XBMK,2026-08-27T19:55:00Z,496.2218,496.2923,496.1218,496.1923,1179214,true
XBMK,2026-08-28T13:30:00Z,496.1923,496.3309,496.15,496.2886,1333058,true
XBMK,2026-08-28T13:35:00Z,496.2886,496.3285,495.7656,495.8055,1085823,true
XBMK,2026-08-28T13:40:00Z,495.8055,495.8524,495.4991,495.546,781044,true
XBMK,2026-08-28T13:45:00Z,495.546,495.6793,495.1467,495.28,773285,true
XBMK,2026-08-28T13:50:00Z,495.28,495.6409,495.1558,495.5167,848612,true
XBMK,2026-08-28T13:55:00Z,495.5167,495.7095,495.4556,495.6485,650368,true
XBMK,2026-08-28T14:00:00Z,495.6485,495.6934,495.2901,495.3349,785197,true
XBMK,2026-08-28T14:05:00Z,495.3349,495.5565,495.2535,495.4751,681141,true
XBMK,2026-08-28T14:10:00Z,495.4751,495.5481,495.0916,495.1646,462483,true
XBMK,2026-08-28T14:15:00Z,495.1646,495.4373,495.1581,495.4309,649113,true
XBMK,2026-08-28T14:20:00Z,495.4309,495.5863,495.3629,495.5183,559748,true
XBMK,2026-08-28T14:25:00Z,495.5183,496.1726,495.4088,496.0631,493617,true
XBMK,2026-08-28T14:30:00Z,496.0631,496.3976,496.0171,496.3515,587917,true
XBMK,2026-08-28T14:35:00Z,496.3515,496.4098,496.2233,496.2815,396945,true
XBMK,2026-08-28T14:40:00Z,496.2815,496.6228,496.2216,496.5629,471832,true
XBMK,2026-08-28T14:45:00Z,496.5629,496.6259,496.5237,496.5867,393997,true
XBMK,2026-08-28T14:50:00Z,496.5867,496.8896,496.5646,496.8675,531391,true
XBMK,2026-08-28T14:55:00Z,496.8675,496.9186,496.7699,496.821,465364,true
XBMK,2026-08-28T15:00:00Z,496.821,496.8622,496.501,496.5422,754146,true
XBMK,2026-08-28T15:05:00Z,496.5422,496.6635,496.4023,496.5235,546528,true
XBMK,2026-08-28T15:10:00Z,496.5235,496.6605,496.4438,496.5808,248366,true
XBMK,2026-08-28T15:15:00Z,496.5808,496.7817,496.323,496.5239,378790,true
XBMK,2026-08-28T15:20:00Z,496.5239,496.7563,496.1917,496.424,459068,true
XBMK,2026-08-28T15:25:00Z,496.424,496.5968,496.3815,496.5544,308055,true
XBMK,2026-08-28T15:30:00Z,496.5544,496.6689,496.2755,496.3901,341586,true
XBMK,2026-08-28T15:35:00Z,496.3901,496.5359,496.2143,496.3601,422828,true
XBMK,2026-08-28T15:40:00Z,496.3601,496.3944,496.0684,496.1027,569155,true
XBMK,2026-08-28T15:45:00Z,496.1027,496.4288,496.0571,496.3832,350342,true
XBMK,2026-08-28T15:50:00Z,496.3832,496.4207,496.3517,496.3892,317573,true
XBMK,2026-08-28T15:55:00Z,496.3892,496.5844,496.2722,496.4673,533848,true
XBMK,2026-08-28T16:00:00Z,496.4673,496.5354,496.4535,496.5215,231857,true
XBMK,2026-08-28T16:05:00Z,496.5215,496.6005,496.2628,496.3418,337890,true
XBMK,2026-08-28T16:10:00Z,496.3418,496.3482,496.2143,496.2207,399561,true
XBMK,2026-08-28T16:15:00Z,496.2207,496.2727,496.0765,496.1286,616069,true
XBMK,2026-08-28T16:20:00Z,496.1286,496.2702,495.9058,496.0475,413681,true
XBMK,2026-08-28T16:25:00Z,496.0475,496.2472,495.6002,495.8,596684,true
XBMK,2026-08-28T16:30:00Z,495.8,495.8253,495.4622,495.4875,624072,true
XBMK,2026-08-28T16:35:00Z,495.4875,495.5899,494.9246,495.027,320207,true
XBMK,2026-08-28T16:40:00Z,495.027,495.2043,494.5961,494.7734,495491,true
XBMK,2026-08-28T16:45:00Z,494.7734,495.1222,494.6817,495.0305,530054,true
XBMK,2026-08-28T16:50:00Z,495.0305,495.1403,494.5848,494.6946,569682,true
XBMK,2026-08-28T16:55:00Z,494.6946,494.8364,494.5384,494.6803,314576,true
XBMK,2026-08-28T17:00:00Z,494.6803,494.7769,494.5019,494.5986,499065,true
XBMK,2026-08-28T17:05:00Z,494.5986,494.6496,494.5782,494.6292,461603,true
XBMK,2026-08-28T17:10:00Z,494.6292,494.7525,494.3929,494.5162,500476,true
XBMK,2026-08-28T17:15:00Z,494.5162,494.6692,494.3051,494.4581,542995,true
XBMK,2026-08-28T17:20:00Z,494.4581,494.6145,494.364,494.5204,501035,true
XBMK,2026-08-28T17:25:00Z,494.5204,494.5958,493.8641,493.9394,435649,true
XBMK,2026-08-28T17:30:00Z,493.9394,493.9559,493.5937,493.6102,263876,true
XBMK,2026-08-28T17:35:00Z,493.6102,493.7411,493.5045,493.6355,383809,true
XBMK,2026-08-28T17:40:00Z,493.6355,493.7555,493.5571,493.6771,266692,true
XBMK,2026-08-28T17:45:00Z,493.6771,493.7986,493.672,493.7934,534277,true
XBMK,2026-08-28T17:50:00Z,493.7934,493.8862,493.6455,493.7383,277722,true
XBMK,2026-08-28T17:55:00Z,493.7383,493.8182,493.5663,493.6463,466239,true
XBMK,2026-08-28T18:00:00Z,493.6463,493.8556,493.5612,493.7704,316376,true
XBMK,2026-08-28T18:05:00Z,493.7704,493.8408,493.7444,493.8148,336131,true
XBMK,2026-08-28T18:10:00Z,493.8148,493.942,493.7183,493.8454,262505,true
XBMK,2026-08-28T18:15:00Z,493.8454,493.8864,493.7939,493.8348,459148,true
XBMK,2026-08-28T18:20:00Z,493.8348,493.9358,493.8092,493.9101,429206,true
XBMK,2026-08-28T18:25:00Z,493.9101,493.9381,493.884,493.9119,388518,true
XBMK,2026-08-28T18:30:00Z,493.9119,493.9619,493.7149,493.7649,469033,true
XBMK,2026-08-28T18:35:00Z,493.7649,494.0476,493.7116,493.9943,620646,true
XBMK,2026-08-28T18:40:00Z,493.9943,494.238,493.9695,494.2131,481218,true
XBMK,2026-08-28T18:45:00Z,494.2131,494.5415,494.0994,494.4278,565612,true
XBMK,2026-08-28T18:50:00Z,494.4278,494.4827,494.2643,494.3192,369942,true
XBMK,2026-08-28T18:55:00Z,494.3192,494.4757,494.2047,494.3612,428300,true
XBMK,2026-08-28T19:00:00Z,494.3612,494.509,494.3323,494.4801,390438,true
XBMK,2026-08-28T19:05:00Z,494.4801,494.8641,494.4343,494.8183,465895,true
XBMK,2026-08-28T19:10:00Z,494.8183,494.8863,494.316,494.384,327199,true
XBMK,2026-08-28T19:15:00Z,494.384,494.4673,494.276,494.3592,1071183,true
XBMK,2026-08-28T19:20:00Z,494.3592,494.4339,494.2037,494.2784,531382,true
XBMK,2026-08-28T19:25:00Z,494.2784,494.3233,494.0287,494.0736,502556,true
XBMK,2026-08-28T19:30:00Z,494.0736,494.1987,493.748,493.8731,697942,true
XBMK,2026-08-28T19:35:00Z,493.8731,494.0604,493.4973,493.6846,504357,true
XBMK,2026-08-28T19:40:00Z,493.6846,493.7065,493.6313,493.6532,537290,true
XBMK,2026-08-28T19:45:00Z,493.6532,493.8019,493.5754,493.7242,626219,true
XBMK,2026-08-28T19:50:00Z,493.7242,493.9389,493.6929,493.9077,659877,true
XBMK,2026-08-28T19:55:00Z,493.9077,493.9707,493.8056,493.8686,572542,true
XBMK,2026-08-31T13:30:00Z,493.8686,493.8871,493.6532,493.6717,1172776,true
XBMK,2026-08-31T13:35:00Z,493.6717,493.8671,493.6474,493.8428,395454,true
XBMK,2026-08-31T13:40:00Z,493.8428,494.1565,493.8301,494.1438,601004,true
XBMK,2026-08-31T13:45:00Z,494.1438,494.2694,494.0239,494.1494,625215,true
XBMK,2026-08-31T13:50:00Z,494.1494,494.3735,493.9888,494.2129,697062,true
XBMK,2026-08-31T13:55:00Z,494.2129,494.4167,494.1553,494.3591,525712,true
XBMK,2026-08-31T14:00:00Z,494.3591,494.6134,494.2519,494.5062,471125,true
XBMK,2026-08-31T14:05:00Z,494.5062,494.5691,494.3165,494.3794,532857,true
XBMK,2026-08-31T14:10:00Z,494.3794,494.6458,494.1979,494.4643,396755,true
XBMK,2026-08-31T14:15:00Z,494.4643,494.8845,494.4501,494.8704,404486,true
XBMK,2026-08-31T14:20:00Z,494.8704,494.9152,494.8099,494.8547,672367,true
XBMK,2026-08-31T14:25:00Z,494.8547,494.9355,494.7956,494.8764,365387,true
XBMK,2026-08-31T14:30:00Z,494.8764,494.9546,494.7531,494.8313,649558,true
XBMK,2026-08-31T14:35:00Z,494.8313,494.8597,494.3741,494.4025,363070,true
XBMK,2026-08-31T14:40:00Z,494.4025,494.4759,494.3794,494.4528,320325,true
XBMK,2026-08-31T14:45:00Z,494.4528,494.4821,494.4414,494.4707,530171,true
XBMK,2026-08-31T14:50:00Z,494.4707,494.9736,494.2842,494.7871,412302,true
XBMK,2026-08-31T14:55:00Z,494.7871,494.9629,494.7045,494.8803,432797,true
XBMK,2026-08-31T15:00:00Z,494.8803,494.9363,494.8659,494.9219,460665,true
XBMK,2026-08-31T15:05:00Z,494.9219,495.3086,494.7157,495.1024,371427,true
XBMK,2026-08-31T15:10:00Z,495.1024,495.1457,495.0644,495.1077,491042,true
XBMK,2026-08-31T15:15:00Z,495.1077,495.4274,495.078,495.3977,486523,true
XBMK,2026-08-31T15:20:00Z,495.3977,495.563,495.3278,495.4931,430803,true
XBMK,2026-08-31T15:25:00Z,495.4931,495.5767,495.3412,495.4248,450320,true
XBMK,2026-08-31T15:30:00Z,495.4248,495.4802,495.3701,495.4256,285893,true
XBMK,2026-08-31T15:35:00Z,495.4256,495.4413,495.3074,495.3231,298037,true
XBMK,2026-08-31T15:40:00Z,495.3231,495.6459,495.2638,495.5866,445171,true
XBMK,2026-08-31T15:45:00Z,495.5866,495.8109,495.5279,495.7521,462250,true
XBMK,2026-08-31T15:50:00Z,495.7521,495.9496,495.7126,495.9102,358843,true
XBMK,2026-08-31T15:55:00Z,495.9102,495.9959,495.6017,495.6874,391276,true
XBMK,2026-08-31T16:00:00Z,495.6874,495.9073,495.6676,495.8875,371437,true
XBMK,2026-08-31T16:05:00Z,495.8875,496.1169,495.8259,496.0553,444695,true
XBMK,2026-08-31T16:10:00Z,496.0553,496.2285,495.6324,495.8055,414951,true
XBMK,2026-08-31T16:15:00Z,495.8055,495.864,495.7239,495.7824,311588,true
XBMK,2026-08-31T16:20:00Z,495.7824,496.0328,495.6896,495.94,310928,true
XBMK,2026-08-31T16:25:00Z,495.94,495.995,495.6806,495.7355,384953,true
XBMK,2026-08-31T16:30:00Z,495.7355,496.0611,495.5712,495.8968,394760,true
XBMK,2026-08-31T16:35:00Z,495.8968,496.0348,495.7282,495.8662,362656,true
XBMK,2026-08-31T16:40:00Z,495.8662,496.2211,495.7927,496.1476,374714,true
XBMK,2026-08-31T16:45:00Z,496.1476,496.3851,496.1035,496.341,534197,true
XBMK,2026-08-31T16:50:00Z,496.341,496.4979,496.1546,496.3115,394297,true
XBMK,2026-08-31T16:55:00Z,496.3115,496.4271,496.122,496.2377,402451,true
XBMK,2026-08-31T17:00:00Z,496.2377,496.2876,496.1326,496.1825,463418,true
XBMK,2026-08-31T17:05:00Z,496.1825,496.3261,495.5682,495.7117,351396,true
XBMK,2026-08-31T17:10:00Z,495.7117,495.9069,495.6681,495.8633,390264,true
XBMK,2026-08-31T17:15:00Z,495.8633,495.886,495.7198,495.7425,501980,true
XBMK,2026-08-31T17:20:00Z,495.7425,495.9066,495.6063,495.7704,355698,true
XBMK,2026-08-31T17:25:00Z,495.7704,495.8001,495.6832,495.7129,278689,true
XBMK,2026-08-31T17:30:00Z,495.7129,496.092,495.5855,495.9646,428470,true
XBMK,2026-08-31T17:35:00Z,495.9646,496.1496,495.9193,496.1043,501517,true
XBMK,2026-08-31T17:40:00Z,496.1043,496.2272,496.0766,496.1995,671319,true
XBMK,2026-08-31T17:45:00Z,496.1995,496.7865,496.0392,496.6263,402430,true
XBMK,2026-08-31T17:50:00Z,496.6263,496.6593,496.305,496.3381,348787,true
XBMK,2026-08-31T17:55:00Z,496.3381,496.5613,496.3362,496.5594,394422,true
XBMK,2026-08-31T18:00:00Z,496.5594,496.6236,496.4746,496.5388,688940,true
XBMK,2026-08-31T18:05:00Z,496.5388,496.6822,496.3044,496.4478,341211,true
XBMK,2026-08-31T18:10:00Z,496.4478,496.6264,496.3321,496.5106,412885,true
XBMK,2026-08-31T18:15:00Z,496.5106,496.6097,496.2637,496.3627,546461,true
XBMK,2026-08-31T18:20:00Z,496.3627,496.4554,496.2777,496.3703,284298,true
XBMK,2026-08-31T18:25:00Z,496.3703,496.4188,496.1417,496.1901,353127,true
XBMK,2026-08-31T18:30:00Z,496.1901,496.3174,495.6673,495.7946,527718,true
XBMK,2026-08-31T18:35:00Z,495.7946,495.8227,495.4622,495.4903,430479,true
XBMK,2026-08-31T18:40:00Z,495.4903,495.6487,495.2217,495.3801,470053,true
XBMK,2026-08-31T18:45:00Z,495.3801,495.6105,495.2432,495.4736,463936,true
XBMK,2026-08-31T18:50:00Z,495.4736,495.6056,495.3302,495.4622,434037,true
XBMK,2026-08-31T18:55:00Z,495.4622,495.6099,495.337,495.4847,548740,true
XBMK,2026-08-31T19:00:00Z,495.4847,495.8204,495.4382,495.7739,455705,true
XBMK,2026-08-31T19:05:00Z,495.7739,495.8061,495.7329,495.7652,620720,true
XBMK,2026-08-31T19:10:00Z,495.7652,495.7807,495.6855,495.7011,485837,true
XBMK,2026-08-31T19:15:00Z,495.7011,495.7133,495.3985,495.4108,639227,true
XBMK,2026-08-31T19:20:00Z,495.4108,495.4325,495.245,495.2668,402424,true
XBMK,2026-08-31T19:25:00Z,495.2668,495.5014,494.909,495.1437,573544,true
XBMK,2026-08-31T19:30:00Z,495.1437,495.4388,495.0667,495.3618,788031,true
XBMK,2026-08-31T19:35:00Z,495.3618,495.5752,495.3169,495.5303,627945,true
XBMK,2026-08-31T19:40:00Z,495.5303,495.7371,495.4277,495.6345,661740,true
XBMK,2026-08-31T19:45:00Z,495.6345,495.911,495.5674,495.8439,782041,true
XBMK,2026-08-31T19:50:00Z,495.8439,495.9861,495.5836,495.7258,756703,true
XBMK,2026-08-31T19:55:00Z,495.7258,495.9845,495.6553,495.914,722145,true
XBMK,2026-09-01T13:30:00Z,495.914,496.0497,495.8958,496.0314,1117029,true
XBMK,2026-09-01T13:35:00Z,496.0314,496.076,495.9035,495.9481,1095913,true
XBMK,2026-09-01T13:40:00Z,495.9481,496.1163,495.8876,496.0558,599500,true
XBMK,2026-09-01T13:45:00Z,496.0558,496.1641,495.8788,495.9871,768909,true
XBMK,2026-09-01T13:50:00Z,495.9871,496.0353,495.8354,495.8835,647502,true
XBMK,2026-09-01T13:55:00Z,495.8835,496.1015,495.8499,496.0679,468183,true
XBMK,2026-09-01T14:00:00Z,496.0679,496.0916,495.9317,495.9554,594081,true
XBMK,2026-09-01T14:05:00Z,495.9554,496.1577,495.628,495.8303,389614,true
XBMK,2026-09-01T14:10:00Z,495.8303,495.925,495.7791,495.8738,697867,true
XBMK,2026-09-01T14:15:00Z,495.8738,495.9547,495.7965,495.8774,485835,true
XBMK,2026-09-01T14:20:00Z,495.8774,496.1078,495.8056,496.036,430238,true
XBMK,2026-09-01T14:25:00Z,496.036,496.1718,495.7185,495.8543,342845,true
XBMK,2026-09-01T14:30:00Z,495.8543,496.2292,495.6851,496.0599,599594,true
XBMK,2026-09-01T14:35:00Z,496.0599,496.115,496.0053,496.0603,317113,true
XBMK,2026-09-01T14:40:00Z,496.0603,496.1766,495.8259,495.9421,682202,true
XBMK,2026-09-01T14:45:00Z,495.9421,496.171,495.808,496.0368,334547,true
XBMK,2026-09-01T14:50:00Z,496.0368,496.2768,495.5617,495.8017,388302,true
XBMK,2026-09-01T14:55:00Z,495.8017,495.914,495.6286,495.7409,464116,true
XBMK,2026-09-01T15:00:00Z,495.7409,496.127,495.582,495.9681,366983,true
XBMK,2026-09-01T15:05:00Z,495.9681,496.0994,495.6898,495.8211,323458,true
XBMK,2026-09-01T15:10:00Z,495.8211,495.9623,495.5295,495.6708,344067,true
XBMK,2026-09-01T15:15:00Z,495.6708,495.7857,495.5687,495.6836,427184,true
XBMK,2026-09-01T15:20:00Z,495.6836,495.9292,495.5882,495.8337,384627,true
XBMK,2026-09-01T15:25:00Z,495.8337,495.8954,495.8192,495.881,384641,true
XBMK,2026-09-01T15:30:00Z,495.881,495.9787,495.6875,495.7852,407673,true
XBMK,2026-09-01T15:35:00Z,495.7852,495.8228,495.6134,495.6511,488623,true
XBMK,2026-09-01T15:40:00Z,495.6511,495.6664,495.4274,495.4428,398072,true
XBMK,2026-09-01T15:45:00Z,495.4428,495.4933,495.0806,495.1311,213440,true
XBMK,2026-09-01T15:50:00Z,495.1311,495.2403,494.8915,495.0007,405958,true
XBMK,2026-09-01T15:55:00Z,495.0007,495.0517,494.8757,494.9267,680021,true
XBMK,2026-09-01T16:00:00Z,494.9267,495.0555,494.6902,494.8189,316719,true
XBMK,2026-09-01T16:05:00Z,494.8189,495.1217,494.7813,495.0841,495444,true
XBMK,2026-09-01T16:10:00Z,495.0841,495.0876,494.8853,494.8888,360883,true
XBMK,2026-09-01T16:15:00Z,494.8888,495.1544,494.8712,495.1368,427095,true
XBMK,2026-09-01T16:20:00Z,495.1368,495.2701,494.7718,494.9051,473289,true
XBMK,2026-09-01T16:25:00Z,494.9051,495.135,494.8637,495.0936,377452,true
XBMK,2026-09-01T16:30:00Z,495.0936,495.1798,494.917,495.0032,449981,true
XBMK,2026-09-01T16:35:00Z,495.0032,495.2437,494.8771,495.1175,236616,true
XBMK,2026-09-01T16:40:00Z,495.1175,495.2448,495.0333,495.1605,378219,true
XBMK,2026-09-01T16:45:00Z,495.1605,495.2908,495.1482,495.2785,464040,true
XBMK,2026-09-01T16:50:00Z,495.2785,495.7865,495.1697,495.6777,425446,true
XBMK,2026-09-01T16:55:00Z,495.6777,495.7603,495.4964,495.579,332953,true
XBMK,2026-09-01T17:00:00Z,495.579,495.6544,495.5067,495.582,412079,true
XBMK,2026-09-01T17:05:00Z,495.582,495.6212,495.3719,495.411,547312,true
XBMK,2026-09-01T17:10:00Z,495.411,495.5581,495.3306,495.4777,287956,true
XBMK,2026-09-01T17:15:00Z,495.4777,495.5476,495.2631,495.3331,275719,true
XBMK,2026-09-01T17:20:00Z,495.3331,495.8022,495.2866,495.7558,349501,true
XBMK,2026-09-01T17:25:00Z,495.7558,495.9857,495.7522,495.9821,299509,true
XBMK,2026-09-01T17:30:00Z,495.9821,496.028,495.7889,495.8348,410455,true
XBMK,2026-09-01T17:35:00Z,495.8348,495.863,495.6614,495.6896,418020,true
XBMK,2026-09-01T17:40:00Z,495.6896,495.729,495.6369,495.6763,218151,true
XBMK,2026-09-01T17:45:00Z,495.6763,495.7948,495.2572,495.3757,532441,true
XBMK,2026-09-01T17:50:00Z,495.3757,495.42,495.3192,495.3635,481037,true
XBMK,2026-09-01T17:55:00Z,495.3635,495.8304,495.3524,495.8193,364659,true
XBMK,2026-09-01T18:00:00Z,495.8193,495.8693,495.502,495.5519,445866,true
XBMK,2026-09-01T18:05:00Z,495.5519,495.7391,495.5298,495.717,426357,true
XBMK,2026-09-01T18:10:00Z,495.717,495.7914,495.5667,495.6411,363905,true
XBMK,2026-09-01T18:15:00Z,495.6411,495.6564,495.2516,495.2669,313819,true
XBMK,2026-09-01T18:20:00Z,495.2669,495.3354,495.0642,495.1327,427737,true
XBMK,2026-09-01T18:25:00Z,495.1327,495.2231,495.048,495.1384,717824,true
XBMK,2026-09-01T18:30:00Z,495.1384,495.1685,494.9984,495.0285,338354,true
XBMK,2026-09-01T18:35:00Z,495.0285,495.3393,494.9602,495.271,462845,true
XBMK,2026-09-01T18:40:00Z,495.271,495.3262,495.0664,495.1216,472085,true
XBMK,2026-09-01T18:45:00Z,495.1216,495.2665,494.9954,495.1403,494651,true
XBMK,2026-09-01T18:50:00Z,495.1403,495.2331,494.961,495.0538,598380,true
XBMK,2026-09-01T18:55:00Z,495.0538,495.4068,494.9872,495.3402,423830,true
XBMK,2026-09-01T19:00:00Z,495.3402,495.513,495.2719,495.4448,262439,true
XBMK,2026-09-01T19:05:00Z,495.4448,495.7428,495.3872,495.6853,428182,true
XBMK,2026-09-01T19:10:00Z,495.6853,496.1778,495.6621,496.1546,456098,true
XBMK,2026-09-01T19:15:00Z,496.1546,496.3932,496.0986,496.3372,634527,true
XBMK,2026-09-01T19:20:00Z,496.3372,496.584,496.157,496.4039,455262,true
XBMK,2026-09-01T19:25:00Z,496.4039,496.7262,496.3955,496.7178,501990,true
XBMK,2026-09-01T19:30:00Z,496.7178,497.1774,496.5495,497.0091,495241,true
XBMK,2026-09-01T19:35:00Z,497.0091,497.1832,496.8404,497.0145,703108,true
XBMK,2026-09-01T19:40:00Z,497.0145,497.0198,496.8111,496.8163,629469,true
XBMK,2026-09-01T19:45:00Z,496.8163,496.8356,496.6395,496.6588,622697,true
XBMK,2026-09-01T19:50:00Z,496.6588,496.7491,496.4375,496.5278,1054785,true
XBMK,2026-09-01T19:55:00Z,496.5278,496.5682,496.0635,496.1039,1274164,true
XBMK,2026-09-02T13:30:00Z,496.1039,496.2479,495.8515,495.9955,621881,true
XBMK,2026-09-02T13:35:00Z,495.9955,496.0404,495.7986,495.8435,665979,true
XBMK,2026-09-02T13:40:00Z,495.8435,495.903,495.5334,495.5929,1023220,true
XBMK,2026-09-02T13:45:00Z,495.5929,495.6009,495.5921,495.6001,626835,true
XBMK,2026-09-02T13:50:00Z,495.6001,495.9276,495.4603,495.7877,784797,true
XBMK,2026-09-02T13:55:00Z,495.7877,495.8163,495.3753,495.4038,730923,true
XBMK,2026-09-02T14:00:00Z,495.4038,495.5564,495.3891,495.5417,675960,true
XBMK,2026-09-02T14:05:00Z,495.5417,495.5592,495.4076,495.4252,777960,true
XBMK,2026-09-02T14:10:00Z,495.4252,495.7648,495.2763,495.616,483816,true
XBMK,2026-09-02T14:15:00Z,495.616,496.0033,495.5614,495.9487,855243,true
XBMK,2026-09-02T14:20:00Z,495.9487,495.9491,495.8153,495.8157,692710,true
XBMK,2026-09-02T14:25:00Z,495.8157,495.832,495.7182,495.7345,452385,true
XBMK,2026-09-02T14:30:00Z,495.7345,496.0923,495.5976,495.9554,487790,true
XBMK,2026-09-02T14:35:00Z,495.9554,496.0631,495.4383,495.5459,408647,true
XBMK,2026-09-02T14:40:00Z,495.5459,495.7711,495.512,495.7372,484528,true
XBMK,2026-09-02T14:45:00Z,495.7372,496.012,495.5953,495.8701,508979,true
XBMK,2026-09-02T14:50:00Z,495.8701,496.2829,495.7798,496.1926,208162,true
XBMK,2026-09-02T14:55:00Z,496.1926,496.3073,496.1719,496.2866,466828,true
XBMK,2026-09-02T15:00:00Z,496.2866,496.5242,496.2577,496.4953,654923,true
XBMK,2026-09-02T15:05:00Z,496.4953,496.9377,496.3987,496.8411,348524,true
XBMK,2026-09-02T15:10:00Z,496.8411,496.9416,496.7809,496.8814,518392,true
XBMK,2026-09-02T15:15:00Z,496.8814,496.9635,496.8499,496.932,399047,true
XBMK,2026-09-02T15:20:00Z,496.932,497.1771,496.9094,497.1545,446819,true
XBMK,2026-09-02T15:25:00Z,497.1545,497.1651,497.0195,497.0302,431324,true
XBMK,2026-09-02T15:30:00Z,497.0302,497.0507,496.7997,496.8202,420599,true
XBMK,2026-09-02T15:35:00Z,496.8202,496.9002,496.7803,496.8603,283857,true
XBMK,2026-09-02T15:40:00Z,496.8603,497.058,496.6412,496.8389,428911,true
XBMK,2026-09-02T15:45:00Z,496.8389,497.0252,496.7646,496.9509,367666,true
XBMK,2026-09-02T15:50:00Z,496.9509,497.3301,496.7894,497.1686,374033,true
XBMK,2026-09-02T15:55:00Z,497.1686,497.2162,497.0523,497.0999,426241,true
XBMK,2026-09-02T16:00:00Z,497.0999,497.3205,497.062,497.2826,215802,true
XBMK,2026-09-02T16:05:00Z,497.2826,497.6039,497.2757,497.597,369625,true
XBMK,2026-09-02T16:10:00Z,497.597,497.8484,497.5533,497.8047,573496,true
XBMK,2026-09-02T16:15:00Z,497.8047,497.893,497.6715,497.7598,432231,true
XBMK,2026-09-02T16:20:00Z,497.7598,497.8446,497.6127,497.6974,358279,true
XBMK,2026-09-02T16:25:00Z,497.6974,497.7917,497.565,497.6592,420148,true
XBMK,2026-09-02T16:30:00Z,497.6592,497.6756,497.5059,497.5224,556894,true
XBMK,2026-09-02T16:35:00Z,497.5224,497.9274,497.3758,497.7809,445757,true
XBMK,2026-09-02T16:40:00Z,497.7809,497.7946,497.4916,497.5053,342810,true
XBMK,2026-09-02T16:45:00Z,497.5053,497.6592,497.2742,497.428,328372,true
XBMK,2026-09-02T16:50:00Z,497.428,497.7501,497.2421,497.5642,455358,true
XBMK,2026-09-02T16:55:00Z,497.5642,497.6513,497.2051,497.2922,435891,true
XBMK,2026-09-02T17:00:00Z,497.2922,497.2981,497.2305,497.2364,532999,true
XBMK,2026-09-02T17:05:00Z,497.2364,497.3796,497.1386,497.2818,367300,true
XBMK,2026-09-02T17:10:00Z,497.2818,497.5441,497.2371,497.4994,281680,true
XBMK,2026-09-02T17:15:00Z,497.4994,497.5622,497.2432,497.306,508765,true
XBMK,2026-09-02T17:20:00Z,497.306,497.6171,497.1254,497.4366,379638,true
XBMK,2026-09-02T17:25:00Z,497.4366,497.4412,497.2628,497.2674,373451,true
XBMK,2026-09-02T17:30:00Z,497.2674,497.3625,496.7507,496.8458,402347,true
XBMK,2026-09-02T17:35:00Z,496.8458,497.1194,496.789,497.0625,478296,true
XBMK,2026-09-02T17:40:00Z,497.0625,497.2081,496.6968,496.8423,381937,true
XBMK,2026-09-02T17:45:00Z,496.8423,496.9757,496.7886,496.9219,367404,true
XBMK,2026-09-02T17:50:00Z,496.9219,496.9765,496.8196,496.8742,591142,true
XBMK,2026-09-02T17:55:00Z,496.8742,497.2103,496.7954,497.1315,532099,true
XBMK,2026-09-02T18:00:00Z,497.1315,497.2062,496.681,496.7557,610592,true
XBMK,2026-09-02T18:05:00Z,496.7557,497.1038,496.6576,497.0057,594861,true
XBMK,2026-09-02T18:10:00Z,497.0057,497.2064,496.9477,497.1484,483258,true
XBMK,2026-09-02T18:15:00Z,497.1484,497.3872,497.0924,497.3312,262692,true
XBMK,2026-09-02T18:20:00Z,497.3312,497.4716,496.8579,496.9983,344500,true
XBMK,2026-09-02T18:25:00Z,496.9983,497.176,496.9115,497.0892,433619,true
XBMK,2026-09-02T18:30:00Z,497.0892,497.0912,496.8429,496.8449,483376,true
XBMK,2026-09-02T18:35:00Z,496.8449,497.0267,496.5684,496.7502,422096,true
XBMK,2026-09-02T18:40:00Z,496.7502,496.8338,496.7111,496.7947,488255,true
XBMK,2026-09-02T18:45:00Z,496.7947,496.846,496.6371,496.6885,390675,true
XBMK,2026-09-02T18:50:00Z,496.6885,496.7223,496.6837,496.7176,770401,true
XBMK,2026-09-02T18:55:00Z,496.7176,496.8336,496.2526,496.3686,393614,true
XBMK,2026-09-02T19:00:00Z,496.3686,496.4379,496.1269,496.1963,531642,true
XBMK,2026-09-02T19:05:00Z,496.1963,496.3456,496.0641,496.2134,443383,true
XBMK,2026-09-02T19:10:00Z,496.2134,496.5655,496.0795,496.4316,405790,true
XBMK,2026-09-02T19:15:00Z,496.4316,496.4892,496.2841,496.3418,372757,true
XBMK,2026-09-02T19:20:00Z,496.3418,496.4423,496.3346,496.4351,451860,true
XBMK,2026-09-02T19:25:00Z,496.4351,496.5893,496.2096,496.3638,476831,true
XBMK,2026-09-02T19:30:00Z,496.3638,496.6137,496.3245,496.5745,771263,true
XBMK,2026-09-02T19:35:00Z,496.5745,496.609,496.5419,496.5764,477689,true
XBMK,2026-09-02T19:40:00Z,496.5764,496.5966,496.4906,496.5108,381035,true
XBMK,2026-09-02T19:45:00Z,496.5108,496.881,496.2881,496.6582,733908,true
XBMK,2026-09-02T19:50:00Z,496.6582,496.8368,496.5148,496.6933,882757,true
XBMK,2026-09-02T19:55:00Z,496.6933,496.7255,496.4579,496.4901,679793,true
XBMK,2026-09-03T13:30:00Z,496.4901,496.515,496.4018,496.4267,943155,true
XBMK,2026-09-03T13:35:00Z,496.4267,496.8528,496.3038,496.7299,835952,true
XBMK,2026-09-03T13:40:00Z,496.7299,497.156,496.5657,496.9917,507783,true
XBMK,2026-09-03T13:45:00Z,496.9917,497.166,496.7229,496.8971,601533,true
XBMK,2026-09-03T13:50:00Z,496.8971,497.0889,496.2483,496.44,560825,true
XBMK,2026-09-03T13:55:00Z,496.44,496.5675,496.3097,496.4371,652250,true
XBMK,2026-09-03T14:00:00Z,496.4371,496.558,496.4088,496.5296,562892,true
XBMK,2026-09-03T14:05:00Z,496.5296,496.6777,496.0491,496.1971,732092,true
XBMK,2026-09-03T14:10:00Z,496.1971,496.2478,495.7638,495.8145,317643,true
XBMK,2026-09-03T14:15:00Z,495.8145,496.0751,495.8085,496.0691,454497,true
XBMK,2026-09-03T14:20:00Z,496.0691,496.338,495.2851,495.554,533511,true
XBMK,2026-09-03T14:25:00Z,495.554,495.6707,495.2015,495.3182,392860,true
XBMK,2026-09-03T14:30:00Z,495.3182,495.4758,494.8893,495.0469,533566,true
XBMK,2026-09-03T14:35:00Z,495.0469,495.0661,494.9338,494.953,605804,true
XBMK,2026-09-03T14:40:00Z,494.953,495.295,494.7848,495.1269,505304,true
XBMK,2026-09-03T14:45:00Z,495.1269,495.1771,495.0868,495.137,429908,true
XBMK,2026-09-03T14:50:00Z,495.137,495.4408,494.9683,495.2721,430578,true
XBMK,2026-09-03T14:55:00Z,495.2721,495.3095,495.2067,495.2441,398005,true
XBMK,2026-09-03T15:00:00Z,495.2441,495.3731,494.9431,495.0721,264370,true
XBMK,2026-09-03T15:05:00Z,495.0721,495.1022,494.7383,494.7683,485415,true
XBMK,2026-09-03T15:10:00Z,494.7683,494.8309,494.5488,494.6113,225203,true
XBMK,2026-09-03T15:15:00Z,494.6113,494.7702,494.5543,494.7132,499295,true
XBMK,2026-09-03T15:20:00Z,494.7132,494.9323,494.4137,494.6329,364800,true
XBMK,2026-09-03T15:25:00Z,494.6329,494.7589,494.4411,494.5671,421026,true
XBMK,2026-09-03T15:30:00Z,494.5671,494.7004,494.1616,494.2949,504933,true
XBMK,2026-09-03T15:35:00Z,494.2949,494.3273,494.1425,494.1749,411140,true
XBMK,2026-09-03T15:40:00Z,494.1749,494.2639,494.063,494.152,428154,true
XBMK,2026-09-03T15:45:00Z,494.152,494.5045,494.0831,494.4356,275552,true
XBMK,2026-09-03T15:50:00Z,494.4356,494.6387,494.3772,494.5802,331534,true
XBMK,2026-09-03T15:55:00Z,494.5802,494.9151,494.5283,494.8631,313167,true
XBMK,2026-09-03T16:00:00Z,494.8631,495.0379,494.704,494.8788,323699,true
XBMK,2026-09-03T16:05:00Z,494.8788,494.925,494.6514,494.6976,414831,true
XBMK,2026-09-03T16:10:00Z,494.6976,494.7935,494.2962,494.392,607514,true
XBMK,2026-09-03T16:15:00Z,494.392,494.4601,494.3758,494.4439,274801,true
XBMK,2026-09-03T16:20:00Z,494.4439,494.5744,494.3985,494.529,530549,true
XBMK,2026-09-03T16:25:00Z,494.529,494.6294,493.9336,494.034,281406,true
XBMK,2026-09-03T16:30:00Z,494.034,494.0593,493.9532,493.9785,257621,true
XBMK,2026-09-03T16:35:00Z,493.9785,494.0464,493.8165,493.8844,395685,true
XBMK,2026-09-03T16:40:00Z,493.8844,494.0373,493.75,493.9029,525634,true
XBMK,2026-09-03T16:45:00Z,493.9029,493.9761,493.8722,493.9454,358453,true
XBMK,2026-09-03T16:50:00Z,493.9454,494.1746,493.9339,494.163,290670,true
XBMK,2026-09-03T16:55:00Z,494.163,494.3206,493.9226,494.0803,350109,true
XBMK,2026-09-03T17:00:00Z,494.0803,494.2747,494.0397,494.2341,647956,true
XBMK,2026-09-03T17:05:00Z,494.2341,494.3157,494.0825,494.1641,386318,true
XBMK,2026-09-03T17:10:00Z,494.1641,494.2507,494.1173,494.2039,628968,true
XBMK,2026-09-03T17:15:00Z,494.2039,494.3681,493.8184,493.9825,294938,true
XBMK,2026-09-03T17:20:00Z,493.9825,494.0606,493.8486,493.9267,484686,true
XBMK,2026-09-03T17:25:00Z,493.9267,493.9383,493.6119,493.6234,470147,true
XBMK,2026-09-03T17:30:00Z,493.6234,493.6307,493.4471,493.4544,544447,true
XBMK,2026-09-03T17:35:00Z,493.4544,493.5659,493.1785,493.29,477411,true
XBMK,2026-09-03T17:40:00Z,493.29,493.3913,493.2824,493.3837,471379,true
XBMK,2026-09-03T17:45:00Z,493.3837,493.4258,493.2152,493.2573,453405,true
XBMK,2026-09-03T17:50:00Z,493.2573,493.2622,492.9243,492.9292,661352,true
XBMK,2026-09-03T17:55:00Z,492.9292,492.9634,492.7155,492.7497,666687,true
XBMK,2026-09-03T18:00:00Z,492.7497,492.8588,492.4357,492.5448,228228,true
XBMK,2026-09-03T18:05:00Z,492.5448,492.7085,491.871,492.0347,443865,true
XBMK,2026-09-03T18:10:00Z,492.0347,492.1832,491.9501,492.0987,352519,true
XBMK,2026-09-03T18:15:00Z,492.0987,492.2722,491.951,492.1245,411743,true
XBMK,2026-09-03T18:20:00Z,492.1245,492.2105,491.9242,492.0102,633751,true
XBMK,2026-09-03T18:25:00Z,492.0102,492.0173,491.9741,491.9811,366559,true
XBMK,2026-09-03T18:30:00Z,491.9811,492.1434,491.462,491.6244,393249,true
XBMK,2026-09-03T18:35:00Z,491.6244,491.9248,491.5235,491.824,455944,true
XBMK,2026-09-03T18:40:00Z,491.824,491.9535,491.7897,491.9192,503006,true
XBMK,2026-09-03T18:45:00Z,491.9192,491.9965,491.7434,491.8206,401522,true
XBMK,2026-09-03T18:50:00Z,491.8206,491.8416,491.5344,491.5553,465131,true
XBMK,2026-09-03T18:55:00Z,491.5553,491.6475,491.4459,491.5381,488260,true
XBMK,2026-09-03T19:00:00Z,491.5381,491.5443,491.0361,491.0424,430296,true
XBMK,2026-09-03T19:05:00Z,491.0424,491.052,490.6461,490.6558,554827,true
XBMK,2026-09-03T19:10:00Z,490.6558,490.7254,490.5037,490.5733,327572,true
XBMK,2026-09-03T19:15:00Z,490.5733,490.747,490.4477,490.6213,625097,true
XBMK,2026-09-03T19:20:00Z,490.6213,490.8021,490.5723,490.7531,550477,true
XBMK,2026-09-03T19:25:00Z,490.7531,490.9412,490.508,490.6961,756344,true
XBMK,2026-09-03T19:30:00Z,490.6961,490.8633,490.6098,490.777,426064,true
XBMK,2026-09-03T19:35:00Z,490.777,491.0495,490.7152,490.9876,465601,true
XBMK,2026-09-03T19:40:00Z,490.9876,491.0374,490.8445,490.8943,622520,true
XBMK,2026-09-03T19:45:00Z,490.8943,490.9617,490.7688,490.8362,561532,true
XBMK,2026-09-03T19:50:00Z,490.8362,490.8757,490.8044,490.8439,805866,true
XBMK,2026-09-03T19:55:00Z,490.8439,491.0058,490.2479,490.4098,809298,true
XBMK,2026-09-04T13:30:00Z,490.4098,490.6284,490.2931,490.5116,1074997,true
XBMK,2026-09-04T13:35:00Z,490.5116,490.7336,490.3709,490.5928,1069424,true
XBMK,2026-09-04T13:40:00Z,490.5928,490.79,490.5172,490.7145,583266,true
XBMK,2026-09-04T13:45:00Z,490.7145,490.7501,490.4795,490.5151,730930,true
XBMK,2026-09-04T13:50:00Z,490.5151,490.5922,490.443,490.5201,625893,true
XBMK,2026-09-04T13:55:00Z,490.5201,490.6074,490.3999,490.4872,734747,true
XBMK,2026-09-04T14:00:00Z,490.4872,490.6911,490.4056,490.6096,691927,true
XBMK,2026-09-04T14:05:00Z,490.6096,490.7176,490.3825,490.4905,738429,true
XBMK,2026-09-04T14:10:00Z,490.4905,490.503,490.4327,490.4452,447053,true
XBMK,2026-09-04T14:15:00Z,490.4452,490.4845,490.43,490.4693,450669,true
XBMK,2026-09-04T14:20:00Z,490.4693,490.6908,490.3888,490.6103,798924,true
XBMK,2026-09-04T14:25:00Z,490.6103,490.7215,490.2628,490.374,812966,true
XBMK,2026-09-04T14:30:00Z,490.374,490.4934,490.2251,490.3445,643764,true
XBMK,2026-09-04T14:35:00Z,490.3445,490.7332,490.1627,490.5513,601028,true
XBMK,2026-09-04T14:40:00Z,490.5513,490.6627,490.3432,490.4546,447727,true
XBMK,2026-09-04T14:45:00Z,490.4546,490.4717,490.2945,490.3116,468575,true
XBMK,2026-09-04T14:50:00Z,490.3116,490.4687,489.9459,490.1029,367829,true
XBMK,2026-09-04T14:55:00Z,490.1029,490.1299,489.8601,489.8871,574277,true
XBMK,2026-09-04T15:00:00Z,489.8871,489.9932,489.7531,489.8593,303648,true
XBMK,2026-09-04T15:05:00Z,489.8593,489.8791,489.763,489.7828,379473,true
XBMK,2026-09-04T15:10:00Z,489.7828,489.9625,489.7795,489.9593,321937,true
XBMK,2026-09-04T15:15:00Z,489.9593,490.157,489.5601,489.7578,261926,true
XBMK,2026-09-04T15:20:00Z,489.7578,489.96,489.7126,489.9148,382108,true
XBMK,2026-09-04T15:25:00Z,489.9148,489.992,489.4934,489.5706,551108,true
XBMK,2026-09-04T15:30:00Z,489.5706,489.7347,489.5289,489.693,352505,true
XBMK,2026-09-04T15:35:00Z,489.693,489.7499,489.4939,489.5507,413667,true
XBMK,2026-09-04T15:40:00Z,489.5507,489.594,489.3952,489.4385,346670,true
XBMK,2026-09-04T15:45:00Z,489.4385,489.5738,489.3665,489.5018,825823,true
XBMK,2026-09-04T15:50:00Z,489.5018,489.9022,489.4358,489.8361,357018,true
XBMK,2026-09-04T15:55:00Z,489.8361,489.9511,489.6085,489.7235,440843,true
XBMK,2026-09-04T16:00:00Z,489.7235,489.7879,489.6309,489.6952,495636,true
XBMK,2026-09-04T16:05:00Z,489.6952,489.7606,489.3374,489.4028,492203,true
XBMK,2026-09-04T16:10:00Z,489.4028,489.847,489.2988,489.743,703400,true
XBMK,2026-09-04T16:15:00Z,489.743,489.8503,489.7198,489.8271,492323,true
XBMK,2026-09-04T16:20:00Z,489.8271,489.9424,489.3779,489.4932,465144,true
XBMK,2026-09-04T16:25:00Z,489.4932,489.5058,489.3915,489.4041,431149,true
XBMK,2026-09-04T16:30:00Z,489.4041,489.6318,489.2556,489.4833,406960,true
XBMK,2026-09-04T16:35:00Z,489.4833,489.8027,489.3896,489.7089,481226,true
XBMK,2026-09-04T16:40:00Z,489.7089,489.8094,489.42,489.5205,282905,true
XBMK,2026-09-04T16:45:00Z,489.5205,489.6336,489.4732,489.5863,335766,true
XBMK,2026-09-04T16:50:00Z,489.5863,489.7301,489.0632,489.2071,266728,true
XBMK,2026-09-04T16:55:00Z,489.2071,489.3266,489.1853,489.3047,541626,true
XBMK,2026-09-04T17:00:00Z,489.3047,489.3069,488.9957,488.9979,328492,true
XBMK,2026-09-04T17:05:00Z,488.9979,489.1018,488.8805,488.9844,297725,true
XBMK,2026-09-04T17:10:00Z,488.9844,489.4368,488.8923,489.3447,398787,true
XBMK,2026-09-04T17:15:00Z,489.3447,489.3641,489.0841,489.1035,363813,true
XBMK,2026-09-04T17:20:00Z,489.1035,489.157,489.0704,489.1239,333592,true
XBMK,2026-09-04T17:25:00Z,489.1239,489.1859,488.7114,488.7735,358048,true
XBMK,2026-09-04T17:30:00Z,488.7735,488.8912,488.5702,488.6879,424048,true
XBMK,2026-09-04T17:35:00Z,488.6879,488.7863,488.6381,488.7364,346414,true
XBMK,2026-09-04T17:40:00Z,488.7364,488.8124,488.5955,488.6714,355638,true
XBMK,2026-09-04T17:45:00Z,488.6714,488.8851,488.6371,488.8508,300629,true
XBMK,2026-09-04T17:50:00Z,488.8508,488.9049,488.5169,488.571,519280,true
XBMK,2026-09-04T17:55:00Z,488.571,488.6955,488.5324,488.6569,685020,true
XBMK,2026-09-04T18:00:00Z,488.6569,488.6634,488.5825,488.5889,383245,true
XBMK,2026-09-04T18:05:00Z,488.5889,488.6773,488.5832,488.6716,519404,true
XBMK,2026-09-04T18:10:00Z,488.6716,488.8187,488.433,488.5801,333093,true
XBMK,2026-09-04T18:15:00Z,488.5801,488.8517,488.4034,488.6751,362922,true
XBMK,2026-09-04T18:20:00Z,488.6751,488.778,488.4826,488.5855,341630,true
XBMK,2026-09-04T18:25:00Z,488.5855,488.8985,488.4901,488.8031,341380,true
XBMK,2026-09-04T18:30:00Z,488.8031,488.8457,488.5425,488.5851,574472,true
XBMK,2026-09-04T18:35:00Z,488.5851,488.6462,488.1736,488.2346,351301,true
XBMK,2026-09-04T18:40:00Z,488.2346,488.5151,487.8959,488.1764,349481,true
XBMK,2026-09-04T18:45:00Z,488.1764,488.267,488.0137,488.1043,327721,true
XBMK,2026-09-04T18:50:00Z,488.1043,488.1595,487.9667,488.022,530965,true
XBMK,2026-09-04T18:55:00Z,488.022,488.215,487.5674,487.7604,267259,true
XBMK,2026-09-04T19:00:00Z,487.7604,487.8681,487.4316,487.5394,408093,true
XBMK,2026-09-04T19:05:00Z,487.5394,487.6443,487.4848,487.5898,258087,true
XBMK,2026-09-04T19:10:00Z,487.5898,487.6213,487.5861,487.6177,447438,true
XBMK,2026-09-04T19:15:00Z,487.6177,487.8654,487.4148,487.6625,525816,true
XBMK,2026-09-04T19:20:00Z,487.6625,487.7558,487.559,487.6523,482491,true
XBMK,2026-09-04T19:25:00Z,487.6523,487.7286,487.5187,487.595,547495,true
XBMK,2026-09-04T19:30:00Z,487.595,487.8692,487.4574,487.7316,685920,true
XBMK,2026-09-04T19:35:00Z,487.7316,487.7379,487.5728,487.579,413159,true
XBMK,2026-09-04T19:40:00Z,487.579,487.8616,487.4855,487.7681,714361,true
XBMK,2026-09-04T19:45:00Z,487.7681,488.0926,487.6635,487.988,386282,true
XBMK,2026-09-04T19:50:00Z,487.988,488.1155,487.8945,488.022,862861,true
XBMK,2026-09-04T19:55:00Z,488.022,488.1182,487.5378,487.634,834489,true
XBMK,2026-09-08T13:30:00Z,487.634,487.7211,487.5439,487.631,550193,true
XBMK,2026-09-08T13:35:00Z,487.631,487.6949,487.6204,487.6843,1027759,true
XBMK,2026-09-08T13:40:00Z,487.6843,487.7517,487.6732,487.7406,812960,true
XBMK,2026-09-08T13:45:00Z,487.7406,487.9038,487.1499,487.3131,931951,true
XBMK,2026-09-08T13:50:00Z,487.3131,487.3982,487.1478,487.2329,623125,true
XBMK,2026-09-08T13:55:00Z,487.2329,487.2819,486.7825,486.8315,523734,true
XBMK,2026-09-08T14:00:00Z,486.8315,486.9083,486.5332,486.6101,604892,true
XBMK,2026-09-08T14:05:00Z,486.6101,486.7008,486.4363,486.527,367518,true
XBMK,2026-09-08T14:10:00Z,486.527,486.5572,486.3097,486.3398,739566,true
XBMK,2026-09-08T14:15:00Z,486.3398,486.4237,486.2059,486.2898,697546,true
XBMK,2026-09-08T14:20:00Z,486.2898,486.3244,486.1545,486.1891,445980,true
XBMK,2026-09-08T14:25:00Z,486.1891,486.365,486.0391,486.215,506450,true
XBMK,2026-09-08T14:30:00Z,486.215,486.3145,485.8838,485.9832,650865,true
XBMK,2026-09-08T14:35:00Z,485.9832,486.0263,485.8836,485.9267,410459,true
XBMK,2026-09-08T14:40:00Z,485.9267,486.0483,485.6719,485.7935,570660,true
XBMK,2026-09-08T14:45:00Z,485.7935,485.8196,485.6361,485.6622,503625,true
XBMK,2026-09-08T14:50:00Z,485.6622,485.7178,485.5844,485.64,425137,true
XBMK,2026-09-08T14:55:00Z,485.64,486.1124,485.5188,485.9913,400066,true
XBMK,2026-09-08T15:00:00Z,485.9913,486.0221,485.8837,485.9146,453112,true
XBMK,2026-09-08T15:05:00Z,485.9146,485.9863,485.6408,485.7125,420564,true
XBMK,2026-09-08T15:10:00Z,485.7125,485.8088,485.602,485.6984,295421,true
XBMK,2026-09-08T15:15:00Z,485.6984,485.7501,485.5908,485.6425,308509,true
XBMK,2026-09-08T15:20:00Z,485.6425,485.7327,485.4139,485.5041,355515,true
XBMK,2026-09-08T15:25:00Z,485.5041,485.5595,485.2952,485.3506,409522,true
XBMK,2026-09-08T15:30:00Z,485.3506,485.3883,485.253,485.2906,294541,true
XBMK,2026-09-08T15:35:00Z,485.2906,485.3091,485.2502,485.2687,644516,true
XBMK,2026-09-08T15:40:00Z,485.2687,485.2881,484.853,484.8724,430273,true
XBMK,2026-09-08T15:45:00Z,484.8724,484.9803,484.7014,484.8093,300869,true
XBMK,2026-09-08T15:50:00Z,484.8093,484.8727,484.7263,484.7897,346689,true
XBMK,2026-09-08T15:55:00Z,484.7897,485.2406,484.764,485.2149,307619,true
XBMK,2026-09-08T16:00:00Z,485.2149,485.284,484.9707,485.0399,612690,true
XBMK,2026-09-08T16:05:00Z,485.0399,485.2424,484.6811,484.8836,653435,true
XBMK,2026-09-08T16:10:00Z,484.8836,485.0533,484.782,484.9517,315128,true
XBMK,2026-09-08T16:15:00Z,484.9517,484.9961,484.4624,484.5068,333899,true
XBMK,2026-09-08T16:20:00Z,484.5068,484.6406,484.0531,484.1869,449023,true
XBMK,2026-09-08T16:25:00Z,484.1869,484.2471,484.0952,484.1555,387214,true
XBMK,2026-09-08T16:30:00Z,484.1555,484.2168,484.1079,484.1692,419614,true
XBMK,2026-09-08T16:35:00Z,484.1692,484.2591,484.1672,484.257,478530,true
XBMK,2026-09-08T16:40:00Z,484.257,484.4381,484.0694,484.2505,274672,true
XBMK,2026-09-08T16:45:00Z,484.2505,484.4712,483.7104,483.9311,342406,true
XBMK,2026-09-08T16:50:00Z,483.9311,484.1924,483.8194,484.0808,493469,true
XBMK,2026-09-08T16:55:00Z,484.0808,484.2692,483.9595,484.148,548108,true
XBMK,2026-09-08T17:00:00Z,484.148,484.2433,483.7241,483.8194,254743,true
XBMK,2026-09-08T17:05:00Z,483.8194,483.8356,483.7683,483.7844,518349,true
XBMK,2026-09-08T17:10:00Z,483.7844,483.9254,483.7823,483.9232,370704,true
XBMK,2026-09-08T17:15:00Z,483.9232,484.0546,483.6519,483.7832,375681,true
XBMK,2026-09-08T17:20:00Z,483.7832,483.9787,483.6576,483.8531,439709,true
XBMK,2026-09-08T17:25:00Z,483.8531,483.8767,483.7739,483.7975,242894,true
XBMK,2026-09-08T17:30:00Z,483.7975,483.8921,483.6471,483.7416,415538,true
XBMK,2026-09-08T17:35:00Z,483.7416,483.8208,483.7048,483.784,294182,true
XBMK,2026-09-08T17:40:00Z,483.784,483.9231,483.5252,483.6643,269435,true
XBMK,2026-09-08T17:45:00Z,483.6643,483.9876,483.5567,483.88,575143,true
XBMK,2026-09-08T17:50:00Z,483.88,484.0292,483.8644,484.0137,388495,true
XBMK,2026-09-08T17:55:00Z,484.0137,484.1738,483.9413,484.1014,375216,true
XBMK,2026-09-08T18:00:00Z,484.1014,484.1473,483.844,483.8899,457501,true
XBMK,2026-09-08T18:05:00Z,483.8899,484.0818,483.7537,483.9456,595069,true
XBMK,2026-09-08T18:10:00Z,483.9456,484.0821,483.4579,483.5944,471290,true
XBMK,2026-09-08T18:15:00Z,483.5944,483.6054,483.5382,483.5492,459768,true
XBMK,2026-09-08T18:20:00Z,483.5492,483.553,483.497,483.5008,511063,true
XBMK,2026-09-08T18:25:00Z,483.5008,483.5779,483.4664,483.5435,638104,true
XBMK,2026-09-08T18:30:00Z,483.5435,484.0927,483.4509,484.0,525079,true
XBMK,2026-09-08T18:35:00Z,484.0,484.1929,483.7044,483.8973,444805,true
XBMK,2026-09-08T18:40:00Z,483.8973,484.1262,483.5639,483.7929,381095,true
XBMK,2026-09-08T18:45:00Z,483.7929,483.8162,483.7604,483.7837,474634,true
XBMK,2026-09-08T18:50:00Z,483.7837,483.8868,483.1216,483.2247,473147,true
XBMK,2026-09-08T18:55:00Z,483.2247,483.2316,483.1942,483.2011,392579,true
XBMK,2026-09-08T19:00:00Z,483.2011,483.2584,483.1604,483.2178,526511,true
XBMK,2026-09-08T19:05:00Z,483.2178,483.3793,483.1348,483.2963,415153,true
XBMK,2026-09-08T19:10:00Z,483.2963,483.4754,482.9728,483.1519,475542,true
XBMK,2026-09-08T19:15:00Z,483.1519,483.42,482.7395,483.0076,570927,true
XBMK,2026-09-08T19:20:00Z,483.0076,483.1565,482.9695,483.1184,765987,true
XBMK,2026-09-08T19:25:00Z,483.1184,483.1483,483.0488,483.0787,626721,true
XBMK,2026-09-08T19:30:00Z,483.0787,483.2685,483.0482,483.238,514733,true
XBMK,2026-09-08T19:35:00Z,483.238,483.4976,483.1395,483.3991,696147,true
XBMK,2026-09-08T19:40:00Z,483.3991,483.4736,483.2745,483.349,481533,true
XBMK,2026-09-08T19:45:00Z,483.349,483.3757,483.2324,483.259,947182,true
XBMK,2026-09-08T19:50:00Z,483.259,484.1542,482.9315,483.8266,951276,true
XBMK,2026-09-08T19:55:00Z,483.8266,483.8918,483.6864,483.7516,767501,true
XBMK,2026-09-09T13:30:00Z,483.7516,483.7759,483.4941,483.5183,1402790,true
XBMK,2026-09-09T13:35:00Z,483.5183,483.7267,483.1817,483.3901,868886,true
XBMK,2026-09-09T13:40:00Z,483.3901,483.9216,483.3893,483.9208,780720,true
XBMK,2026-09-09T13:45:00Z,483.9208,484.0238,483.5751,483.6781,925770,true
XBMK,2026-09-09T13:50:00Z,483.6781,483.8699,483.6153,483.807,586934,true
XBMK,2026-09-09T13:55:00Z,483.807,483.8485,483.4266,483.4681,689276,true
XBMK,2026-09-09T14:00:00Z,483.4681,483.4809,483.3778,483.3906,398431,true
XBMK,2026-09-09T14:05:00Z,483.3906,483.5097,483.2183,483.3374,820901,true
XBMK,2026-09-09T14:10:00Z,483.3374,483.3425,483.1084,483.1135,498924,true
XBMK,2026-09-09T14:15:00Z,483.1135,483.2144,482.9164,483.0173,461939,true
XBMK,2026-09-09T14:20:00Z,483.0173,483.1189,482.6701,482.7716,673536,true
XBMK,2026-09-09T14:25:00Z,482.7716,482.9221,482.6886,482.8391,540337,true
XBMK,2026-09-09T14:30:00Z,482.8391,482.8611,482.6283,482.6503,546915,true
XBMK,2026-09-09T14:35:00Z,482.6503,482.6965,482.51,482.5563,383340,true
XBMK,2026-09-09T14:40:00Z,482.5563,482.735,482.4836,482.6623,343990,true
XBMK,2026-09-09T14:45:00Z,482.6623,482.992,482.5617,482.8913,446755,true
XBMK,2026-09-09T14:50:00Z,482.8913,482.9883,482.7693,482.8663,583547,true
XBMK,2026-09-09T14:55:00Z,482.8663,482.9966,482.4807,482.611,365660,true
XBMK,2026-09-09T15:00:00Z,482.611,482.6472,482.5652,482.6014,510274,true
XBMK,2026-09-09T15:05:00Z,482.6014,483.0464,482.438,482.8831,317000,true
XBMK,2026-09-09T15:10:00Z,482.8831,483.1243,482.7358,482.977,491266,true
XBMK,2026-09-09T15:15:00Z,482.977,483.1439,482.7878,482.9547,589299,true
XBMK,2026-09-09T15:20:00Z,482.9547,483.0092,482.6994,482.7539,339347,true
XBMK,2026-09-09T15:25:00Z,482.7539,482.7675,482.632,482.6456,435866,true
XBMK,2026-09-09T15:30:00Z,482.6456,482.9097,482.5424,482.8065,575641,true
XBMK,2026-09-09T15:35:00Z,482.8065,482.8341,482.5976,482.6252,454847,true
XBMK,2026-09-09T15:40:00Z,482.6252,483.0942,482.3509,482.8199,441118,true
XBMK,2026-09-09T15:45:00Z,482.8199,482.9076,482.6499,482.7377,414982,true
XBMK,2026-09-09T15:50:00Z,482.7377,483.0508,482.5735,482.8866,431932,true
XBMK,2026-09-09T15:55:00Z,482.8866,482.9741,482.6478,482.7353,418752,true
XBMK,2026-09-09T16:00:00Z,482.7353,482.8347,482.6855,482.7848,366788,true
XBMK,2026-09-09T16:05:00Z,482.7848,482.9279,481.9917,482.1348,371352,true
XBMK,2026-09-09T16:10:00Z,482.1348,482.2348,481.9402,482.0403,345643,true
XBMK,2026-09-09T16:15:00Z,482.0403,482.2999,481.8285,482.0881,467233,true
XBMK,2026-09-09T16:20:00Z,482.0881,482.1435,481.7999,481.8554,577534,true
XBMK,2026-09-09T16:25:00Z,481.8554,481.9586,481.5533,481.6565,358117,true
XBMK,2026-09-09T16:30:00Z,481.6565,481.78,481.6084,481.7319,701023,true
XBMK,2026-09-09T16:35:00Z,481.7319,481.922,481.7184,481.9084,348423,true
XBMK,2026-09-09T16:40:00Z,481.9084,482.064,481.6151,481.7706,310885,true
XBMK,2026-09-09T16:45:00Z,481.7706,481.8114,481.441,481.4818,528002,true
XBMK,2026-09-09T16:50:00Z,481.4818,481.5023,481.2887,481.3092,354374,true
XBMK,2026-09-09T16:55:00Z,481.3092,481.4602,481.0143,481.1653,436301,true
XBMK,2026-09-09T17:00:00Z,481.1653,481.4241,481.1196,481.3784,371128,true
XBMK,2026-09-09T17:05:00Z,481.3784,481.9084,481.2126,481.7426,378207,true
XBMK,2026-09-09T17:10:00Z,481.7426,482.0073,481.647,481.9117,592214,true
XBMK,2026-09-09T17:15:00Z,481.9117,481.9938,481.5907,481.6728,492232,true
XBMK,2026-09-09T17:20:00Z,481.6728,481.7594,481.5142,481.6008,386354,true
XBMK,2026-09-09T17:25:00Z,481.6008,481.736,481.3492,481.4845,277508,true
XBMK,2026-09-09T17:30:00Z,481.4845,481.5157,481.4018,481.4329,290936,true
XBMK,2026-09-09T17:35:00Z,481.4329,481.463,481.2412,481.2713,369515,true
XBMK,2026-09-09T17:40:00Z,481.2713,481.4126,481.1685,481.3099,697737,true
XBMK,2026-09-09T17:45:00Z,481.3099,481.727,481.2289,481.646,522467,true
XBMK,2026-09-09T17:50:00Z,481.646,481.7637,481.4699,481.5877,496735,true
XBMK,2026-09-09T17:55:00Z,481.5877,481.793,481.5415,481.7469,511005,true
XBMK,2026-09-09T18:00:00Z,481.7469,481.8209,481.5179,481.5919,343445,true
XBMK,2026-09-09T18:05:00Z,481.5919,481.6722,481.5705,481.6509,609304,true
XBMK,2026-09-09T18:10:00Z,481.6509,481.7171,481.5897,481.656,470587,true
XBMK,2026-09-09T18:15:00Z,481.656,482.201,481.615,482.16,408985,true
XBMK,2026-09-09T18:20:00Z,482.16,482.2187,481.8476,481.9063,352571,true
XBMK,2026-09-09T18:25:00Z,481.9063,482.2386,481.8343,482.1666,300324,true
XBMK,2026-09-09T18:30:00Z,482.1666,482.1973,482.1621,482.1928,403581,true
XBMK,2026-09-09T18:35:00Z,482.1928,482.2214,482.166,482.1946,435866,true
XBMK,2026-09-09T18:40:00Z,482.1946,482.2357,482.1854,482.2265,343633,true
XBMK,2026-09-09T18:45:00Z,482.2265,482.3468,482.2229,482.3431,399973,true
XBMK,2026-09-09T18:50:00Z,482.3431,482.5781,482.2389,482.4738,447913,true
XBMK,2026-09-09T18:55:00Z,482.4738,482.4824,482.1829,482.1915,525224,true
XBMK,2026-09-09T19:00:00Z,482.1915,482.6193,482.0868,482.5146,416149,true
XBMK,2026-09-09T19:05:00Z,482.5146,482.5784,482.1727,482.2365,460724,true
XBMK,2026-09-09T19:10:00Z,482.2365,482.3421,482.203,482.3086,501056,true
XBMK,2026-09-09T19:15:00Z,482.3086,482.5848,481.9341,482.2102,317198,true
XBMK,2026-09-09T19:20:00Z,482.2102,482.4377,481.9008,482.1283,535084,true
XBMK,2026-09-09T19:25:00Z,482.1283,482.305,482.057,482.2336,541095,true
XBMK,2026-09-09T19:30:00Z,482.2336,482.3798,482.1264,482.2725,637548,true
XBMK,2026-09-09T19:35:00Z,482.2725,482.4308,481.7569,481.9151,628040,true
XBMK,2026-09-09T19:40:00Z,481.9151,482.1102,481.8253,482.0204,533091,true
XBMK,2026-09-09T19:45:00Z,482.0204,482.0404,481.6842,481.7042,682347,true
XBMK,2026-09-09T19:50:00Z,481.7042,482.1717,481.5044,481.9719,524318,true
XBMK,2026-09-09T19:55:00Z,481.9719,482.0617,481.7362,481.826,621920,true
XBMK,2026-09-10T13:30:00Z,481.826,482.1126,481.6573,481.9439,594566,true
XBMK,2026-09-10T13:35:00Z,481.9439,481.9695,481.6924,481.718,923068,true
XBMK,2026-09-10T13:40:00Z,481.718,482.0844,481.6615,482.0278,694331,true
XBMK,2026-09-10T13:45:00Z,482.0278,482.6037,481.9045,482.4804,536965,true
XBMK,2026-09-10T13:50:00Z,482.4804,482.5755,482.3477,482.4428,833013,true
XBMK,2026-09-10T13:55:00Z,482.4428,482.6904,482.2093,482.4568,586087,true
XBMK,2026-09-10T14:00:00Z,482.4568,482.5457,482.3871,482.476,577792,true
XBMK,2026-09-10T14:05:00Z,482.476,482.6174,482.2116,482.353,345416,true
XBMK,2026-09-10T14:10:00Z,482.353,482.4539,482.1842,482.2852,470626,true
XBMK,2026-09-10T14:15:00Z,482.2852,482.3847,482.0649,482.1644,504329,true
XBMK,2026-09-10T14:20:00Z,482.1644,482.2461,481.9429,482.0246,608520,true
XBMK,2026-09-10T14:25:00Z,482.0246,482.3609,481.9797,482.316,456486,true
XBMK,2026-09-10T14:30:00Z,482.316,482.3314,482.1847,482.2001,591905,true
XBMK,2026-09-10T14:35:00Z,482.2001,482.3437,482.1816,482.3252,447397,true
XBMK,2026-09-10T14:40:00Z,482.3252,482.4838,481.855,482.0136,534251,true
XBMK,2026-09-10T14:45:00Z,482.0136,482.0497,481.7292,481.7653,493587,true
XBMK,2026-09-10T14:50:00Z,481.7653,481.9836,481.6976,481.9159,457236,true
XBMK,2026-09-10T14:55:00Z,481.9159,482.03,481.5254,481.6394,420714,true
XBMK,2026-09-10T15:00:00Z,481.6394,481.6892,481.4083,481.4581,357553,true
XBMK,2026-09-10T15:05:00Z,481.4581,481.6378,481.4058,481.5855,514860,true
XBMK,2026-09-10T15:10:00Z,481.5855,481.9243,481.5759,481.9148,532931,true
XBMK,2026-09-10T15:15:00Z,481.9148,482.0861,481.6397,481.8111,459863,true
XBMK,2026-09-10T15:20:00Z,481.8111,482.027,481.7366,481.9525,376637,true
XBMK,2026-09-10T15:25:00Z,481.9525,481.9625,481.7489,481.7589,516432,true
XBMK,2026-09-10T15:30:00Z,481.7589,481.9114,481.717,481.8696,436105,true
XBMK,2026-09-10T15:35:00Z,481.8696,482.0076,481.7409,481.879,621326,true
XBMK,2026-09-10T15:40:00Z,481.879,482.1022,481.5968,481.82,517989,true
XBMK,2026-09-10T15:45:00Z,481.82,481.8426,481.7059,481.7285,364476,true
XBMK,2026-09-10T15:50:00Z,481.7285,481.7308,481.6072,481.6095,444416,true
XBMK,2026-09-10T15:55:00Z,481.6095,481.699,481.4376,481.5271,278548,true
XBMK,2026-09-10T16:00:00Z,481.5271,481.5537,481.4658,481.4924,397247,true
XBMK,2026-09-10T16:05:00Z,481.4924,481.5042,480.8108,480.8225,577604,true
XBMK,2026-09-10T16:10:00Z,480.8225,480.975,480.6048,480.7573,467027,true
XBMK,2026-09-10T16:15:00Z,480.7573,480.7902,480.6136,480.6464,343487,true
XBMK,2026-09-10T16:20:00Z,480.6464,480.9039,480.5639,480.8213,281105,true
XBMK,2026-09-10T16:25:00Z,480.8213,480.9527,480.5361,480.6675,271645,true
XBMK,2026-09-10T16:30:00Z,480.6675,480.7731,480.3419,480.4475,366857,true
XBMK,2026-09-10T16:35:00Z,480.4475,480.6769,480.4072,480.6366,400453,true
XBMK,2026-09-10T16:40:00Z,480.6366,480.8519,480.4033,480.6185,448357,true
XBMK,2026-09-10T16:45:00Z,480.6185,480.7097,480.508,480.5991,402889,true
XBMK,2026-09-10T16:50:00Z,480.5991,480.777,480.3408,480.5187,413822,true
XBMK,2026-09-10T16:55:00Z,480.5187,480.7218,480.4175,480.6206,489873,true
XBMK,2026-09-10T17:00:00Z,480.6206,480.7694,480.5064,480.6553,389146,true
XBMK,2026-09-10T17:05:00Z,480.6553,480.6995,480.4926,480.5368,298710,true
XBMK,2026-09-10T17:10:00Z,480.5368,480.5501,480.519,480.5323,671180,true
XBMK,2026-09-10T17:15:00Z,480.5323,480.7667,480.4662,480.7006,341803,true
XBMK,2026-09-10T17:20:00Z,480.7006,481.1351,480.6739,481.1083,524171,true
XBMK,2026-09-10T17:25:00Z,481.1083,481.5225,481.0373,481.4515,422684,true
XBMK,2026-09-10T17:30:00Z,481.4515,481.7293,481.4167,481.6945,423187,true
XBMK,2026-09-10T17:35:00Z,481.6945,481.778,481.5825,481.666,384461,true
XBMK,2026-09-10T17:40:00Z,481.666,481.7047,481.4387,481.4774,255927,true
XBMK,2026-09-10T17:45:00Z,481.4774,481.7615,481.3656,481.6496,335620,true
XBMK,2026-09-10T17:50:00Z,481.6496,482.0481,481.5729,481.9714,603360,true
XBMK,2026-09-10T17:55:00Z,481.9714,482.0798,481.9335,482.042,744707,true
XBMK,2026-09-10T18:00:00Z,482.042,482.1213,481.9323,482.0116,370722,true
XBMK,2026-09-10T18:05:00Z,482.0116,482.0853,481.8213,481.895,386515,true
XBMK,2026-09-10T18:10:00Z,481.895,482.0492,481.7787,481.9328,429330,true
XBMK,2026-09-10T18:15:00Z,481.9328,481.9895,481.6208,481.6775,387062,true
XBMK,2026-09-10T18:20:00Z,481.6775,481.7439,481.5045,481.5709,319758,true
XBMK,2026-09-10T18:25:00Z,481.5709,481.7917,481.0716,481.2924,511757,true
XBMK,2026-09-10T18:30:00Z,481.2924,481.6109,481.1198,481.4383,409982,true
XBMK,2026-09-10T18:35:00Z,481.4383,481.6111,481.416,481.5889,435699,true
XBMK,2026-09-10T18:40:00Z,481.5889,481.6947,481.5081,481.614,330753,true
XBMK,2026-09-10T18:45:00Z,481.614,482.1538,481.5731,482.113,387489,true
XBMK,2026-09-10T18:50:00Z,482.113,482.6105,481.9687,482.4663,301939,true
XBMK,2026-09-10T18:55:00Z,482.4663,482.4707,482.4407,482.4451,409566,true
XBMK,2026-09-10T19:00:00Z,482.4451,482.7836,482.3597,482.6983,339776,true
XBMK,2026-09-10T19:05:00Z,482.6983,482.7899,482.6123,482.7039,734849,true
XBMK,2026-09-10T19:10:00Z,482.7039,482.9632,482.6793,482.9386,357479,true
XBMK,2026-09-10T19:15:00Z,482.9386,483.0644,482.9162,483.042,570310,true
XBMK,2026-09-10T19:20:00Z,483.042,483.4256,482.8971,483.2807,309390,true
XBMK,2026-09-10T19:25:00Z,483.2807,483.8967,483.1312,483.7473,420885,true
XBMK,2026-09-10T19:30:00Z,483.7473,483.9204,483.7273,483.9005,675345,true
XBMK,2026-09-10T19:35:00Z,483.9005,483.9385,483.7204,483.7584,487763,true
XBMK,2026-09-10T19:40:00Z,483.7584,483.99,483.6577,483.8893,612212,true
XBMK,2026-09-10T19:45:00Z,483.8893,483.9001,483.6965,483.7073,461729,true
XBMK,2026-09-10T19:50:00Z,483.7073,483.9551,483.4572,483.7051,870562,true
XBMK,2026-09-10T19:55:00Z,483.7051,483.8741,483.4076,483.5766,557487,true
XBMK,2026-09-11T13:30:00Z,483.5766,483.6024,483.3806,483.4064,770390,true
XBMK,2026-09-11T13:35:00Z,483.4064,483.485,483.3421,483.4207,1175736,true
XBMK,2026-09-11T13:40:00Z,483.4207,483.5594,483.312,483.4507,954569,true
XBMK,2026-09-11T13:45:00Z,483.4507,483.5365,483.3197,483.4055,1205064,true
XBMK,2026-09-11T13:50:00Z,483.4055,483.4244,483.3285,483.3475,590166,true
XBMK,2026-09-11T13:55:00Z,483.3475,483.3698,483.3286,483.3509,787951,true
XBMK,2026-09-11T14:00:00Z,483.3509,483.43,483.3371,483.4161,626954,true
XBMK,2026-09-11T14:05:00Z,483.4161,483.6414,483.3968,483.6222,675667,true
XBMK,2026-09-11T14:10:00Z,483.6222,483.7201,483.2032,483.3011,535919,true
XBMK,2026-09-11T14:15:00Z,483.3011,483.4401,483.2637,483.4027,508595,true
XBMK,2026-09-11T14:20:00Z,483.4027,483.419,483.3306,483.3469,427455,true
XBMK,2026-09-11T14:25:00Z,483.3469,483.3939,483.135,483.1821,443278,true
XBMK,2026-09-11T14:30:00Z,483.1821,483.3299,483.0696,483.2174,535761,true
XBMK,2026-09-11T14:35:00Z,483.2174,483.3129,482.8777,482.9732,485229,true
XBMK,2026-09-11T14:40:00Z,482.9732,483.1907,482.9376,483.1551,428811,true
XBMK,2026-09-11T14:45:00Z,483.1551,483.3153,482.6084,482.7686,408050,true
XBMK,2026-09-11T14:50:00Z,482.7686,483.2124,482.5727,483.0165,443657,true
XBMK,2026-09-11T14:55:00Z,483.0165,483.0201,482.8389,482.8425,536372,true
XBMK,2026-09-11T15:00:00Z,482.8425,483.0446,482.659,482.8611,568488,true
XBMK,2026-09-11T15:05:00Z,482.8611,482.972,482.7585,482.8695,491837,true
XBMK,2026-09-11T15:10:00Z,482.8695,482.8747,482.7435,482.7487,534311,true
XBMK,2026-09-11T15:15:00Z,482.7487,482.8804,482.7361,482.8679,308239,true
XBMK,2026-09-11T15:20:00Z,482.8679,483.0687,482.5039,482.7048,539557,true
XBMK,2026-09-11T15:25:00Z,482.7048,482.8931,482.4716,482.66,489791,true
XBMK,2026-09-11T15:30:00Z,482.66,482.7147,482.5366,482.5913,516145,true
XBMK,2026-09-11T15:35:00Z,482.5913,482.6911,482.5685,482.6683,419523,true
XBMK,2026-09-11T15:40:00Z,482.6683,482.9595,482.6433,482.9344,586551,true
XBMK,2026-09-11T15:45:00Z,482.9344,483.2185,482.8983,483.1824,540619,true
XBMK,2026-09-11T15:50:00Z,483.1824,483.352,483.1444,483.314,286900,true
XBMK,2026-09-11T15:55:00Z,483.314,483.3778,483.2189,483.2826,429178,true
XBMK,2026-09-11T16:00:00Z,483.2826,483.4248,483.1854,483.3276,481502,true
XBMK,2026-09-11T16:05:00Z,483.3276,483.5128,482.9675,483.1528,439158,true
XBMK,2026-09-11T16:10:00Z,483.1528,483.2452,483.0025,483.0949,483036,true
XBMK,2026-09-11T16:15:00Z,483.0949,483.1319,483.0354,483.0723,473914,true
XBMK,2026-09-11T16:20:00Z,483.0723,483.3443,483.0302,483.3022,382655,true
XBMK,2026-09-11T16:25:00Z,483.3022,483.5563,483.2415,483.4956,417580,true
XBMK,2026-09-11T16:30:00Z,483.4956,483.7524,483.4063,483.6632,407312,true
XBMK,2026-09-11T16:35:00Z,483.6632,483.7643,483.555,483.6562,255259,true
XBMK,2026-09-11T16:40:00Z,483.6562,483.8456,483.5997,483.789,552783,true
XBMK,2026-09-11T16:45:00Z,483.789,483.8557,483.6987,483.7655,362279,true
XBMK,2026-09-11T16:50:00Z,483.7655,483.8994,483.3282,483.4622,531117,true
XBMK,2026-09-11T16:55:00Z,483.4622,483.4801,483.2861,483.3041,323297,true
XBMK,2026-09-11T17:00:00Z,483.3041,483.4161,482.9435,483.0555,403324,true
XBMK,2026-09-11T17:05:00Z,483.0555,483.1537,482.8185,482.9167,284521,true
XBMK,2026-09-11T17:10:00Z,482.9167,482.94,482.8601,482.8834,381470,true
XBMK,2026-09-11T17:15:00Z,482.8834,482.9358,482.8072,482.8596,391401,true
XBMK,2026-09-11T17:20:00Z,482.8596,482.9656,482.5816,482.6876,555159,true
XBMK,2026-09-11T17:25:00Z,482.6876,482.8473,482.6526,482.8123,525089,true
XBMK,2026-09-11T17:30:00Z,482.8123,482.8424,482.8104,482.8405,595016,true
XBMK,2026-09-11T17:35:00Z,482.8405,482.9544,482.5845,482.6984,739571,true
XBMK,2026-09-11T17:40:00Z,482.6984,482.8531,482.679,482.8337,451591,true
XBMK,2026-09-11T17:45:00Z,482.8337,482.966,482.3306,482.4629,475500,true
XBMK,2026-09-11T17:50:00Z,482.4629,482.7342,482.3552,482.6265,499697,true
XBMK,2026-09-11T17:55:00Z,482.6265,482.6799,482.5125,482.5658,372187,true
XBMK,2026-09-11T18:00:00Z,482.5658,482.8969,482.4341,482.7652,407455,true
XBMK,2026-09-11T18:05:00Z,482.7652,482.8127,482.6006,482.6481,275517,true
XBMK,2026-09-11T18:10:00Z,482.6481,483.0843,482.6073,483.0436,319939,true
XBMK,2026-09-11T18:15:00Z,483.0436,483.3461,482.9596,483.2621,649918,true
XBMK,2026-09-11T18:20:00Z,483.2621,483.3337,483.2562,483.3277,427067,true
XBMK,2026-09-11T18:25:00Z,483.3277,483.4218,483.2607,483.3547,282172,true
XBMK,2026-09-11T18:30:00Z,483.3547,483.5725,483.2847,483.5024,364841,true
XBMK,2026-09-11T18:35:00Z,483.5024,483.5405,483.216,483.2541,427808,true
XBMK,2026-09-11T18:40:00Z,483.2541,483.3185,483.076,483.1404,334398,true
XBMK,2026-09-11T18:45:00Z,483.1404,483.3568,483.0855,483.3019,403109,true
XBMK,2026-09-11T18:50:00Z,483.3019,483.3439,483.1421,483.1841,273112,true
XBMK,2026-09-11T18:55:00Z,483.1841,483.4202,483.0892,483.3253,504446,true
XBMK,2026-09-11T19:00:00Z,483.3253,483.4227,483.2788,483.3762,454247,true
XBMK,2026-09-11T19:05:00Z,483.3762,483.4666,483.1357,483.2261,503350,true
XBMK,2026-09-11T19:10:00Z,483.2261,483.3893,483.1574,483.3206,451440,true
XBMK,2026-09-11T19:15:00Z,483.3206,483.3706,482.7753,482.8253,624363,true
XBMK,2026-09-11T19:20:00Z,482.8253,482.8347,482.715,482.7244,472604,true
XBMK,2026-09-11T19:25:00Z,482.7244,482.9018,482.5526,482.73,603898,true
XBMK,2026-09-11T19:30:00Z,482.73,483.1542,482.67,483.0942,765115,true
XBMK,2026-09-11T19:35:00Z,483.0942,483.1818,482.8821,482.9697,713930,true
XBMK,2026-09-11T19:40:00Z,482.9697,483.3669,482.7928,483.1899,977302,true
XBMK,2026-09-11T19:45:00Z,483.1899,483.3715,483.1102,483.2917,1354258,true
XBMK,2026-09-11T19:50:00Z,483.2917,483.3926,483.2718,483.3727,875034,true
XBMK,2026-09-11T19:55:00Z,483.3727,483.4781,483.2654,483.3708,1621399,true
XBMK,2026-09-14T13:30:00Z,483.3708,483.5456,483.3356,483.5104,817890,true
XBMK,2026-09-14T13:35:00Z,483.5104,483.6034,483.5002,483.5932,1207643,true
XBMK,2026-09-14T13:40:00Z,483.5932,483.6517,483.5814,483.64,679574,true
XBMK,2026-09-14T13:45:00Z,483.64,483.6948,483.5915,483.6463,574628,true
XBMK,2026-09-14T13:50:00Z,483.6463,483.9831,483.4971,483.8339,852030,true
XBMK,2026-09-14T13:55:00Z,483.8339,484.0655,483.6815,483.913,521486,true
XBMK,2026-09-14T14:00:00Z,483.913,484.0993,483.9047,484.091,605491,true
XBMK,2026-09-14T14:05:00Z,484.091,484.1214,483.8636,483.894,570970,true
XBMK,2026-09-14T14:10:00Z,483.894,483.9325,483.5691,483.6076,629210,true
XBMK,2026-09-14T14:15:00Z,483.6076,483.6722,483.4362,483.5008,525495,true
XBMK,2026-09-14T14:20:00Z,483.5008,483.5542,483.3484,483.4018,506698,true
XBMK,2026-09-14T14:25:00Z,483.4018,483.4385,483.2852,483.3219,722383,true
XBMK,2026-09-14T14:30:00Z,483.3219,483.5078,483.0355,483.2214,415496,true
XBMK,2026-09-14T14:35:00Z,483.2214,483.5819,483.1944,483.5548,428462,true
XBMK,2026-09-14T14:40:00Z,483.5548,483.8146,483.3858,483.6455,340202,true
XBMK,2026-09-14T14:45:00Z,483.6455,483.7115,483.5744,483.6403,457548,true
XBMK,2026-09-14T14:50:00Z,483.6403,483.7829,483.6327,483.7753,616589,true
XBMK,2026-09-14T14:55:00Z,483.7753,483.9481,483.5456,483.7184,382199,true
XBMK,2026-09-14T15:00:00Z,483.7184,483.8194,483.6043,483.7053,460271,true
XBMK,2026-09-14T15:05:00Z,483.7053,483.9553,483.6816,483.9316,492524,true
XBMK,2026-09-14T15:10:00Z,483.9316,483.9831,483.7791,483.8306,214435,true
XBMK,2026-09-14T15:15:00Z,483.8306,483.8749,483.6483,483.6926,372207,true
XBMK,2026-09-14T15:20:00Z,483.6926,483.7528,483.5888,483.649,315461,true
XBMK,2026-09-14T15:25:00Z,483.649,483.6903,483.6038,483.6452,322800,true
XBMK,2026-09-14T15:30:00Z,483.6452,483.7564,483.4058,483.517,349784,true
XBMK,2026-09-14T15:35:00Z,483.517,483.5912,483.4065,483.4807,297102,true
XBMK,2026-09-14T15:40:00Z,483.4807,483.6934,482.9138,483.1265,387396,true
XBMK,2026-09-14T15:45:00Z,483.1265,483.1404,482.9934,483.0073,520804,true
XBMK,2026-09-14T15:50:00Z,483.0073,483.0725,482.9008,482.966,430657,true
XBMK,2026-09-14T15:55:00Z,482.966,482.9927,482.8755,482.9022,402887,true
XBMK,2026-09-14T16:00:00Z,482.9022,483.1703,482.777,483.045,338401,true
XBMK,2026-09-14T16:05:00Z,483.045,483.0534,482.8583,482.8667,528220,true
XBMK,2026-09-14T16:10:00Z,482.8667,482.9984,482.5659,482.6976,354079,true
XBMK,2026-09-14T16:15:00Z,482.6976,482.7687,482.3818,482.4528,702028,true
XBMK,2026-09-14T16:20:00Z,482.4528,482.5244,482.3093,482.381,528283,true
XBMK,2026-09-14T16:25:00Z,482.381,482.5822,482.1648,482.3661,505554,true
XBMK,2026-09-14T16:30:00Z,482.3661,482.5429,482.0756,482.2524,448145,true
XBMK,2026-09-14T16:35:00Z,482.2524,482.2637,482.02,482.0313,536677,true
XBMK,2026-09-14T16:40:00Z,482.0313,482.0444,481.7177,481.7308,425384,true
XBMK,2026-09-14T16:45:00Z,481.7308,481.856,481.3801,481.5052,331334,true
XBMK,2026-09-14T16:50:00Z,481.5052,481.6102,481.4618,481.5668,394882,true
XBMK,2026-09-14T16:55:00Z,481.5668,481.8316,481.4244,481.6892,405204,true
XBMK,2026-09-14T17:00:00Z,481.6892,481.9497,481.4771,481.7377,401367,true
XBMK,2026-09-14T17:05:00Z,481.7377,481.898,481.5291,481.6894,311955,true
XBMK,2026-09-14T17:10:00Z,481.6894,481.7524,481.3596,481.4227,362939,true
XBMK,2026-09-14T17:15:00Z,481.4227,481.7462,481.3359,481.6594,440960,true
XBMK,2026-09-14T17:20:00Z,481.6594,481.7863,481.4414,481.5683,328058,true
XBMK,2026-09-14T17:25:00Z,481.5683,481.7951,481.5593,481.7861,428641,true
XBMK,2026-09-14T17:30:00Z,481.7861,481.8277,481.7087,481.7503,305211,true
XBMK,2026-09-14T17:35:00Z,481.7503,481.8088,481.683,481.7415,447146,true
XBMK,2026-09-14T17:40:00Z,481.7415,481.7528,481.6197,481.6309,367074,true
XBMK,2026-09-14T17:45:00Z,481.6309,481.9327,481.6039,481.9057,589233,true
XBMK,2026-09-14T17:50:00Z,481.9057,481.9343,481.7177,481.7463,433536,true
XBMK,2026-09-14T17:55:00Z,481.7463,481.9932,481.5438,481.7906,323600,true
XBMK,2026-09-14T18:00:00Z,481.7906,482.1185,481.742,482.0699,482786,true
XBMK,2026-09-14T18:05:00Z,482.0699,482.1173,481.8777,481.9251,729987,true
XBMK,2026-09-14T18:10:00Z,481.9251,482.2263,481.9114,482.2125,661748,true
XBMK,2026-09-14T18:15:00Z,482.2125,482.4627,482.1026,482.3528,507872,true
XBMK,2026-09-14T18:20:00Z,482.3528,482.3627,482.249,482.259,761071,true
XBMK,2026-09-14T18:25:00Z,482.259,482.3228,481.9906,482.0544,429808,true
XBMK,2026-09-14T18:30:00Z,482.0544,482.1181,482.0009,482.0646,299593,true
XBMK,2026-09-14T18:35:00Z,482.0646,482.0912,482.0498,482.0764,414794,true
XBMK,2026-09-14T18:40:00Z,482.0764,482.2452,482.0222,482.191,499861,true
XBMK,2026-09-14T18:45:00Z,482.191,482.2359,482.1404,482.1854,640710,true
XBMK,2026-09-14T18:50:00Z,482.1854,482.341,482.0236,482.1793,519748,true
XBMK,2026-09-14T18:55:00Z,482.1793,482.4616,481.9755,482.2578,554868,true
XBMK,2026-09-14T19:00:00Z,482.2578,482.3505,482.2111,482.3038,493531,true
XBMK,2026-09-14T19:05:00Z,482.3038,482.5127,482.2341,482.443,521994,true
XBMK,2026-09-14T19:10:00Z,482.443,482.7247,482.3681,482.6498,609821,true
XBMK,2026-09-14T19:15:00Z,482.6498,482.9985,482.5515,482.9002,412763,true
XBMK,2026-09-14T19:20:00Z,482.9002,483.0457,482.8653,483.0107,483606,true
XBMK,2026-09-14T19:25:00Z,483.0107,483.1292,482.9802,483.0987,601951,true
XBMK,2026-09-14T19:30:00Z,483.0987,483.1193,483.0569,483.0776,489257,true
XBMK,2026-09-14T19:35:00Z,483.0776,483.1003,483.0461,483.0688,691145,true
XBMK,2026-09-14T19:40:00Z,483.0688,483.1901,482.9821,483.1035,522703,true
XBMK,2026-09-14T19:45:00Z,483.1035,483.1488,482.7677,482.813,1139549,true
XBMK,2026-09-14T19:50:00Z,482.813,482.9072,482.6469,482.7412,535826,true
XBMK,2026-09-14T19:55:00Z,482.7412,482.9974,482.6393,482.8956,948882,true
XBMK,2026-09-15T13:30:00Z,482.8956,483.0603,482.81,482.9748,732540,true
XBMK,2026-09-15T13:35:00Z,482.9748,483.0152,482.9054,482.9458,817859,true
XBMK,2026-09-15T13:40:00Z,482.9458,483.0459,482.9182,483.0184,774287,true
XBMK,2026-09-15T13:45:00Z,483.0184,483.1772,482.9805,483.1394,353332,true
XBMK,2026-09-15T13:50:00Z,483.1394,483.2576,483.1101,483.2284,915919,true
XBMK,2026-09-15T13:55:00Z,483.2284,483.4126,483.2003,483.3845,634478,true
XBMK,2026-09-15T14:00:00Z,483.3845,483.5477,483.3042,483.4673,678285,true
XBMK,2026-09-15T14:05:00Z,483.4673,483.738,483.4027,483.6734,527374,true
XBMK,2026-09-15T14:10:00Z,483.6734,483.7469,483.4004,483.4739,381017,true
XBMK,2026-09-15T14:15:00Z,483.4739,483.544,483.4598,483.5299,673755,true
XBMK,2026-09-15T14:20:00Z,483.5299,483.5995,483.2911,483.3608,487720,true
XBMK,2026-09-15T14:25:00Z,483.3608,483.5789,483.0339,483.2521,630487,true
XBMK,2026-09-15T14:30:00Z,483.2521,483.329,483.079,483.1559,517564,true
XBMK,2026-09-15T14:35:00Z,483.1559,483.3483,483.1239,483.3163,431208,true
XBMK,2026-09-15T14:40:00Z,483.3163,483.3212,483.0036,483.0085,426979,true
XBMK,2026-09-15T14:45:00Z,483.0085,483.0699,482.9342,482.9956,600539,true
XBMK,2026-09-15T14:50:00Z,482.9956,483.1991,482.8298,483.0333,487477,true
XBMK,2026-09-15T14:55:00Z,483.0333,483.0862,482.8419,482.8948,321122,true
XBMK,2026-09-15T15:00:00Z,482.8948,482.9354,482.6241,482.6647,415939,true
XBMK,2026-09-15T15:05:00Z,482.6647,482.742,482.5135,482.5909,387717,true
XBMK,2026-09-15T15:10:00Z,482.5909,482.6511,482.4098,482.47,522883,true
XBMK,2026-09-15T15:15:00Z,482.47,482.5213,482.3205,482.3717,444475,true
XBMK,2026-09-15T15:20:00Z,482.3717,482.4769,482.012,482.1172,582616,true
XBMK,2026-09-15T15:25:00Z,482.1172,482.4199,482.025,482.3276,258665,true
XBMK,2026-09-15T15:30:00Z,482.3276,482.5786,482.1381,482.389,505656,true
XBMK,2026-09-15T15:35:00Z,482.389,482.7024,482.2553,482.5687,496696,true
XBMK,2026-09-15T15:40:00Z,482.5687,483.1673,482.4146,483.0133,381179,true
XBMK,2026-09-15T15:45:00Z,483.0133,483.4587,482.9146,483.36,294329,true
XBMK,2026-09-15T15:50:00Z,483.36,483.6325,482.9438,483.2163,294454,true
XBMK,2026-09-15T15:55:00Z,483.2163,483.2622,483.1665,483.2124,348163,true
XBMK,2026-09-15T16:00:00Z,483.2124,483.3097,483.1635,483.2608,501370,true
XBMK,2026-09-15T16:05:00Z,483.2608,483.3715,483.1587,483.2694,451920,true
XBMK,2026-09-15T16:10:00Z,483.2694,483.3364,482.8754,482.9424,462620,true
XBMK,2026-09-15T16:15:00Z,482.9424,482.9425,482.9198,482.9199,679223,true
XBMK,2026-09-15T16:20:00Z,482.9199,483.1026,482.6539,482.8365,221593,true
XBMK,2026-09-15T16:25:00Z,482.8365,482.9573,482.5156,482.6363,464656,true
XBMK,2026-09-15T16:30:00Z,482.6363,482.7464,482.563,482.673,428417,true
XBMK,2026-09-15T16:35:00Z,482.673,482.674,482.5447,482.5458,218920,true
XBMK,2026-09-15T16:40:00Z,482.5458,482.7047,482.4144,482.5734,295005,true
XBMK,2026-09-15T16:45:00Z,482.5734,482.679,482.5018,482.6074,361038,true
XBMK,2026-09-15T16:50:00Z,482.6074,482.9003,482.5445,482.8373,360865,true
XBMK,2026-09-15T16:55:00Z,482.8373,482.9619,482.6976,482.8221,250769,true
XBMK,2026-09-15T17:00:00Z,482.8221,482.9148,482.7534,482.8461,364895,true
XBMK,2026-09-15T17:05:00Z,482.8461,483.0645,482.7299,482.9483,592402,true
XBMK,2026-09-15T17:10:00Z,482.9483,483.0747,482.7017,482.8282,417264,true
XBMK,2026-09-15T17:15:00Z,482.8282,483.0383,482.7864,482.9965,323640,true
XBMK,2026-09-15T17:20:00Z,482.9965,483.0211,482.948,482.9726,538906,true
XBMK,2026-09-15T17:25:00Z,482.9726,482.9744,482.892,482.8938,528991,true
XBMK,2026-09-15T17:30:00Z,482.8938,482.9405,482.8261,482.8728,324478,true
XBMK,2026-09-15T17:35:00Z,482.8728,483.1693,482.6457,482.9422,404142,true
XBMK,2026-09-15T17:40:00Z,482.9422,483.279,482.9077,483.2445,259917,true
XBMK,2026-09-15T17:45:00Z,483.2445,483.3251,482.9064,482.987,334625,true
XBMK,2026-09-15T17:50:00Z,482.987,483.0045,482.4982,482.5156,405428,true
XBMK,2026-09-15T17:55:00Z,482.5156,482.529,482.3006,482.314,553351,true
XBMK,2026-09-15T18:00:00Z,482.314,482.5196,482.256,482.4616,521649,true
XBMK,2026-09-15T18:05:00Z,482.4616,482.4779,482.245,482.2613,388488,true
XBMK,2026-09-15T18:10:00Z,482.2613,482.3583,482.2367,482.3337,271472,true
XBMK,2026-09-15T18:15:00Z,482.3337,482.4735,482.2949,482.4347,349855,true
XBMK,2026-09-15T18:20:00Z,482.4347,482.7164,482.4009,482.6827,451379,true
XBMK,2026-09-15T18:25:00Z,482.6827,482.6936,482.5238,482.5347,671162,true
XBMK,2026-09-15T18:30:00Z,482.5347,482.8576,482.4887,482.8115,338993,true
XBMK,2026-09-15T18:35:00Z,482.8115,482.964,482.5383,482.6907,352954,true
XBMK,2026-09-15T18:40:00Z,482.6907,482.7276,482.4279,482.4647,482218,true
XBMK,2026-09-15T18:45:00Z,482.4647,483.0071,482.1632,482.7056,426695,true
XBMK,2026-09-15T18:50:00Z,482.7056,483.009,482.6129,482.9163,522630,true
XBMK,2026-09-15T18:55:00Z,482.9163,482.9759,482.7925,482.8521,406765,true
XBMK,2026-09-15T19:00:00Z,482.8521,482.9058,482.7943,482.848,441970,true
XBMK,2026-09-15T19:05:00Z,482.848,482.9441,482.6228,482.7188,600853,true
XBMK,2026-09-15T19:10:00Z,482.7188,482.8207,482.6481,482.75,362740,true
XBMK,2026-09-15T19:15:00Z,482.75,482.7823,482.7034,482.7357,381106,true
XBMK,2026-09-15T19:20:00Z,482.7357,482.7531,482.6611,482.6786,445919,true
XBMK,2026-09-15T19:25:00Z,482.6786,482.7004,482.6151,482.6369,525785,true
XBMK,2026-09-15T19:30:00Z,482.6369,482.7623,482.554,482.6794,529883,true
XBMK,2026-09-15T19:35:00Z,482.6794,483.1468,482.5137,482.9811,869584,true
XBMK,2026-09-15T19:40:00Z,482.9811,483.221,482.956,483.1959,861884,true
XBMK,2026-09-15T19:45:00Z,483.1959,483.2866,482.6567,482.7474,811107,true
XBMK,2026-09-15T19:50:00Z,482.7474,483.0311,482.6829,482.9665,600351,true
XBMK,2026-09-15T19:55:00Z,482.9665,483.0197,482.9574,483.0106,1053315,true
XBMK,2026-09-16T13:30:00Z,483.0106,483.1428,482.8246,482.9569,726527,true
XBMK,2026-09-16T13:35:00Z,482.9569,483.2231,482.848,483.1142,1068841,true
XBMK,2026-09-16T13:40:00Z,483.1142,483.2122,482.9596,483.0576,613270,true
XBMK,2026-09-16T13:45:00Z,483.0576,483.2034,482.5504,482.6962,957817,true
XBMK,2026-09-16T13:50:00Z,482.6962,483.1482,482.5468,482.9989,1083955,true
XBMK,2026-09-16T13:55:00Z,482.9989,483.2429,482.8702,483.1142,531697,true
XBMK,2026-09-16T14:00:00Z,483.1142,483.1516,483.0393,483.0767,409830,true
XBMK,2026-09-16T14:05:00Z,483.0767,483.21,482.8204,482.9538,573276,true
XBMK,2026-09-16T14:10:00Z,482.9538,482.9764,482.9188,482.9415,561973,true
XBMK,2026-09-16T14:15:00Z,482.9415,483.0503,482.49,482.5988,391768,true
XBMK,2026-09-16T14:20:00Z,482.5988,482.9063,482.4193,482.7268,673535,true
XBMK,2026-09-16T14:25:00Z,482.7268,482.7532,482.6525,482.679,568694,true
XBMK,2026-09-16T14:30:00Z,482.679,482.7546,482.4202,482.4959,358604,true
XBMK,2026-09-16T14:35:00Z,482.4959,482.927,482.4415,482.8725,761285,true
XBMK,2026-09-16T14:40:00Z,482.8725,483.0524,482.5597,482.7396,393438,true
XBMK,2026-09-16T14:45:00Z,482.7396,482.8994,482.4621,482.6219,285880,true
XBMK,2026-09-16T14:50:00Z,482.6219,483.0535,482.4897,482.9212,260301,true
XBMK,2026-09-16T14:55:00Z,482.9212,483.1029,482.4867,482.6684,709691,true
XBMK,2026-09-16T15:00:00Z,482.6684,482.8701,482.6674,482.8691,334248,true
XBMK,2026-09-16T15:05:00Z,482.8691,483.111,482.6778,482.9197,768605,true
XBMK,2026-09-16T15:10:00Z,482.9197,483.0077,482.7577,482.8458,452808,true
XBMK,2026-09-16T15:15:00Z,482.8458,483.5595,482.6486,483.3622,395850,true
XBMK,2026-09-16T15:20:00Z,483.3622,483.4619,483.0208,483.1205,860249,true
XBMK,2026-09-16T15:25:00Z,483.1205,483.1601,483.0108,483.0504,521080,true
XBMK,2026-09-16T15:30:00Z,483.0504,483.1563,482.8739,482.9798,509201,true
XBMK,2026-09-16T15:35:00Z,482.9798,483.2104,482.9271,483.1577,319029,true
XBMK,2026-09-16T15:40:00Z,483.1577,483.4204,483.0593,483.322,587856,true
XBMK,2026-09-16T15:45:00Z,483.322,483.3285,483.2464,483.2528,308699,true
XBMK,2026-09-16T15:50:00Z,483.2528,483.2942,483.1471,483.1884,447475,true
XBMK,2026-09-16T15:55:00Z,483.1884,483.4314,483.1828,483.4259,395297,true
XBMK,2026-09-16T16:00:00Z,483.4259,483.5922,483.2482,483.4145,417249,true
XBMK,2026-09-16T16:05:00Z,483.4145,483.4261,483.3261,483.3376,346264,true
XBMK,2026-09-16T16:10:00Z,483.3376,483.6119,483.2799,483.5542,374733,true
XBMK,2026-09-16T16:15:00Z,483.5542,483.7132,483.5255,483.6845,377237,true
XBMK,2026-09-16T16:20:00Z,483.6845,483.9609,483.6176,483.894,328264,true
XBMK,2026-09-16T16:25:00Z,483.894,484.0839,483.7285,483.9184,513135,true
XBMK,2026-09-16T16:30:00Z,483.9184,484.053,483.8784,484.013,379496,true
XBMK,2026-09-16T16:35:00Z,484.013,484.1019,483.3991,483.488,406771,true
XBMK,2026-09-16T16:40:00Z,483.488,483.6031,483.1443,483.2594,244581,true
XBMK,2026-09-16T16:45:00Z,483.2594,483.2917,483.1264,483.1587,344551,true
XBMK,2026-09-16T16:50:00Z,483.1587,483.2264,483.0191,483.0868,476312,true
XBMK,2026-09-16T16:55:00Z,483.0868,483.0965,482.8991,482.9088,292696,true
XBMK,2026-09-16T17:00:00Z,482.9088,483.042,482.8382,482.9714,370320,true
XBMK,2026-09-16T17:05:00Z,482.9714,483.0378,482.9353,483.0018,386196,true
XBMK,2026-09-16T17:10:00Z,483.0018,483.1564,482.7541,482.9087,489452,true
XBMK,2026-09-16T17:15:00Z,482.9087,483.6125,482.8758,483.5796,377991,true
XBMK,2026-09-16T17:20:00Z,483.5796,483.882,483.4371,483.7394,527796,true
XBMK,2026-09-16T17:25:00Z,483.7394,483.9762,483.5724,483.8091,506995,true
XBMK,2026-09-16T17:30:00Z,483.8091,483.8246,483.5354,483.5508,481712,true
XBMK,2026-09-16T17:35:00Z,483.5508,483.6025,483.4145,483.4662,529567,true
XBMK,2026-09-16T17:40:00Z,483.4662,483.4878,483.1299,483.1515,527074,true
XBMK,2026-09-16T17:45:00Z,483.1515,483.2431,482.8736,482.9652,551339,true
XBMK,2026-09-16T17:50:00Z,482.9652,483.1038,482.6037,482.7422,351941,true
XBMK,2026-09-16T17:55:00Z,482.7422,482.8289,482.4162,482.503,435112,true
XBMK,2026-09-16T18:00:00Z,482.503,482.5666,482.2394,482.303,364521,true
XBMK,2026-09-16T18:05:00Z,482.303,482.3812,482.2062,482.2844,500348,true
XBMK,2026-09-16T18:10:00Z,482.2844,482.3424,481.7536,481.8116,292135,true
XBMK,2026-09-16T18:15:00Z,481.8116,481.9163,481.5412,481.6458,395214,true
XBMK,2026-09-16T18:20:00Z,481.6458,481.7009,481.525,481.58,298765,true
XBMK,2026-09-16T18:25:00Z,481.58,482.1207,481.5442,482.0848,422974,true
XBMK,2026-09-16T18:30:00Z,482.0848,482.0937,481.8934,481.9023,417836,true
XBMK,2026-09-16T18:35:00Z,481.9023,482.0146,481.732,481.8443,398401,true
XBMK,2026-09-16T18:40:00Z,481.8443,482.1283,481.6757,481.9597,405563,true
XBMK,2026-09-16T18:45:00Z,481.9597,481.9772,481.7614,481.779,465929,true
XBMK,2026-09-16T18:50:00Z,481.779,482.0076,481.7074,481.9361,517838,true
XBMK,2026-09-16T18:55:00Z,481.9361,482.0834,481.8542,482.0015,413532,true
XBMK,2026-09-16T19:00:00Z,482.0015,482.2622,481.9391,482.1997,390000,true
XBMK,2026-09-16T19:05:00Z,482.1997,482.8137,482.0343,482.6483,260313,true
XBMK,2026-09-16T19:10:00Z,482.6483,482.7349,482.3385,482.4251,346505,true
XBMK,2026-09-16T19:15:00Z,482.4251,482.4711,482.3245,482.3704,267901,true
XBMK,2026-09-16T19:20:00Z,482.3704,482.5329,482.3303,482.4928,359278,true
XBMK,2026-09-16T19:25:00Z,482.4928,482.592,482.1624,482.2616,663763,true
XBMK,2026-09-16T19:30:00Z,482.2616,482.5825,482.0266,482.3475,669906,true
XBMK,2026-09-16T19:35:00Z,482.3475,482.511,482.2131,482.3766,696162,true
XBMK,2026-09-16T19:40:00Z,482.3766,482.5435,482.2904,482.4573,405522,true
XBMK,2026-09-16T19:45:00Z,482.4573,482.4589,482.3107,482.3123,597570,true
XBMK,2026-09-16T19:50:00Z,482.3123,482.4093,482.1232,482.2202,774566,true
XBMK,2026-09-16T19:55:00Z,482.2202,482.4015,481.8613,482.0426,927001,true
XBMK,2026-09-17T13:30:00Z,482.0426,482.1429,481.9641,482.0643,876483,true
XBMK,2026-09-17T13:35:00Z,482.0643,482.2838,481.8351,482.0545,975465,true
XBMK,2026-09-17T13:40:00Z,482.0545,482.0917,481.992,482.0291,867835,true
XBMK,2026-09-17T13:45:00Z,482.0291,482.0524,481.9734,481.9966,687583,true
XBMK,2026-09-17T13:50:00Z,481.9966,482.1899,481.9194,482.1127,571808,true
XBMK,2026-09-17T13:55:00Z,482.1127,482.291,481.9329,482.1112,497715,true
XBMK,2026-09-17T14:00:00Z,482.1112,482.3433,481.9648,482.1968,648299,true
XBMK,2026-09-17T14:05:00Z,482.1968,482.2168,482.1889,482.2089,823888,true
XBMK,2026-09-17T14:10:00Z,482.2089,482.2215,482.141,482.1536,402779,true
XBMK,2026-09-17T14:15:00Z,482.1536,482.3377,482.006,482.1901,524638,true
XBMK,2026-09-17T14:20:00Z,482.1901,482.2561,482.1059,482.1718,401034,true
XBMK,2026-09-17T14:25:00Z,482.1718,482.2347,482.1548,482.2177,663802,true
XBMK,2026-09-17T14:30:00Z,482.2177,482.2182,482.1774,482.178,609903,true
XBMK,2026-09-17T14:35:00Z,482.178,482.2832,482.0713,482.1765,468542,true
XBMK,2026-09-17T14:40:00Z,482.1765,482.3064,482.1326,482.2625,426389,true
XBMK,2026-09-17T14:45:00Z,482.2625,482.3899,482.1386,482.266,390187,true
XBMK,2026-09-17T14:50:00Z,482.266,482.4608,482.029,482.2238,434426,true
XBMK,2026-09-17T14:55:00Z,482.2238,482.3244,482.0925,482.1931,495407,true
XBMK,2026-09-17T15:00:00Z,482.1931,482.325,482.0831,482.2041,121012,false
ZSMPA,2026-08-26T13:30:00Z,22.0,22.0492,21.9959,22.045,85446,true
ZSMPA,2026-08-26T13:35:00Z,22.045,22.109,22.0399,22.104,52363,true
ZSMPA,2026-08-26T13:40:00Z,22.104,22.1183,22.0824,22.0968,34951,true
ZSMPA,2026-08-26T13:45:00Z,22.0968,22.0996,22.0938,22.0966,50026,true
ZSMPA,2026-08-26T13:50:00Z,22.0966,22.106,22.0672,22.0765,50211,true
ZSMPA,2026-08-26T13:55:00Z,22.0765,22.0882,22.0502,22.0618,55347,true
ZSMPA,2026-08-26T14:00:00Z,22.0618,22.096,22.0501,22.0843,43291,true
ZSMPA,2026-08-26T14:05:00Z,22.0843,22.0947,22.0384,22.0488,74114,true
ZSMPA,2026-08-26T14:10:00Z,22.0488,22.0813,22.0447,22.0772,37810,true
ZSMPA,2026-08-26T14:15:00Z,22.0772,22.0888,22.0694,22.0811,39253,true
ZSMPA,2026-08-26T14:20:00Z,22.0811,22.0967,22.0602,22.0757,43153,true
ZSMPA,2026-08-26T14:25:00Z,22.0757,22.078,22.0509,22.0531,28461,true
ZSMPA,2026-08-26T14:30:00Z,22.0531,22.0623,22.0033,22.0125,38511,true
ZSMPA,2026-08-26T14:35:00Z,22.0125,22.0138,22.01,22.0114,41880,true
ZSMPA,2026-08-26T14:40:00Z,22.0114,22.0172,22.0092,22.015,43329,true
ZSMPA,2026-08-26T14:45:00Z,22.015,22.0614,21.9927,22.0391,26551,true
ZSMPA,2026-08-26T14:50:00Z,22.0391,22.072,21.9422,21.9752,28682,true
ZSMPA,2026-08-26T14:55:00Z,21.9752,22.0001,21.9101,21.9351,30967,true
ZSMPA,2026-08-26T15:00:00Z,21.9351,21.976,21.9343,21.9753,29543,true
ZSMPA,2026-08-26T15:05:00Z,21.9753,21.9852,21.912,21.9219,26993,true
ZSMPA,2026-08-26T15:10:00Z,21.9219,22.0158,21.9092,22.0032,51792,true
ZSMPA,2026-08-26T15:15:00Z,22.0032,22.0298,21.9663,21.993,23912,true
ZSMPA,2026-08-26T15:20:00Z,21.993,22.0209,21.9816,22.0096,27683,true
ZSMPA,2026-08-26T15:25:00Z,22.0096,22.0249,21.9452,21.9605,32350,true
ZSMPA,2026-08-26T15:30:00Z,21.9605,21.9633,21.9358,21.9386,45341,true
ZSMPA,2026-08-26T15:35:00Z,21.9386,21.9676,21.9367,21.9658,33435,true
ZSMPA,2026-08-26T15:40:00Z,21.9658,22.0095,21.9646,22.0084,31981,true
ZSMPA,2026-08-26T15:45:00Z,22.0084,22.0278,21.9807,22.0001,26507,true
ZSMPA,2026-08-26T15:50:00Z,22.0001,22.0207,21.9583,21.9789,25104,true
ZSMPA,2026-08-26T15:55:00Z,21.9789,21.9856,21.9338,21.9405,41354,true
ZSMPA,2026-08-26T16:00:00Z,21.9405,21.9544,21.9357,21.9496,42834,true
ZSMPA,2026-08-26T16:05:00Z,21.9496,21.99,21.9415,21.9819,33502,true
ZSMPA,2026-08-26T16:10:00Z,21.9819,22.0472,21.9692,22.0345,28633,true
ZSMPA,2026-08-26T16:15:00Z,22.0345,22.04,22.0018,22.0073,23727,true
ZSMPA,2026-08-26T16:20:00Z,22.0073,22.0597,21.989,22.0414,43186,true
ZSMPA,2026-08-26T16:25:00Z,22.0414,22.1575,22.0132,22.1294,36184,true
ZSMPA,2026-08-26T16:30:00Z,22.1294,22.1384,22.075,22.084,36237,true
ZSMPA,2026-08-26T16:35:00Z,22.084,22.0898,22.043,22.0488,34606,true
ZSMPA,2026-08-26T16:40:00Z,22.0488,22.0543,22.0278,22.0333,23981,true
ZSMPA,2026-08-26T16:45:00Z,22.0333,22.0438,22.0116,22.0221,45993,true
ZSMPA,2026-08-26T16:50:00Z,22.0221,22.0329,21.9528,21.9636,35354,true
ZSMPA,2026-08-26T16:55:00Z,21.9636,22.0038,21.951,21.9913,40238,true
ZSMPA,2026-08-26T17:00:00Z,21.9913,21.9929,21.9629,21.9645,30864,true
ZSMPA,2026-08-26T17:05:00Z,21.9645,21.9711,21.9026,21.9091,37230,true
ZSMPA,2026-08-26T17:10:00Z,21.9091,21.9208,21.8578,21.8695,30442,true
ZSMPA,2026-08-26T17:15:00Z,21.8695,21.8942,21.8255,21.8502,39470,true
ZSMPA,2026-08-26T17:20:00Z,21.8502,21.8717,21.8187,21.8402,28015,true
ZSMPA,2026-08-26T17:25:00Z,21.8402,21.8556,21.8116,21.827,34796,true
ZSMPA,2026-08-26T17:30:00Z,21.827,21.8664,21.8043,21.8437,33289,true
ZSMPA,2026-08-26T17:35:00Z,21.8437,21.854,21.7823,21.7925,32813,true
ZSMPA,2026-08-26T17:40:00Z,21.7925,21.7948,21.7743,21.7766,41040,true
ZSMPA,2026-08-26T17:45:00Z,21.7766,21.7809,21.7348,21.7391,23893,true
ZSMPA,2026-08-26T17:50:00Z,21.7391,21.7469,21.7196,21.7274,24821,true
ZSMPA,2026-08-26T17:55:00Z,21.7274,21.7948,21.6999,21.7673,31942,true
ZSMPA,2026-08-26T18:00:00Z,21.7673,21.7793,21.7298,21.7418,26939,true
ZSMPA,2026-08-26T18:05:00Z,21.7418,21.7432,21.7244,21.7258,29287,true
ZSMPA,2026-08-26T18:10:00Z,21.7258,21.7635,21.7152,21.7529,26362,true
ZSMPA,2026-08-26T18:15:00Z,21.7529,21.7762,21.7134,21.7367,55391,true
ZSMPA,2026-08-26T18:20:00Z,21.7367,21.7786,21.7074,21.7493,32587,true
ZSMPA,2026-08-26T18:25:00Z,21.7493,21.7921,21.7243,21.7671,24339,true
ZSMPA,2026-08-26T18:30:00Z,21.7671,21.8056,21.7671,21.8056,36520,true
ZSMPA,2026-08-26T18:35:00Z,21.8056,21.8211,21.8008,21.8163,35966,true
ZSMPA,2026-08-26T18:40:00Z,21.8163,21.8851,21.7857,21.8545,29751,true
ZSMPA,2026-08-26T18:45:00Z,21.8545,21.882,21.8327,21.8602,27152,true
ZSMPA,2026-08-26T18:50:00Z,21.8602,21.9166,21.8381,21.8945,32757,true
ZSMPA,2026-08-26T18:55:00Z,21.8945,21.9045,21.8548,21.8648,32096,true
ZSMPA,2026-08-26T19:00:00Z,21.8648,21.9322,21.8339,21.9013,43840,true
ZSMPA,2026-08-26T19:05:00Z,21.9013,21.9185,21.8672,21.8843,48822,true
ZSMPA,2026-08-26T19:10:00Z,21.8843,21.8872,21.8703,21.8732,30654,true
ZSMPA,2026-08-26T19:15:00Z,21.8732,21.9012,21.8106,21.8386,39625,true
ZSMPA,2026-08-26T19:20:00Z,21.8386,21.8611,21.8354,21.8579,35492,true
ZSMPA,2026-08-26T19:25:00Z,21.8579,21.8833,21.8394,21.8648,47328,true
ZSMPA,2026-08-26T19:30:00Z,21.8648,21.9601,21.8588,21.9541,42529,true
ZSMPA,2026-08-26T19:35:00Z,21.9541,21.9824,21.9279,21.9562,63158,true
ZSMPA,2026-08-26T19:40:00Z,21.9562,21.9725,21.9421,21.9584,36579,true
ZSMPA,2026-08-26T19:45:00Z,21.9584,21.9633,21.9361,21.9409,57499,true
ZSMPA,2026-08-26T19:50:00Z,21.9409,21.9739,21.917,21.95,40731,true
ZSMPA,2026-08-26T19:55:00Z,21.95,21.9566,21.9464,21.953,53528,true
ZSMPA,2026-08-27T13:30:00Z,21.953,21.9763,21.9269,21.9502,61421,true
ZSMPA,2026-08-27T13:35:00Z,21.9502,21.9705,21.9309,21.9512,50179,true
ZSMPA,2026-08-27T13:40:00Z,21.9512,21.9692,21.9316,21.9496,56190,true
ZSMPA,2026-08-27T13:45:00Z,21.9496,22.0244,21.9313,22.0061,41709,true
ZSMPA,2026-08-27T13:50:00Z,22.0061,22.0268,21.9855,22.0062,45588,true
ZSMPA,2026-08-27T13:55:00Z,22.0062,22.014,21.9876,21.9954,85818,true
ZSMPA,2026-08-27T14:00:00Z,21.9954,22.0114,21.9601,21.9761,43870,true
ZSMPA,2026-08-27T14:05:00Z,21.9761,22.0013,21.9142,21.9394,65584,true
ZSMPA,2026-08-27T14:10:00Z,21.9394,21.9539,21.9331,21.9476,23355,true
ZSMPA,2026-08-27T14:15:00Z,21.9476,21.9759,21.9362,21.9646,32409,true
ZSMPA,2026-08-27T14:20:00Z,21.9646,22.0023,21.8939,21.9316,46273,true
ZSMPA,2026-08-27T14:25:00Z,21.9316,21.936,21.8847,21.889,62183,true
ZSMPA,2026-08-27T14:30:00Z,21.889,21.8976,21.8867,21.8952,30858,true
ZSMPA,2026-08-27T14:35:00Z,21.8952,21.9463,21.8677,21.9189,26833,true
ZSMPA,2026-08-27T14:40:00Z,21.9189,21.9878,21.8844,21.9533,37783,true
ZSMPA,2026-08-27T14:45:00Z,21.9533,22.0184,21.9511,22.0162,32555,true
ZSMPA,2026-08-27T14:50:00Z,22.0162,22.0268,21.9935,22.0041,26767,true
ZSMPA,2026-08-27T14:55:00Z,22.0041,22.0072,21.9593,21.9624,47581,true
ZSMPA,2026-08-27T15:00:00Z,21.9624,21.9799,21.9529,21.9704,28661,true
ZSMPA,2026-08-27T15:05:00Z,21.9704,21.9935,21.928,21.9511,28334,true
ZSMPA,2026-08-27T15:10:00Z,21.9511,21.9668,21.9115,21.9272,33935,true
ZSMPA,2026-08-27T15:15:00Z,21.9272,21.9709,21.9129,21.9566,21709,true
ZSMPA,2026-08-27T15:20:00Z,21.9566,21.9859,21.9562,21.9856,21811,true
ZSMPA,2026-08-27T15:25:00Z,21.9856,21.9882,21.9848,21.9874,37664,true
ZSMPA,2026-08-27T15:30:00Z,21.9874,21.9966,21.8903,21.8995,36476,true
ZSMPA,2026-08-27T15:35:00Z,21.8995,21.9038,21.8206,21.8249,43543,true
ZSMPA,2026-08-27T15:40:00Z,21.8249,21.8817,21.7978,21.8546,21572,true
ZSMPA,2026-08-27T15:45:00Z,21.8546,21.876,21.8498,21.8712,33519,true
ZSMPA,2026-08-27T15:50:00Z,21.8712,21.9292,21.853,21.911,28673,true
ZSMPA,2026-08-27T15:55:00Z,21.911,21.9182,21.9092,21.9164,23195,true
ZSMPA,2026-08-27T16:00:00Z,21.9164,21.9516,21.836,21.8713,23397,true
ZSMPA,2026-08-27T16:05:00Z,21.8713,21.8953,21.8517,21.8757,28027,true
ZSMPA,2026-08-27T16:10:00Z,21.8757,21.9,21.8648,21.889,38465,true
ZSMPA,2026-08-27T16:15:00Z,21.889,21.9071,21.8799,21.898,62633,true
ZSMPA,2026-08-27T16:20:00Z,21.898,21.9113,21.8601,21.8734,26833,true
ZSMPA,2026-08-27T16:25:00Z,21.8734,21.8748,21.8133,21.8147,21965,true
ZSMPA,2026-08-27T16:30:00Z,21.8147,21.838,21.8125,21.8358,24700,true
ZSMPA,2026-08-27T16:35:00Z,21.8358,21.8976,21.8065,21.8683,26703,true
ZSMPA,2026-08-27T16:40:00Z,21.8683,21.8692,21.8466,21.8475,36923,true
ZSMPA,2026-08-27T16:45:00Z,21.8475,21.8661,21.8303,21.8489,29586,true
ZSMPA,2026-08-27T16:50:00Z,21.8489,21.8603,21.7997,21.8111,33763,true
ZSMPA,2026-08-27T16:55:00Z,21.8111,21.8223,21.7897,21.801,33387,true
ZSMPA,2026-08-27T17:00:00Z,21.801,21.8097,21.7944,21.8031,31055,true
ZSMPA,2026-08-27T17:05:00Z,21.8031,21.8447,21.7505,21.7921,32837,true
ZSMPA,2026-08-27T17:10:00Z,21.7921,21.8112,21.7289,21.748,25942,true
ZSMPA,2026-08-27T17:15:00Z,21.748,21.7545,21.7225,21.7291,28526,true
ZSMPA,2026-08-27T17:20:00Z,21.7291,21.7425,21.696,21.7094,34377,true
ZSMPA,2026-08-27T17:25:00Z,21.7094,21.8062,21.6884,21.7852,47279,true
ZSMPA,2026-08-27T17:30:00Z,21.7852,21.8259,21.7756,21.8162,23582,true
ZSMPA,2026-08-27T17:35:00Z,21.8162,21.8334,21.7707,21.7878,32213,true
ZSMPA,2026-08-27T17:40:00Z,21.7878,21.8313,21.7745,21.818,34423,true
ZSMPA,2026-08-27T17:45:00Z,21.818,21.8339,21.8111,21.827,30026,true
ZSMPA,2026-08-27T17:50:00Z,21.827,21.8494,21.8232,21.8456,19769,true
ZSMPA,2026-08-27T17:55:00Z,21.8456,21.8815,21.7757,21.8117,28104,true
ZSMPA,2026-08-27T18:00:00Z,21.8117,21.817,21.7834,21.7887,29995,true
ZSMPA,2026-08-27T18:05:00Z,21.7887,21.8097,21.7329,21.7539,40207,true
ZSMPA,2026-08-27T18:10:00Z,21.7539,21.8013,21.7418,21.7893,44689,true
ZSMPA,2026-08-27T18:15:00Z,21.7893,21.8265,21.7698,21.807,42851,true
ZSMPA,2026-08-27T18:20:00Z,21.807,21.8239,21.7917,21.8086,25193,true
ZSMPA,2026-08-27T18:25:00Z,21.8086,21.8223,21.776,21.7897,37657,true
ZSMPA,2026-08-27T18:30:00Z,21.7897,21.7996,21.7833,21.7932,16327,true
ZSMPA,2026-08-27T18:35:00Z,21.7932,21.8495,21.7911,21.8474,22588,true
ZSMPA,2026-08-27T18:40:00Z,21.8474,21.8902,21.8043,21.8471,32156,true
ZSMPA,2026-08-27T18:45:00Z,21.8471,21.8642,21.8356,21.8527,29978,true
ZSMPA,2026-08-27T18:50:00Z,21.8527,21.8764,21.8406,21.8642,37154,true
ZSMPA,2026-08-27T18:55:00Z,21.8642,21.877,21.8368,21.8496,44958,true
ZSMPA,2026-08-27T19:00:00Z,21.8496,21.8731,21.8412,21.8646,35808,true
ZSMPA,2026-08-27T19:05:00Z,21.8646,21.8905,21.8546,21.8804,48321,true
ZSMPA,2026-08-27T19:10:00Z,21.8804,21.8811,21.8592,21.8599,27436,true
ZSMPA,2026-08-27T19:15:00Z,21.8599,21.8771,21.8153,21.8324,44607,true
ZSMPA,2026-08-27T19:20:00Z,21.8324,21.8418,21.8207,21.83,38679,true
ZSMPA,2026-08-27T19:25:00Z,21.83,21.8896,21.8263,21.8859,41257,true
ZSMPA,2026-08-27T19:30:00Z,21.8859,21.8862,21.8231,21.8235,37737,true
ZSMPA,2026-08-27T19:35:00Z,21.8235,21.8301,21.8046,21.8112,48069,true
ZSMPA,2026-08-27T19:40:00Z,21.8112,21.8625,21.7747,21.8261,72611,true
ZSMPA,2026-08-27T19:45:00Z,21.8261,21.8459,21.8218,21.8416,54479,true
ZSMPA,2026-08-27T19:50:00Z,21.8416,21.8898,21.8346,21.8828,49402,true
ZSMPA,2026-08-27T19:55:00Z,21.8828,21.9026,21.8643,21.8841,53670,true
ZSMPA,2026-08-28T13:30:00Z,21.8841,21.8993,21.8585,21.8737,107990,true
ZSMPA,2026-08-28T13:35:00Z,21.8737,21.8907,21.8267,21.8438,51069,true
ZSMPA,2026-08-28T13:40:00Z,21.8438,21.8634,21.8183,21.838,47964,true
ZSMPA,2026-08-28T13:45:00Z,21.838,21.8476,21.8347,21.8444,62903,true
ZSMPA,2026-08-28T13:50:00Z,21.8444,21.8446,21.8439,21.8441,55216,true
ZSMPA,2026-08-28T13:55:00Z,21.8441,21.9038,21.8346,21.8943,48338,true
ZSMPA,2026-08-28T14:00:00Z,21.8943,21.9335,21.8901,21.9293,63405,true
ZSMPA,2026-08-28T14:05:00Z,21.9293,21.9371,21.9044,21.9122,40990,true
ZSMPA,2026-08-28T14:10:00Z,21.9122,21.9465,21.8981,21.9324,31528,true
ZSMPA,2026-08-28T14:15:00Z,21.9324,21.9515,21.9208,21.94,29906,true
ZSMPA,2026-08-28T14:20:00Z,21.94,21.9461,21.8927,21.8989,25426,true
ZSMPA,2026-08-28T14:25:00Z,21.8989,21.9206,21.8598,21.8816,52834,true
ZSMPA,2026-08-28T14:30:00Z,21.8816,21.8909,21.8603,21.8697,40164,true
ZSMPA,2026-08-28T14:35:00Z,21.8697,21.8903,21.8324,21.8531,41003,true
ZSMPA,2026-08-28T14:40:00Z,21.8531,21.88,21.8221,21.849,21653,true
ZSMPA,2026-08-28T14:45:00Z,21.849,21.9095,21.8336,21.8942,37020,true
ZSMPA,2026-08-28T14:50:00Z,21.8942,21.9407,21.8743,21.9208,41776,true
ZSMPA,2026-08-28T14:55:00Z,21.9208,21.9542,21.9102,21.9435,43937,true
ZSMPA,2026-08-28T15:00:00Z,21.9435,21.9908,21.9329,21.9801,21399,true
ZSMPA,2026-08-28T15:05:00Z,21.9801,22.0041,21.927,21.951,55589,true
ZSMPA,2026-08-28T15:10:00Z,21.951,22.0076,21.9168,21.9735,28843,true
ZSMPA,2026-08-28T15:15:00Z,21.9735,22.0336,21.9568,22.0169,24387,true
ZSMPA,2026-08-28T15:20:00Z,22.0169,22.0436,21.9886,22.0153,20172,true
ZSMPA,2026-08-28T15:25:00Z,22.0153,22.0464,21.9869,22.018,35448,true
ZSMPA,2026-08-28T15:30:00Z,22.018,22.0484,22.0123,22.0427,32590,true
ZSMPA,2026-08-28T15:35:00Z,22.0427,22.0599,21.9622,21.9794,22480,true
ZSMPA,2026-08-28T15:40:00Z,21.9794,22.0114,21.9439,21.9758,24260,true
ZSMPA,2026-08-28T15:45:00Z,21.9758,22.0532,21.9724,22.0499,25670,true
ZSMPA,2026-08-28T15:50:00Z,22.0499,22.0914,22.0465,22.088,33039,true
ZSMPA,2026-08-28T15:55:00Z,22.088,22.1012,22.038,22.0512,21687,true
ZSMPA,2026-08-28T16:00:00Z,22.0512,22.0879,22.0365,22.0732,28613,true
ZSMPA,2026-08-28T16:05:00Z,22.0732,22.0925,22.0289,22.0481,17747,true
ZSMPA,2026-08-28T16:10:00Z,22.0481,22.1414,22.0105,22.1038,29474,true
ZSMPA,2026-08-28T16:15:00Z,22.1038,22.1289,22.1001,22.1253,26928,true
ZSMPA,2026-08-28T16:20:00Z,22.1253,22.1253,22.11,22.1101,30623,true
ZSMPA,2026-08-28T16:25:00Z,22.1101,22.1497,22.091,22.1306,40861,true
ZSMPA,2026-08-28T16:30:00Z,22.1306,22.1522,22.1298,22.1514,24891,true
ZSMPA,2026-08-28T16:35:00Z,22.1514,22.17,22.1499,22.1685,24316,true
ZSMPA,2026-08-28T16:40:00Z,22.1685,22.1785,22.092,22.1019,34952,true
ZSMPA,2026-08-28T16:45:00Z,22.1019,22.1195,22.0979,22.1155,25117,true
ZSMPA,2026-08-28T16:50:00Z,22.1155,22.1818,22.094,22.1603,42945,true
ZSMPA,2026-08-28T16:55:00Z,22.1603,22.1991,22.1333,22.1721,23295,true
ZSMPA,2026-08-28T17:00:00Z,22.1721,22.1828,22.16,22.1707,25327,true
ZSMPA,2026-08-28T17:05:00Z,22.1707,22.223,22.1527,22.205,34556,true
ZSMPA,2026-08-28T17:10:00Z,22.205,22.2772,22.1672,22.2394,33462,true
ZSMPA,2026-08-28T17:15:00Z,22.2394,22.2749,22.2387,22.2742,28133,true
ZSMPA,2026-08-28T17:20:00Z,22.2742,22.367,22.2389,22.3317,24484,true
ZSMPA,2026-08-28T17:25:00Z,22.3317,22.3404,22.3035,22.3121,32483,true
ZSMPA,2026-08-28T17:30:00Z,22.3121,22.3173,22.2828,22.288,44439,true
ZSMPA,2026-08-28T17:35:00Z,22.288,22.2984,22.2743,22.2847,33659,true
ZSMPA,2026-08-28T17:40:00Z,22.2847,22.299,22.2362,22.2505,33029,true
ZSMPA,2026-08-28T17:45:00Z,22.2505,22.2858,22.2496,22.2848,33156,true
ZSMPA,2026-08-28T17:50:00Z,22.2848,22.3056,22.2658,22.2865,47407,true
ZSMPA,2026-08-28T17:55:00Z,22.2865,22.2976,22.2584,22.2695,33327,true
ZSMPA,2026-08-28T18:00:00Z,22.2695,22.2844,22.2368,22.2517,24960,true
ZSMPA,2026-08-28T18:05:00Z,22.2517,22.2649,22.1867,22.1999,41677,true
ZSMPA,2026-08-28T18:10:00Z,22.1999,22.2148,22.1957,22.2105,25801,true
ZSMPA,2026-08-28T18:15:00Z,22.2105,22.2239,22.2071,22.2204,25996,true
ZSMPA,2026-08-28T18:20:00Z,22.2204,22.2586,22.1997,22.2379,36529,true
ZSMPA,2026-08-28T18:25:00Z,22.2379,22.2981,22.2091,22.2693,26722,true
ZSMPA,2026-08-28T18:30:00Z,22.2693,22.2726,22.2675,22.2707,34516,true
ZSMPA,2026-08-28T18:35:00Z,22.2707,22.286,22.2177,22.2329,41020,true
ZSMPA,2026-08-28T18:40:00Z,22.2329,22.3086,22.2218,22.2975,40883,true
ZSMPA,2026-08-28T18:45:00Z,22.2975,22.3009,22.2836,22.287,40890,true
ZSMPA,2026-08-28T18:50:00Z,22.287,22.2925,22.2632,22.2687,34975,true
ZSMPA,2026-08-28T18:55:00Z,22.2687,22.3087,22.1691,22.2091,38802,true
ZSMPA,2026-08-28T19:00:00Z,22.2091,22.2486,22.2,22.2395,36231,true
ZSMPA,2026-08-28T19:05:00Z,22.2395,22.2435,22.2187,22.2227,35258,true
ZSMPA,2026-08-28T19:10:00Z,22.2227,22.2477,22.143,22.168,46098,true
ZSMPA,2026-08-28T19:15:00Z,22.168,22.199,22.1612,22.1922,33104,true
ZSMPA,2026-08-28T19:20:00Z,22.1922,22.1942,22.1434,22.1453,53121,true
ZSMPA,2026-08-28T19:25:00Z,22.1453,22.1517,22.1395,22.1458,31641,true
ZSMPA,2026-08-28T19:30:00Z,22.1458,22.1776,22.1326,22.1644,49864,true
ZSMPA,2026-08-28T19:35:00Z,22.1644,22.1788,22.1365,22.1509,79513,true
ZSMPA,2026-08-28T19:40:00Z,22.1509,22.1983,22.0668,22.1142,41612,true
ZSMPA,2026-08-28T19:45:00Z,22.1142,22.1622,22.1039,22.152,48946,true
ZSMPA,2026-08-28T19:50:00Z,22.152,22.2107,22.1043,22.163,58355,true
ZSMPA,2026-08-28T19:55:00Z,22.163,22.1986,22.0694,22.105,58258,true
ZSMPA,2026-08-31T13:30:00Z,22.105,22.1199,22.0803,22.0951,53463,true
ZSMPA,2026-08-31T13:35:00Z,22.0951,22.1164,22.0337,22.0549,60968,true
ZSMPA,2026-08-31T13:40:00Z,22.0549,22.1094,22.0392,22.0937,77351,true
ZSMPA,2026-08-31T13:45:00Z,22.0937,22.1719,22.0874,22.1656,32924,true
ZSMPA,2026-08-31T13:50:00Z,22.1656,22.1769,22.1585,22.1698,41234,true
ZSMPA,2026-08-31T13:55:00Z,22.1698,22.2374,22.1625,22.2301,39664,true
ZSMPA,2026-08-31T14:00:00Z,22.2301,22.291,22.2212,22.2821,25230,true
ZSMPA,2026-08-31T14:05:00Z,22.2821,22.2906,22.2218,22.2303,42819,true
ZSMPA,2026-08-31T14:10:00Z,22.2303,22.2654,22.2052,22.2403,54205,true
ZSMPA,2026-08-31T14:15:00Z,22.2403,22.2785,22.2278,22.266,52947,true
ZSMPA,2026-08-31T14:20:00Z,22.266,22.2729,22.1802,22.1871,23566,true
ZSMPA,2026-08-31T14:25:00Z,22.1871,22.2336,22.1703,22.2168,41256,true
ZSMPA,2026-08-31T14:30:00Z,22.2168,22.243,22.1777,22.204,49636,true
ZSMPA,2026-08-31T14:35:00Z,22.204,22.2213,22.1959,22.2132,25931,true
ZSMPA,2026-08-31T14:40:00Z,22.2132,22.2153,22.1482,22.1503,36452,true
ZSMPA,2026-08-31T14:45:00Z,22.1503,22.1653,22.1389,22.1539,27680,true
ZSMPA,2026-08-31T14:50:00Z,22.1539,22.1982,22.14,22.1843,53052,true
ZSMPA,2026-08-31T14:55:00Z,22.1843,22.1976,22.154,22.1674,26573,true
ZSMPA,2026-08-31T15:00:00Z,22.1674,22.26,22.1235,22.2161,24877,true
ZSMPA,2026-08-31T15:05:00Z,22.2161,22.2602,22.1937,22.2378,27781,true
ZSMPA,2026-08-31T15:10:00Z,22.2378,22.2509,22.2284,22.2414,29100,true
ZSMPA,2026-08-31T15:15:00Z,22.2414,22.2743,22.1764,22.2092,31002,true
ZSMPA,2026-08-31T15:20:00Z,22.2092,22.2733,22.1743,22.2384,36041,true
ZSMPA,2026-08-31T15:25:00Z,22.2384,22.2393,22.2135,22.2144,32253,true
ZSMPA,2026-08-31T15:30:00Z,22.2144,22.2224,22.1621,22.1701,23531,true
ZSMPA,2026-08-31T15:35:00Z,22.1701,22.2183,22.1689,22.2171,26810,true
ZSMPA,2026-08-31T15:40:00Z,22.2171,22.2316,22.1568,22.1713,37009,true
ZSMPA,2026-08-31T15:45:00Z,22.1713,22.1899,22.1537,22.1723,44021,true
ZSMPA,2026-08-31T15:50:00Z,22.1723,22.1842,22.1637,22.1756,29559,true
ZSMPA,2026-08-31T15:55:00Z,22.1756,22.1995,22.1066,22.1305,29324,true
ZSMPA,2026-08-31T16:00:00Z,22.1305,22.1421,22.1234,22.135,30538,true
ZSMPA,2026-08-31T16:05:00Z,22.135,22.136,22.1264,22.1274,34282,true
ZSMPA,2026-08-31T16:10:00Z,22.1274,22.1399,22.1206,22.1331,35049,true
ZSMPA,2026-08-31T16:15:00Z,22.1331,22.1588,22.0858,22.1115,27864,true
ZSMPA,2026-08-31T16:20:00Z,22.1115,22.1385,22.1086,22.1356,20444,true
ZSMPA,2026-08-31T16:25:00Z,22.1356,22.1845,22.1317,22.1805,36795,true
ZSMPA,2026-08-31T16:30:00Z,22.1805,22.2149,22.1508,22.1852,41271,true
ZSMPA,2026-08-31T16:35:00Z,22.1852,22.1928,22.1543,22.1619,25106,true
ZSMPA,2026-08-31T16:40:00Z,22.1619,22.1837,22.1493,22.1711,19084,true
ZSMPA,2026-08-31T16:45:00Z,22.1711,22.1799,22.1155,22.1243,33047,true
ZSMPA,2026-08-31T16:50:00Z,22.1243,22.2145,22.1067,22.1969,33737,true
ZSMPA,2026-08-31T16:55:00Z,22.1969,22.2171,22.1801,22.2003,24085,true
ZSMPA,2026-08-31T17:00:00Z,22.2003,22.2342,22.2002,22.234,36424,true
ZSMPA,2026-08-31T17:05:00Z,22.234,22.2975,22.2198,22.2833,32863,true
ZSMPA,2026-08-31T17:10:00Z,22.2833,22.2954,22.2259,22.2379,42288,true
ZSMPA,2026-08-31T17:15:00Z,22.2379,22.2622,22.2066,22.2308,49098,true
ZSMPA,2026-08-31T17:20:00Z,22.2308,22.2332,22.2184,22.2207,21491,true
ZSMPA,2026-08-31T17:25:00Z,22.2207,22.2504,22.1801,22.2098,30948,true
ZSMPA,2026-08-31T17:30:00Z,22.2098,22.2129,22.2079,22.211,59925,true
ZSMPA,2026-08-31T17:35:00Z,22.211,22.2339,22.2004,22.2233,25484,true
ZSMPA,2026-08-31T17:40:00Z,22.2233,22.2261,22.2072,22.21,30035,true
ZSMPA,2026-08-31T17:45:00Z,22.21,22.2387,22.1642,22.1928,20209,true
ZSMPA,2026-08-31T17:50:00Z,22.1928,22.2031,22.1856,22.1959,33098,true
ZSMPA,2026-08-31T17:55:00Z,22.1959,22.2715,22.1772,22.2528,32404,true
ZSMPA,2026-08-31T18:00:00Z,22.2528,22.29,22.247,22.2842,27638,true
ZSMPA,2026-08-31T18:05:00Z,22.2842,22.3407,22.2577,22.3142,23929,true
ZSMPA,2026-08-31T18:10:00Z,22.3142,22.4021,22.289,22.3769,35654,true
ZSMPA,2026-08-31T18:15:00Z,22.3769,22.405,22.371,22.3991,35134,true
ZSMPA,2026-08-31T18:20:00Z,22.3991,22.4319,22.3817,22.4144,38711,true
ZSMPA,2026-08-31T18:25:00Z,22.4144,22.4225,22.3676,22.3756,36489,true
ZSMPA,2026-08-31T18:30:00Z,22.3756,22.3796,22.3695,22.3735,37606,true
ZSMPA,2026-08-31T18:35:00Z,22.3735,22.3872,22.3413,22.3549,69046,true
ZSMPA,2026-08-31T18:40:00Z,22.3549,22.3608,22.2786,22.2845,24761,true
ZSMPA,2026-08-31T18:45:00Z,22.2845,22.3298,22.2805,22.3258,43022,true
ZSMPA,2026-08-31T18:50:00Z,22.3258,22.3776,22.3133,22.3651,38432,true
ZSMPA,2026-08-31T18:55:00Z,22.3651,22.3759,22.3305,22.3413,28680,true
ZSMPA,2026-08-31T19:00:00Z,22.3413,22.3725,22.3204,22.3515,29474,true
ZSMPA,2026-08-31T19:05:00Z,22.3515,22.3579,22.3121,22.3185,45766,true
ZSMPA,2026-08-31T19:10:00Z,22.3185,22.4232,22.297,22.4017,62002,true
ZSMPA,2026-08-31T19:15:00Z,22.4017,22.4135,22.3318,22.3436,37186,true
ZSMPA,2026-08-31T19:20:00Z,22.3436,22.3745,22.2929,22.3239,39248,true
ZSMPA,2026-08-31T19:25:00Z,22.3239,22.3308,22.2956,22.3026,36859,true
ZSMPA,2026-08-31T19:30:00Z,22.3026,22.3204,22.2963,22.3141,34119,true
ZSMPA,2026-08-31T19:35:00Z,22.3141,22.4142,22.2792,22.3793,46579,true
ZSMPA,2026-08-31T19:40:00Z,22.3793,22.4182,22.3678,22.4067,29230,true
ZSMPA,2026-08-31T19:45:00Z,22.4067,22.4726,22.3846,22.4505,44828,true
ZSMPA,2026-08-31T19:50:00Z,22.4505,22.4852,22.4248,22.4595,51914,true
ZSMPA,2026-08-31T19:55:00Z,22.4595,22.4597,22.4106,22.4108,55163,true
ZSMPA,2026-09-01T13:30:00Z,22.4108,22.4343,22.3856,22.4091,79733,true
ZSMPA,2026-09-01T13:35:00Z,22.4091,22.4312,22.3868,22.4088,74537,true
ZSMPA,2026-09-01T13:40:00Z,22.4088,22.4139,22.397,22.4021,56019,true
ZSMPA,2026-09-01T13:45:00Z,22.4021,22.4204,22.3942,22.4126,63373,true
ZSMPA,2026-09-01T13:50:00Z,22.4126,22.4705,22.4051,22.463,50079,true
ZSMPA,2026-09-01T13:55:00Z,22.463,22.4888,22.4298,22.4556,36562,true
ZSMPA,2026-09-01T14:00:00Z,22.4556,22.497,22.4509,22.4923,48879,true
ZSMPA,2026-09-01T14:05:00Z,22.4923,22.4974,22.4493,22.4545,47252,true
ZSMPA,2026-09-01T14:10:00Z,22.4545,22.5317,22.4415,22.5187,53032,true
ZSMPA,2026-09-01T14:15:00Z,22.5187,22.5219,22.5102,22.5134,36113,true
ZSMPA,2026-09-01T14:20:00Z,22.5134,22.5228,22.4385,22.4479,27400,true
ZSMPA,2026-09-01T14:25:00Z,22.4479,22.4789,22.4243,22.4554,27122,true
ZSMPA,2026-09-01T14:30:00Z,22.4554,22.5112,22.4369,22.4928,47973,true
ZSMPA,2026-09-01T14:35:00Z,22.4928,22.507,22.4608,22.4751,21657,true
ZSMPA,2026-09-01T14:40:00Z,22.4751,22.4894,22.4403,22.4546,22949,true
ZSMPA,2026-09-01T14:45:00Z,22.4546,22.4605,22.4465,22.4524,33558,true
ZSMPA,2026-09-01T14:50:00Z,22.4524,22.461,22.4426,22.4513,26984,true
ZSMPA,2026-09-01T14:55:00Z,22.4513,22.461,22.3707,22.3805,28416,true
ZSMPA,2026-09-01T15:00:00Z,22.3805,22.4017,22.3249,22.3461,36569,true
ZSMPA,2026-09-01T15:05:00Z,22.3461,22.4045,22.3322,22.3906,25849,true
ZSMPA,2026-09-01T15:10:00Z,22.3906,22.4595,22.3851,22.4539,33920,true
ZSMPA,2026-09-01T15:15:00Z,22.4539,22.4728,22.3982,22.4171,39872,true
ZSMPA,2026-09-01T15:20:00Z,22.4171,22.4177,22.4062,22.4067,27059,true
ZSMPA,2026-09-01T15:25:00Z,22.4067,22.4209,22.3439,22.3581,34835,true
ZSMPA,2026-09-01T15:30:00Z,22.3581,22.391,22.2709,22.3038,25923,true
ZSMPA,2026-09-01T15:35:00Z,22.3038,22.364,22.2731,22.3333,38970,true
ZSMPA,2026-09-01T15:40:00Z,22.3333,22.3734,22.3133,22.3533,24139,true
ZSMPA,2026-09-01T15:45:00Z,22.3533,22.3839,22.3172,22.3477,41764,true
ZSMPA,2026-09-01T15:50:00Z,22.3477,22.3549,22.3042,22.3114,35251,true
ZSMPA,2026-09-01T15:55:00Z,22.3114,22.3729,22.3074,22.3689,28592,true
ZSMPA,2026-09-01T16:00:00Z,22.3689,22.4014,22.3459,22.3783,26433,true
ZSMPA,2026-09-01T16:05:00Z,22.3783,22.3826,22.3654,22.3697,30476,true
ZSMPA,2026-09-01T16:10:00Z,22.3697,22.3813,22.3289,22.3405,43837,true
ZSMPA,2026-09-01T16:15:00Z,22.3405,22.3621,22.3245,22.346,44906,true
ZSMPA,2026-09-01T16:20:00Z,22.346,22.422,22.3373,22.4132,18274,true
ZSMPA,2026-09-01T16:25:00Z,22.4132,22.4594,22.3973,22.4435,28186,true
ZSMPA,2026-09-01T16:30:00Z,22.4435,22.4669,22.4359,22.4593,24630,true
ZSMPA,2026-09-01T16:35:00Z,22.4593,22.4653,22.3858,22.3918,44404,true
ZSMPA,2026-09-01T16:40:00Z,22.3918,22.4445,22.3749,22.4276,21785,true
ZSMPA,2026-09-01T16:45:00Z,22.4276,22.4311,22.4199,22.4234,25110,true
ZSMPA,2026-09-01T16:50:00Z,22.4234,22.4495,22.4109,22.4371,39825,true
ZSMPA,2026-09-01T16:55:00Z,22.4371,22.4865,22.4344,22.4838,33430,true
ZSMPA,2026-09-01T17:00:00Z,22.4838,22.522,22.4633,22.5015,32604,true
ZSMPA,2026-09-01T17:05:00Z,22.5015,22.5056,22.4918,22.4959,30804,true
ZSMPA,2026-09-01T17:10:00Z,22.4959,22.5165,22.4934,22.5139,29681,true
ZSMPA,2026-09-01T17:15:00Z,22.5139,22.5282,22.4983,22.5126,45210,true
ZSMPA,2026-09-01T17:20:00Z,22.5126,22.5444,22.4969,22.5286,33867,true
ZSMPA,2026-09-01T17:25:00Z,22.5286,22.5546,22.522,22.5481,24009,true
ZSMPA,2026-09-01T17:30:00Z,22.5481,22.5738,22.5419,22.5676,29077,true
ZSMPA,2026-09-01T17:35:00Z,22.5676,22.5788,22.5482,22.5594,29895,true
ZSMPA,2026-09-01T17:40:00Z,22.5594,22.5594,22.4551,22.4552,27049,true
ZSMPA,2026-09-01T17:45:00Z,22.4552,22.4717,22.4061,22.4227,24122,true
ZSMPA,2026-09-01T17:50:00Z,22.4227,22.4624,22.3925,22.4323,36392,true
ZSMPA,2026-09-01T17:55:00Z,22.4323,22.4459,22.4055,22.4191,22676,true
ZSMPA,2026-09-01T18:00:00Z,22.4191,22.4755,22.388,22.4443,36632,true
ZSMPA,2026-09-01T18:05:00Z,22.4443,22.5006,22.4204,22.4766,32397,true
ZSMPA,2026-09-01T18:10:00Z,22.4766,22.5461,22.4652,22.5347,39167,true
ZSMPA,2026-09-01T18:15:00Z,22.5347,22.5481,22.5302,22.5436,36279,true
ZSMPA,2026-09-01T18:20:00Z,22.5436,22.5778,22.5065,22.5406,29617,true
ZSMPA,2026-09-01T18:25:00Z,22.5406,22.5594,22.5184,22.5372,30992,true
ZSMPA,2026-09-01T18:30:00Z,22.5372,22.5473,22.4923,22.5024,36806,true
ZSMPA,2026-09-01T18:35:00Z,22.5024,22.5376,22.4822,22.5174,35122,true
ZSMPA,2026-09-01T18:40:00Z,22.5174,22.5574,22.4947,22.5346,30411,true
ZSMPA,2026-09-01T18:45:00Z,22.5346,22.6018,22.5026,22.5697,37958,true
ZSMPA,2026-09-01T18:50:00Z,22.5697,22.5713,22.5533,22.5549,25151,true
ZSMPA,2026-09-01T18:55:00Z,22.5549,22.6141,22.5441,22.6033,35990,true
ZSMPA,2026-09-01T19:00:00Z,22.6033,22.68,22.5735,22.6502,30073,true
ZSMPA,2026-09-01T19:05:00Z,22.6502,22.7162,22.6358,22.7018,36254,true
ZSMPA,2026-09-01T19:10:00Z,22.7018,22.7215,22.6554,22.6751,35752,true
ZSMPA,2026-09-01T19:15:00Z,22.6751,22.7032,22.6561,22.6842,48520,true
ZSMPA,2026-09-01T19:20:00Z,22.6842,22.688,22.6811,22.6848,36661,true
ZSMPA,2026-09-01T19:25:00Z,22.6848,22.7366,22.6773,22.729,41444,true
ZSMPA,2026-09-01T19:30:00Z,22.729,22.7578,22.6078,22.6365,73028,true
ZSMPA,2026-09-01T19:35:00Z,22.6365,22.6494,22.6225,22.6353,36560,true
ZSMPA,2026-09-01T19:40:00Z,22.6353,22.7228,22.6076,22.6952,63272,true
ZSMPA,2026-09-01T19:45:00Z,22.6952,22.7147,22.6889,22.7084,76442,true
ZSMPA,2026-09-01T19:50:00Z,22.7084,22.7636,22.7046,22.7598,63341,true
ZSMPA,2026-09-01T19:55:00Z,22.7598,22.7749,22.7185,22.7336,78852,true
ZSMPA,2026-09-02T13:30:00Z,22.7336,22.7619,22.7244,22.7527,58499,true
ZSMPA,2026-09-02T13:35:00Z,22.7527,22.7711,22.7291,22.7475,57790,true
ZSMPA,2026-09-02T13:40:00Z,22.7475,22.7502,22.7326,22.7353,99334,true
ZSMPA,2026-09-02T13:45:00Z,22.7353,22.7658,22.6988,22.7293,67133,true
ZSMPA,2026-09-02T13:50:00Z,22.7293,22.7295,22.7185,22.7186,23667,true
ZSMPA,2026-09-02T13:55:00Z,22.7186,22.7278,22.6544,22.6635,35773,true
ZSMPA,2026-09-02T14:00:00Z,22.6635,22.6712,22.6279,22.6356,35698,true
ZSMPA,2026-09-02T14:05:00Z,22.6356,22.644,22.6044,22.6129,50221,true
ZSMPA,2026-09-02T14:10:00Z,22.6129,22.6506,22.5961,22.6338,39571,true
ZSMPA,2026-09-02T14:15:00Z,22.6338,22.6596,22.6239,22.6498,42105,true
ZSMPA,2026-09-02T14:20:00Z,22.6498,22.6696,22.6027,22.6225,40165,true
ZSMPA,2026-09-02T14:25:00Z,22.6225,22.6235,22.5816,22.5826,24799,true
ZSMPA,2026-09-02T14:30:00Z,22.5826,22.6046,22.5547,22.5767,30674,true
ZSMPA,2026-09-02T14:35:00Z,22.5767,22.6479,22.5689,22.6401,41737,true
ZSMPA,2026-09-02T14:40:00Z,22.6401,22.6442,22.584,22.5882,57899,true
ZSMPA,2026-09-02T14:45:00Z,22.5882,22.6516,22.5722,22.6356,39781,true
ZSMPA,2026-09-02T14:50:00Z,22.6356,22.7063,22.6144,22.6852,39748,true
ZSMPA,2026-09-02T14:55:00Z,22.6852,22.7157,22.6466,22.6772,34743,true
ZSMPA,2026-09-02T15:00:00Z,22.6772,22.678,22.6118,22.6127,33531,true
ZSMPA,2026-09-02T15:05:00Z,22.6127,22.6314,22.5332,22.5518,26359,true
ZSMPA,2026-09-02T15:10:00Z,22.5518,22.5727,22.5185,22.5394,24812,true
ZSMPA,2026-09-02T15:15:00Z,22.5394,22.5532,22.5092,22.5229,39407,true
ZSMPA,2026-09-02T15:20:00Z,22.5229,22.5552,22.4625,22.4948,46007,true
ZSMPA,2026-09-02T15:25:00Z,22.4948,22.5023,22.4903,22.4979,44212,true
ZSMPA,2026-09-02T15:30:00Z,22.4979,22.5062,22.4873,22.4956,25656,true
ZSMPA,2026-09-02T15:35:00Z,22.4956,22.5296,22.4944,22.5285,28092,true
ZSMPA,2026-09-02T15:40:00Z,22.5285,22.5808,22.5173,22.5696,31835,true
ZSMPA,2026-09-02T15:45:00Z,22.5696,22.5856,22.5415,22.5575,23398,true
ZSMPA,2026-09-02T15:50:00Z,22.5575,22.5736,22.55,22.5661,27494,true
ZSMPA,2026-09-02T15:55:00Z,22.5661,22.5663,22.5185,22.5187,23812,true
ZSMPA,2026-09-02T16:00:00Z,22.5187,22.5502,22.4968,22.5283,27805,true
ZSMPA,2026-09-02T16:05:00Z,22.5283,22.5386,22.4656,22.4759,25233,true
ZSMPA,2026-09-02T16:10:00Z,22.4759,22.4847,22.4675,22.4764,28423,true
ZSMPA,2026-09-02T16:15:00Z,22.4764,22.5151,22.4464,22.4851,34785,true
ZSMPA,2026-09-02T16:20:00Z,22.4851,22.4882,22.4507,22.4538,30673,true
ZSMPA,2026-09-02T16:25:00Z,22.4538,22.5133,22.4317,22.4912,20185,true
ZSMPA,2026-09-02T16:30:00Z,22.4912,22.4932,22.4877,22.4897,38496,true
ZSMPA,2026-09-02T16:35:00Z,22.4897,22.5119,22.476,22.4982,29989,true
ZSMPA,2026-09-02T16:40:00Z,22.4982,22.5166,22.4775,22.4959,35108,true
ZSMPA,2026-09-02T16:45:00Z,22.4959,22.5231,22.4152,22.4424,25112,true
ZSMPA,2026-09-02T16:50:00Z,22.4424,22.4592,22.4183,22.4352,24386,true
ZSMPA,2026-09-02T16:55:00Z,22.4352,22.4648,22.4261,22.4558,30882,true
ZSMPA,2026-09-02T17:00:00Z,22.4558,22.4857,22.4344,22.4643,25255,true
ZSMPA,2026-09-02T17:05:00Z,22.4643,22.5248,22.4557,22.5161,33636,true
ZSMPA,2026-09-02T17:10:00Z,22.5161,22.5194,22.4811,22.4844,33137,true
ZSMPA,2026-09-02T17:15:00Z,22.4844,22.5592,22.4495,22.5243,27413,true
ZSMPA,2026-09-02T17:20:00Z,22.5243,22.5892,22.5189,22.5837,29282,true
ZSMPA,2026-09-02T17:25:00Z,22.5837,22.5948,22.5561,22.5672,28679,true
ZSMPA,2026-09-02T17:30:00Z,22.5672,22.5991,22.5607,22.5926,21509,true
ZSMPA,2026-09-02T17:35:00Z,22.5926,22.5952,22.496,22.4987,39672,true
ZSMPA,2026-09-02T17:40:00Z,22.4987,22.5498,22.3233,22.3745,17439,true
ZSMPA,2026-09-02T17:45:00Z,22.3745,22.4161,22.3537,22.3953,41677,true
ZSMPA,2026-09-02T17:50:00Z,22.3953,22.4288,22.3622,22.3957,24193,true
ZSMPA,2026-09-02T17:55:00Z,22.3957,22.4238,22.384,22.4121,27341,true
ZSMPA,2026-09-02T18:00:00Z,22.4121,22.4489,22.3978,22.4346,21740,true
ZSMPA,2026-09-02T18:05:00Z,22.4346,22.5114,22.4099,22.4867,35668,true
ZSMPA,2026-09-02T18:10:00Z,22.4867,22.5099,22.4502,22.4734,49187,true
ZSMPA,2026-09-02T18:15:00Z,22.4734,22.481,22.4637,22.4713,39760,true
ZSMPA,2026-09-02T18:20:00Z,22.4713,22.4969,22.4541,22.4797,32907,true
ZSMPA,2026-09-02T18:25:00Z,22.4797,22.4977,22.4057,22.4236,30511,true
ZSMPA,2026-09-02T18:30:00Z,22.4236,22.4377,22.3886,22.4027,26049,true
ZSMPA,2026-09-02T18:35:00Z,22.4027,22.4337,22.4012,22.4322,33409,true
ZSMPA,2026-09-02T18:40:00Z,22.4322,22.5132,22.4089,22.4899,40094,true
ZSMPA,2026-09-02T18:45:00Z,22.4899,22.5392,22.4809,22.5302,34568,true
ZSMPA,2026-09-02T18:50:00Z,22.5302,22.571,22.507,22.5478,28430,true
ZSMPA,2026-09-02T18:55:00Z,22.5478,22.5608,22.5156,22.5286,32335,true
ZSMPA,2026-09-02T19:00:00Z,22.5286,22.5753,22.5268,22.5735,43649,true
ZSMPA,2026-09-02T19:05:00Z,22.5735,22.5994,22.549,22.5749,30431,true
ZSMPA,2026-09-02T19:10:00Z,22.5749,22.6601,22.5702,22.6555,30025,true
ZSMPA,2026-09-02T19:15:00Z,22.6555,22.6666,22.5982,22.6093,27470,true
ZSMPA,2026-09-02T19:20:00Z,22.6093,22.6236,22.597,22.6113,31648,true
ZSMPA,2026-09-02T19:25:00Z,22.6113,22.6448,22.5456,22.5791,38993,true
ZSMPA,2026-09-02T19:30:00Z,22.5791,22.6329,22.573,22.6268,49851,true
ZSMPA,2026-09-02T19:35:00Z,22.6268,22.6337,22.6265,22.6333,37559,true
ZSMPA,2026-09-02T19:40:00Z,22.6333,22.6811,22.6267,22.6745,31025,true
ZSMPA,2026-09-02T19:45:00Z,22.6745,22.6787,22.6278,22.632,64355,true
ZSMPA,2026-09-02T19:50:00Z,22.632,22.6363,22.6222,22.6265,48865,true
ZSMPA,2026-09-02T19:55:00Z,22.6265,22.6386,22.5514,22.5634,52575,true
ZSMPA,2026-09-03T13:30:00Z,22.5634,22.5699,22.5543,22.5607,66262,true
ZSMPA,2026-09-03T13:35:00Z,22.5607,22.5661,22.5269,22.5324,48235,true
ZSMPA,2026-09-03T13:40:00Z,22.5324,22.6121,22.5184,22.5982,59723,true
ZSMPA,2026-09-03T13:45:00Z,22.5982,22.6322,22.5919,22.6259,59589,true
ZSMPA,2026-09-03T13:50:00Z,22.6259,22.6712,22.6005,22.6458,45552,true
ZSMPA,2026-09-03T13:55:00Z,22.6458,22.6761,22.6392,22.6696,55734,true
ZSMPA,2026-09-03T14:00:00Z,22.6696,22.7583,22.6443,22.733,53563,true
ZSMPA,2026-09-03T14:05:00Z,22.733,22.7963,22.6946,22.7579,44981,true
ZSMPA,2026-09-03T14:10:00Z,22.7579,22.7628,22.7047,22.7097,41142,true
ZSMPA,2026-09-03T14:15:00Z,22.7097,22.7158,22.6263,22.6324,37814,true
ZSMPA,2026-09-03T14:20:00Z,22.6324,22.6659,22.6293,22.6629,38704,true
ZSMPA,2026-09-03T14:25:00Z,22.6629,22.6642,22.642,22.6433,25084,true
ZSMPA,2026-09-03T14:30:00Z,22.6433,22.6556,22.5831,22.5954,42376,true
ZSMPA,2026-09-03T14:35:00Z,22.5954,22.6045,22.5552,22.5642,49971,true
ZSMPA,2026-09-03T14:40:00Z,22.5642,22.6175,22.5478,22.601,38911,true
ZSMPA,2026-09-03T14:45:00Z,22.601,22.6242,22.5883,22.6115,29383,true
ZSMPA,2026-09-03T14:50:00Z,22.6115,22.6345,22.5996,22.6226,35220,true
ZSMPA,2026-09-03T14:55:00Z,22.6226,22.6611,22.5708,22.6093,30596,true
ZSMPA,2026-09-03T15:00:00Z,22.6093,22.6392,22.601,22.631,38748,true
ZSMPA,2026-09-03T15:05:00Z,22.631,22.6725,22.5896,22.6311,25804,true
ZSMPA,2026-09-03T15:10:00Z,22.6311,22.6328,22.5218,22.5235,36728,true
ZSMPA,2026-09-03T15:15:00Z,22.5235,22.5846,22.5121,22.5731,46022,true
ZSMPA,2026-09-03T15:20:00Z,22.5731,22.6564,22.5385,22.6217,35308,true
ZSMPA,2026-09-03T15:25:00Z,22.6217,22.6325,22.5784,22.5892,24623,true
ZSMPA,2026-09-03T15:30:00Z,22.5892,22.6008,22.5727,22.5843,32440,true
ZSMPA,2026-09-03T15:35:00Z,22.5843,22.5993,22.5346,22.5497,44110,true
ZSMPA,2026-09-03T15:40:00Z,22.5497,22.5736,22.5326,22.5565,26069,true
ZSMPA,2026-09-03T15:45:00Z,22.5565,22.6138,22.5348,22.5922,29330,true
ZSMPA,2026-09-03T15:50:00Z,22.5922,22.599,22.5817,22.5885,36510,true
ZSMPA,2026-09-03T15:55:00Z,22.5885,22.6133,22.5717,22.5965,50181,true
ZSMPA,2026-09-03T16:00:00Z,22.5965,22.606,22.5433,22.5528,35980,true
ZSMPA,2026-09-03T16:05:00Z,22.5528,22.5652,22.5428,22.5552,37542,true
ZSMPA,2026-09-03T16:10:00Z,22.5552,22.5749,22.546,22.5658,41579,true
ZSMPA,2026-09-03T16:15:00Z,22.5658,22.6132,22.5563,22.6037,36144,true
ZSMPA,2026-09-03T16:20:00Z,22.6037,22.6664,22.58,22.6427,24112,true
ZSMPA,2026-09-03T16:25:00Z,22.6427,22.6621,22.6139,22.6333,38439,true
ZSMPA,2026-09-03T16:30:00Z,22.6333,22.6904,22.6142,22.6713,27917,true
ZSMPA,2026-09-03T16:35:00Z,22.6713,22.7058,22.6707,22.7052,20535,true
ZSMPA,2026-09-03T16:40:00Z,22.7052,22.7062,22.6374,22.6384,25299,true
ZSMPA,2026-09-03T16:45:00Z,22.6384,22.7305,22.6377,22.7297,22263,true
ZSMPA,2026-09-03T16:50:00Z,22.7297,22.7493,22.6669,22.6864,32805,true
ZSMPA,2026-09-03T16:55:00Z,22.6864,22.7029,22.631,22.6475,21289,true
ZSMPA,2026-09-03T17:00:00Z,22.6475,22.6519,22.6155,22.6199,27960,true
ZSMPA,2026-09-03T17:05:00Z,22.6199,22.6486,22.592,22.6207,25089,true
ZSMPA,2026-09-03T17:10:00Z,22.6207,22.628,22.6136,22.6208,39399,true
ZSMPA,2026-09-03T17:15:00Z,22.6208,22.6241,22.591,22.5943,31469,true
ZSMPA,2026-09-03T17:20:00Z,22.5943,22.6309,22.5809,22.6176,36453,true
ZSMPA,2026-09-03T17:25:00Z,22.6176,22.6209,22.5653,22.5687,26475,true
ZSMPA,2026-09-03T17:30:00Z,22.5687,22.5785,22.5239,22.5337,25144,true
ZSMPA,2026-09-03T17:35:00Z,22.5337,22.5406,22.5096,22.5165,37552,true
ZSMPA,2026-09-03T17:40:00Z,22.5165,22.558,22.5061,22.5477,21453,true
ZSMPA,2026-09-03T17:45:00Z,22.5477,22.5669,22.458,22.4773,58333,true
ZSMPA,2026-09-03T17:50:00Z,22.4773,22.4805,22.4592,22.4625,26166,true
ZSMPA,2026-09-03T17:55:00Z,22.4625,22.4999,22.4552,22.4927,35744,true
ZSMPA,2026-09-03T18:00:00Z,22.4927,22.5068,22.4711,22.4852,24246,true
ZSMPA,2026-09-03T18:05:00Z,22.4852,22.5132,22.4754,22.5034,20996,true
ZSMPA,2026-09-03T18:10:00Z,22.5034,22.5123,22.4692,22.4782,20879,true
ZSMPA,2026-09-03T18:15:00Z,22.4782,22.5033,22.4518,22.4769,33836,true
ZSMPA,2026-09-03T18:20:00Z,22.4769,22.486,22.433,22.4422,28374,true
ZSMPA,2026-09-03T18:25:00Z,22.4422,22.4454,22.3046,22.3079,30199,true
ZSMPA,2026-09-03T18:30:00Z,22.3079,22.3089,22.2998,22.3008,21426,true
ZSMPA,2026-09-03T18:35:00Z,22.3008,22.357,22.2855,22.3417,29038,true
ZSMPA,2026-09-03T18:40:00Z,22.3417,22.347,22.2891,22.2944,25630,true
ZSMPA,2026-09-03T18:45:00Z,22.2944,22.3195,22.2604,22.2855,37965,true
ZSMPA,2026-09-03T18:50:00Z,22.2855,22.3003,22.2729,22.2877,40234,true
ZSMPA,2026-09-03T18:55:00Z,22.2877,22.3191,22.2871,22.3185,46927,true
ZSMPA,2026-09-03T19:00:00Z,22.3185,22.3287,22.253,22.2632,37293,true
ZSMPA,2026-09-03T19:05:00Z,22.2632,22.2797,22.2211,22.2376,50931,true
ZSMPA,2026-09-03T19:10:00Z,22.2376,22.2541,22.2224,22.239,37203,true
ZSMPA,2026-09-03T19:15:00Z,22.239,22.2564,22.2154,22.2329,41625,true
ZSMPA,2026-09-03T19:20:00Z,22.2329,22.2337,22.2322,22.233,45066,true
ZSMPA,2026-09-03T19:25:00Z,22.233,22.2413,22.1953,22.2037,28167,true
ZSMPA,2026-09-03T19:30:00Z,22.2037,22.2203,22.178,22.1946,45233,true
ZSMPA,2026-09-03T19:35:00Z,22.1946,22.1985,22.1465,22.1503,56660,true
ZSMPA,2026-09-03T19:40:00Z,22.1503,22.2312,22.1369,22.2178,54730,true
ZSMPA,2026-09-03T19:45:00Z,22.2178,22.2419,22.1298,22.1538,56214,true
ZSMPA,2026-09-03T19:50:00Z,22.1538,22.2234,22.135,22.2045,45994,true
ZSMPA,2026-09-03T19:55:00Z,22.2045,22.2778,22.1935,22.2668,78854,true
ZSMPA,2026-09-04T13:30:00Z,22.2668,22.2879,22.2044,22.2255,85686,true
ZSMPA,2026-09-04T13:35:00Z,22.2255,22.2581,22.2197,22.2523,63846,true
ZSMPA,2026-09-04T13:40:00Z,22.2523,22.2764,22.2401,22.2641,49825,true
ZSMPA,2026-09-04T13:45:00Z,22.2641,22.2878,22.2364,22.2601,48322,true
ZSMPA,2026-09-04T13:50:00Z,22.2601,22.2836,22.2157,22.2392,28372,true
ZSMPA,2026-09-04T13:55:00Z,22.2392,22.2492,22.1883,22.1983,66583,true
ZSMPA,2026-09-04T14:00:00Z,22.1983,22.1991,22.165,22.1657,33405,true
ZSMPA,2026-09-04T14:05:00Z,22.1657,22.2458,22.1278,22.2079,52498,true
ZSMPA,2026-09-04T14:10:00Z,22.2079,22.237,22.1872,22.2162,44339,true
ZSMPA,2026-09-04T14:15:00Z,22.2162,22.2972,22.199,22.28,55197,true
ZSMPA,2026-09-04T14:20:00Z,22.28,22.3174,22.2584,22.2958,49264,true
ZSMPA,2026-09-04T14:25:00Z,22.2958,22.3084,22.2666,22.2792,21863,true
ZSMPA,2026-09-04T14:30:00Z,22.2792,22.3407,22.2771,22.3386,55648,true
ZSMPA,2026-09-04T14:35:00Z,22.3386,22.3532,22.3162,22.3308,37804,true
ZSMPA,2026-09-04T14:40:00Z,22.3308,22.4025,22.3257,22.3975,41175,true
ZSMPA,2026-09-04T14:45:00Z,22.3975,22.4117,22.3751,22.3893,30117,true
ZSMPA,2026-09-04T14:50:00Z,22.3893,22.4099,22.3386,22.3592,42571,true
ZSMPA,2026-09-04T14:55:00Z,22.3592,22.3597,22.3276,22.3281,18560,true
ZSMPA,2026-09-04T15:00:00Z,22.3281,22.3646,22.3144,22.3509,30815,true
ZSMPA,2026-09-04T15:05:00Z,22.3509,22.3864,22.3179,22.3533,25391,true
ZSMPA,2026-09-04T15:10:00Z,22.3533,22.3858,22.2578,22.2903,31574,true
ZSMPA,2026-09-04T15:15:00Z,22.2903,22.332,22.2782,22.3199,37285,true
ZSMPA,2026-09-04T15:20:00Z,22.3199,22.3375,22.3133,22.3309,27916,true
ZSMPA,2026-09-04T15:25:00Z,22.3309,22.3385,22.3231,22.3307,25932,true
ZSMPA,2026-09-04T15:30:00Z,22.3307,22.3376,22.3297,22.3366,23627,true
ZSMPA,2026-09-04T15:35:00Z,22.3366,22.3428,22.3062,22.3124,22767,true
ZSMPA,2026-09-04T15:40:00Z,22.3124,22.344,22.2366,22.2681,23609,true
ZSMPA,2026-09-04T15:45:00Z,22.2681,22.2851,22.2612,22.2782,26301,true
ZSMPA,2026-09-04T15:50:00Z,22.2782,22.3075,22.2371,22.2664,31203,true
ZSMPA,2026-09-04T15:55:00Z,22.2664,22.3367,22.2588,22.3292,21248,true
ZSMPA,2026-09-04T16:00:00Z,22.3292,22.3303,22.3156,22.3167,29856,true
ZSMPA,2026-09-04T16:05:00Z,22.3167,22.334,22.3125,22.3298,31159,true
ZSMPA,2026-09-04T16:10:00Z,22.3298,22.3344,22.2851,22.2897,36552,true
ZSMPA,2026-09-04T16:15:00Z,22.2897,22.294,22.2273,22.2317,34820,true
ZSMPA,2026-09-04T16:20:00Z,22.2317,22.2343,22.1954,22.1981,24067,true
ZSMPA,2026-09-04T16:25:00Z,22.1981,22.2358,22.1954,22.2332,31583,true
ZSMPA,2026-09-04T16:30:00Z,22.2332,22.2593,22.1527,22.1789,35127,true
ZSMPA,2026-09-04T16:35:00Z,22.1789,22.2185,22.1087,22.1484,25761,true
ZSMPA,2026-09-04T16:40:00Z,22.1484,22.1578,22.1461,22.1555,46855,true
ZSMPA,2026-09-04T16:45:00Z,22.1555,22.1705,22.1479,22.1628,33563,true
ZSMPA,2026-09-04T16:50:00Z,22.1628,22.2043,22.1036,22.1451,31505,true
ZSMPA,2026-09-04T16:55:00Z,22.1451,22.1833,22.0487,22.0869,29889,true
ZSMPA,2026-09-04T17:00:00Z,22.0869,22.1084,22.0844,22.1059,31295,true
ZSMPA,2026-09-04T17:05:00Z,22.1059,22.1416,22.0989,22.1346,31095,true
ZSMPA,2026-09-04T17:10:00Z,22.1346,22.1447,22.0897,22.0998,21734,true
ZSMPA,2026-09-04T17:15:00Z,22.0998,22.1194,22.0678,22.0873,41716,true
ZSMPA,2026-09-04T17:20:00Z,22.0873,22.0886,22.0835,22.0848,35591,true
ZSMPA,2026-09-04T17:25:00Z,22.0848,22.0857,22.0743,22.0752,43051,true
ZSMPA,2026-09-04T17:30:00Z,22.0752,22.1016,22.0533,22.0798,24727,true
ZSMPA,2026-09-04T17:35:00Z,22.0798,22.1229,22.0416,22.0847,25334,true
ZSMPA,2026-09-04T17:40:00Z,22.0847,22.1314,22.078,22.1246,37383,true
ZSMPA,2026-09-04T17:45:00Z,22.1246,22.2062,22.1042,22.1858,38546,true
ZSMPA,2026-09-04T17:50:00Z,22.1858,22.1946,22.1637,22.1725,28989,true
ZSMPA,2026-09-04T17:55:00Z,22.1725,22.196,22.1473,22.1708,42452,true
ZSMPA,2026-09-04T18:00:00Z,22.1708,22.1774,22.1434,22.15,26259,true
ZSMPA,2026-09-04T18:05:00Z,22.15,22.1631,22.1229,22.136,34771,true
ZSMPA,2026-09-04T18:10:00Z,22.136,22.1773,22.1155,22.1568,51880,true
ZSMPA,2026-09-04T18:15:00Z,22.1568,22.1645,22.0919,22.0996,33268,true
ZSMPA,2026-09-04T18:20:00Z,22.0996,22.2069,22.0832,22.1904,28034,true
ZSMPA,2026-09-04T18:25:00Z,22.1904,22.233,22.1784,22.221,38731,true
ZSMPA,2026-09-04T18:30:00Z,22.221,22.2506,22.1706,22.2002,38035,true
ZSMPA,2026-09-04T18:35:00Z,22.2002,22.235,22.1991,22.2339,41561,true
ZSMPA,2026-09-04T18:40:00Z,22.2339,22.2373,22.2177,22.2212,43703,true
ZSMPA,2026-09-04T18:45:00Z,22.2212,22.2214,22.1932,22.1934,31169,true
ZSMPA,2026-09-04T18:50:00Z,22.1934,22.2126,22.1683,22.1875,28524,true
ZSMPA,2026-09-04T18:55:00Z,22.1875,22.2138,22.1094,22.1356,33676,true
ZSMPA,2026-09-04T19:00:00Z,22.1356,22.1507,22.0858,22.1009,35657,true
ZSMPA,2026-09-04T19:05:00Z,22.1009,22.1068,22.0606,22.0665,32455,true
ZSMPA,2026-09-04T19:10:00Z,22.0665,22.1072,22.0512,22.0919,36873,true
ZSMPA,2026-09-04T19:15:00Z,22.0919,22.1193,22.0069,22.0343,31437,true
ZSMPA,2026-09-04T19:20:00Z,22.0343,22.0438,22.0333,22.0428,53883,true
ZSMPA,2026-09-04T19:25:00Z,22.0428,22.0658,21.9998,22.0228,42750,true
ZSMPA,2026-09-04T19:30:00Z,22.0228,22.0637,22.0215,22.0624,31782,true
ZSMPA,2026-09-04T19:35:00Z,22.0624,22.1343,22.0379,22.1098,50699,true
ZSMPA,2026-09-04T19:40:00Z,22.1098,22.1171,22.0771,22.0844,50992,true
ZSMPA,2026-09-04T19:45:00Z,22.0844,22.1215,22.0715,22.1087,36356,true
ZSMPA,2026-09-04T19:50:00Z,22.1087,22.1543,22.0999,22.1455,51221,true
ZSMPA,2026-09-04T19:55:00Z,22.1455,22.1471,22.1161,22.1177,69827,true
ZSMPA,2026-09-08T13:30:00Z,22.1177,22.1178,22.0859,22.086,97092,true
ZSMPA,2026-09-08T13:35:00Z,22.086,22.0868,22.0736,22.0744,70497,true
ZSMPA,2026-09-08T13:40:00Z,22.0744,22.0934,21.9782,21.9973,77143,true
ZSMPA,2026-09-08T13:45:00Z,21.9973,22.0211,21.9399,21.9637,60813,true
ZSMPA,2026-09-08T13:50:00Z,21.9637,21.9688,21.9115,21.9166,54390,true
ZSMPA,2026-09-08T13:55:00Z,21.9166,21.9355,21.8928,21.9117,31728,true
ZSMPA,2026-09-08T14:00:00Z,21.9117,21.929,21.8809,21.8983,46198,true
ZSMPA,2026-09-08T14:05:00Z,21.8983,21.9092,21.8619,21.8729,44930,true
ZSMPA,2026-09-08T14:10:00Z,21.8729,21.8958,21.8677,21.8906,48817,true
ZSMPA,2026-09-08T14:15:00Z,21.8906,21.9335,21.8764,21.9194,46692,true
ZSMPA,2026-09-08T14:20:00Z,21.9194,21.9874,21.9019,21.97,28664,true
ZSMPA,2026-09-08T14:25:00Z,21.97,21.9843,21.9151,21.9295,37178,true
ZSMPA,2026-09-08T14:30:00Z,21.9295,21.9896,21.9071,21.9671,30567,true
ZSMPA,2026-09-08T14:35:00Z,21.9671,21.9728,21.9299,21.9355,37664,true
ZSMPA,2026-09-08T14:40:00Z,21.9355,21.9578,21.8734,21.8957,44065,true
ZSMPA,2026-09-08T14:45:00Z,21.8957,21.912,21.8927,21.9089,15843,true
ZSMPA,2026-09-08T14:50:00Z,21.9089,21.9207,21.9022,21.914,23195,true
ZSMPA,2026-09-08T14:55:00Z,21.914,22.0168,21.8903,21.9931,31175,true
ZSMPA,2026-09-08T15:00:00Z,21.9931,21.9944,21.9529,21.9541,49851,true
ZSMPA,2026-09-08T15:05:00Z,21.9541,21.9637,21.8939,21.9035,22756,true
ZSMPA,2026-09-08T15:10:00Z,21.9035,21.9144,21.8618,21.8727,34562,true
ZSMPA,2026-09-08T15:15:00Z,21.8727,21.9044,21.8338,21.8655,27742,true
ZSMPA,2026-09-08T15:20:00Z,21.8655,21.9506,21.8498,21.9349,37348,true
ZSMPA,2026-09-08T15:25:00Z,21.9349,21.9379,21.9278,21.9308,28176,true
ZSMPA,2026-09-08T15:30:00Z,21.9308,22.0323,21.8957,21.9972,31841,true
ZSMPA,2026-09-08T15:35:00Z,21.9972,22.0577,21.9902,22.0506,35957,true
ZSMPA,2026-09-08T15:40:00Z,22.0506,22.0588,21.9727,21.9808,20187,true
ZSMPA,2026-09-08T15:45:00Z,21.9808,22.0439,21.958,22.021,38366,true
ZSMPA,2026-09-08T15:50:00Z,22.021,22.0411,21.962,21.9822,23035,true
ZSMPA,2026-09-08T15:55:00Z,21.9822,21.9892,21.9725,21.9795,24890,true
ZSMPA,2026-09-08T16:00:00Z,21.9795,22.0813,21.9515,22.0534,22679,true
ZSMPA,2026-09-08T16:05:00Z,22.0534,22.063,22.041,22.0507,37325,true
ZSMPA,2026-09-08T16:10:00Z,22.0507,22.0987,22.025,22.0731,28524,true
ZSMPA,2026-09-08T16:15:00Z,22.0731,22.0841,22.0504,22.0614,26576,true
ZSMPA,2026-09-08T16:20:00Z,22.0614,22.072,22.0112,22.0217,33972,true
ZSMPA,2026-09-08T16:25:00Z,22.0217,22.0296,21.9918,21.9997,53875,true
ZSMPA,2026-09-08T16:30:00Z,21.9997,22.0088,21.9954,22.0044,28742,true
ZSMPA,2026-09-08T16:35:00Z,22.0044,22.0231,21.9722,21.9909,20568,true
ZSMPA,2026-09-08T16:40:00Z,21.9909,22.0023,21.9116,21.923,24438,true
ZSMPA,2026-09-08T16:45:00Z,21.923,21.941,21.9199,21.9378,39442,true
ZSMPA,2026-09-08T16:50:00Z,21.9378,21.9704,21.9264,21.959,45821,true
ZSMPA,2026-09-08T16:55:00Z,21.959,22.013,21.9514,22.0054,28355,true
ZSMPA,2026-09-08T17:00:00Z,22.0054,22.0245,21.9978,22.0168,36311,true
ZSMPA,2026-09-08T17:05:00Z,22.0168,22.0202,21.9233,21.9267,30677,true
ZSMPA,2026-09-08T17:10:00Z,21.9267,21.9812,21.9225,21.9769,15636,true
ZSMPA,2026-09-08T17:15:00Z,21.9769,21.9905,21.9562,21.9697,21302,true
ZSMPA,2026-09-08T17:20:00Z,21.9697,21.9737,21.969,21.9729,27792,true
ZSMPA,2026-09-08T17:25:00Z,21.9729,21.9813,21.9699,21.9783,25556,true
ZSMPA,2026-09-08T17:30:00Z,21.9783,22.0288,21.9567,22.0072,33125,true
ZSMPA,2026-09-08T17:35:00Z,22.0072,22.0179,21.8999,21.9106,28935,true
ZSMPA,2026-09-08T17:40:00Z,21.9106,21.9273,21.877,21.8937,31914,true
ZSMPA,2026-09-08T17:45:00Z,21.8937,21.8949,21.8761,21.8774,22735,true
ZSMPA,2026-09-08T17:50:00Z,21.8774,21.8896,21.8309,21.8431,30027,true
ZSMPA,2026-09-08T17:55:00Z,21.8431,21.8635,21.7641,21.7845,28644,true
ZSMPA,2026-09-08T18:00:00Z,21.7845,21.8146,21.7552,21.7853,25145,true
ZSMPA,2026-09-08T18:05:00Z,21.7853,21.8249,21.7628,21.8023,29082,true
ZSMPA,2026-09-08T18:10:00Z,21.8023,21.8469,21.7778,21.8224,31441,true
ZSMPA,2026-09-08T18:15:00Z,21.8224,21.8263,21.7863,21.7903,36183,true
ZSMPA,2026-09-08T18:20:00Z,21.7903,21.8019,21.7812,21.7928,33996,true
ZSMPA,2026-09-08T18:25:00Z,21.7928,21.8322,21.7844,21.8238,28797,true
ZSMPA,2026-09-08T18:30:00Z,21.8238,21.8552,21.7781,21.8095,37419,true
ZSMPA,2026-09-08T18:35:00Z,21.8095,21.838,21.7885,21.817,29195,true
ZSMPA,2026-09-08T18:40:00Z,21.817,21.874,21.7982,21.8552,32019,true
ZSMPA,2026-09-08T18:45:00Z,21.8552,21.8885,21.8484,21.8818,29459,true
ZSMPA,2026-09-08T18:50:00Z,21.8818,21.9316,21.8641,21.9138,39349,true
ZSMPA,2026-09-08T18:55:00Z,21.9138,21.9643,21.8345,21.8849,36894,true
ZSMPA,2026-09-08T19:00:00Z,21.8849,21.9728,21.8605,21.9484,43603,true
ZSMPA,2026-09-08T19:05:00Z,21.9484,21.9902,21.9477,21.9894,32911,true
ZSMPA,2026-09-08T19:10:00Z,21.9894,21.9986,21.9637,21.9728,52803,true
ZSMPA,2026-09-08T19:15:00Z,21.9728,22.0261,21.9706,22.0239,34477,true
ZSMPA,2026-09-08T19:20:00Z,22.0239,22.0287,21.9914,21.9962,51679,true
ZSMPA,2026-09-08T19:25:00Z,21.9962,22.0205,21.9195,21.9438,44110,true
ZSMPA,2026-09-08T19:30:00Z,21.9438,22.0095,21.9356,22.0013,45712,true
ZSMPA,2026-09-08T19:35:00Z,22.0013,22.0349,21.8797,21.9132,54470,true
ZSMPA,2026-09-08T19:40:00Z,21.9132,21.9343,21.8784,21.8995,51895,true
ZSMPA,2026-09-08T19:45:00Z,21.8995,21.9311,21.8796,21.9113,67133,true
ZSMPA,2026-09-08T19:50:00Z,21.9113,21.912,21.8985,21.8992,70964,true
ZSMPA,2026-09-08T19:55:00Z,21.8992,21.9191,21.823,21.8429,37314,true
ZSMPA,2026-09-09T13:30:00Z,21.8429,21.9008,21.8107,21.8686,113502,true
ZSMPA,2026-09-09T13:35:00Z,21.8686,21.8782,21.8244,21.834,94043,true
ZSMPA,2026-09-09T13:40:00Z,21.834,21.8996,21.8086,21.8742,58737,true
ZSMPA,2026-09-09T13:45:00Z,21.8742,21.8821,21.861,21.8688,69422,true
ZSMPA,2026-09-09T13:50:00Z,21.8688,21.9061,21.8632,21.9005,48012,true
ZSMPA,2026-09-09T13:55:00Z,21.9005,21.9079,21.8429,21.8504,53377,true
ZSMPA,2026-09-09T14:00:00Z,21.8504,21.8593,21.7935,21.8024,51115,true
ZSMPA,2026-09-09T14:05:00Z,21.8024,21.8041,21.783,21.7847,48917,true
ZSMPA,2026-09-09T14:10:00Z,21.7847,21.7885,21.784,21.7878,54828,true
ZSMPA,2026-09-09T14:15:00Z,21.7878,21.8007,21.766,21.7788,37315,true
ZSMPA,2026-09-09T14:20:00Z,21.7788,21.7827,21.7451,21.7489,50192,true
ZSMPA,2026-09-09T14:25:00Z,21.7489,21.7687,21.7207,21.7405,26489,true
ZSMPA,2026-09-09T14:30:00Z,21.7405,21.7495,21.6817,21.6907,30123,true
ZSMPA,2026-09-09T14:35:00Z,21.6907,21.7544,21.6466,21.7102,21040,true
ZSMPA,2026-09-09T14:40:00Z,21.7102,21.7192,21.7056,21.7146,37856,true
ZSMPA,2026-09-09T14:45:00Z,21.7146,21.7406,21.629,21.655,41744,true
ZSMPA,2026-09-09T14:50:00Z,21.655,21.676,21.6491,21.6701,40718,true
ZSMPA,2026-09-09T14:55:00Z,21.6701,21.7651,21.6408,21.7358,34413,true
ZSMPA,2026-09-09T15:00:00Z,21.7358,21.756,21.7185,21.7388,53800,true
ZSMPA,2026-09-09T15:05:00Z,21.7388,21.7495,21.6914,21.7021,31117,true
ZSMPA,2026-09-09T15:10:00Z,21.7021,21.7107,21.6883,21.6969,35336,true
ZSMPA,2026-09-09T15:15:00Z,21.6969,21.7107,21.6901,21.7039,23989,true
ZSMPA,2026-09-09T15:20:00Z,21.7039,21.7183,21.5789,21.5932,40287,true
ZSMPA,2026-09-09T15:25:00Z,21.5932,21.6092,21.5929,21.6089,33458,true
ZSMPA,2026-09-09T15:30:00Z,21.6089,21.6336,21.6036,21.6282,31611,true
ZSMPA,2026-09-09T15:35:00Z,21.6282,21.6631,21.6099,21.6448,28896,true
ZSMPA,2026-09-09T15:40:00Z,21.6448,21.7081,21.6328,21.6962,25242,true
ZSMPA,2026-09-09T15:45:00Z,21.6962,21.7114,21.6655,21.6806,34489,true
ZSMPA,2026-09-09T15:50:00Z,21.6806,21.6821,21.6532,21.6547,37350,true
ZSMPA,2026-09-09T15:55:00Z,21.6547,21.7155,21.6478,21.7086,39036,true
ZSMPA,2026-09-09T16:00:00Z,21.7086,21.7965,21.7043,21.7923,39782,true
ZSMPA,2026-09-09T16:05:00Z,21.7923,21.8294,21.7684,21.8054,30924,true
ZSMPA,2026-09-09T16:10:00Z,21.8054,21.8105,21.8005,21.8056,32258,true
ZSMPA,2026-09-09T16:15:00Z,21.8056,21.8148,21.7889,21.7981,24103,true
ZSMPA,2026-09-09T16:20:00Z,21.7981,21.852,21.7897,21.8436,28890,true
ZSMPA,2026-09-09T16:25:00Z,21.8436,21.8479,21.8329,21.8373,28797,true
ZSMPA,2026-09-09T16:30:00Z,21.8373,21.858,21.837,21.8578,44390,true
ZSMPA,2026-09-09T16:35:00Z,21.8578,22.0098,21.8177,21.9697,35543,true
ZSMPA,2026-09-09T16:40:00Z,21.9697,21.9956,21.956,21.9819,25185,true
ZSMPA,2026-09-09T16:45:00Z,21.9819,22.0216,21.966,22.0057,30326,true
ZSMPA,2026-09-09T16:50:00Z,22.0057,22.0908,21.9834,22.0684,35485,true
ZSMPA,2026-09-09T16:55:00Z,22.0684,22.0702,22.0239,22.0257,37328,true
ZSMPA,2026-09-09T17:00:00Z,22.0257,22.0439,22.0245,22.0427,33204,true
ZSMPA,2026-09-09T17:05:00Z,22.0427,22.0701,21.99,22.0174,28419,true
ZSMPA,2026-09-09T17:10:00Z,22.0174,22.0554,21.9936,22.0315,45888,true
ZSMPA,2026-09-09T17:15:00Z,22.0315,22.0488,21.9486,21.9658,33442,true
ZSMPA,2026-09-09T17:20:00Z,21.9658,22.0284,21.936,21.9986,34084,true
ZSMPA,2026-09-09T17:25:00Z,21.9986,22.0146,21.9933,22.0093,36072,true
ZSMPA,2026-09-09T17:30:00Z,22.0093,22.0502,21.9979,22.0389,45457,true
ZSMPA,2026-09-09T17:35:00Z,22.0389,22.0539,21.9753,21.9904,25864,true
ZSMPA,2026-09-09T17:40:00Z,21.9904,22.0209,21.9896,22.0202,21108,true
ZSMPA,2026-09-09T17:45:00Z,22.0202,22.0751,22.016,22.071,31392,true
ZSMPA,2026-09-09T17:50:00Z,22.071,22.0961,22.0666,22.0917,25440,true
ZSMPA,2026-09-09T17:55:00Z,22.0917,22.1154,22.0594,22.083,24613,true
ZSMPA,2026-09-09T18:00:00Z,22.083,22.0939,22.0784,22.0892,29359,true
ZSMPA,2026-09-09T18:05:00Z,22.0892,22.1441,22.0844,22.1393,37024,true
ZSMPA,2026-09-09T18:10:00Z,22.1393,22.1552,21.9875,22.0035,17617,true
ZSMPA,2026-09-09T18:15:00Z,22.0035,22.0974,21.9895,22.0834,33949,true
ZSMPA,2026-09-09T18:20:00Z,22.0834,22.1228,22.0572,22.0966,21094,true
ZSMPA,2026-09-09T18:25:00Z,22.0966,22.1009,22.062,22.0663,39369,true
ZSMPA,2026-09-09T18:30:00Z,22.0663,22.0878,22.0114,22.033,52533,true
ZSMPA,2026-09-09T18:35:00Z,22.033,22.0455,21.9515,21.964,26766,true
ZSMPA,2026-09-09T18:40:00Z,21.964,22.0421,21.9454,22.0235,27182,true
ZSMPA,2026-09-09T18:45:00Z,22.0235,22.0773,22.0178,22.0716,39216,true
ZSMPA,2026-09-09T18:50:00Z,22.0716,22.0842,22.0397,22.0523,26489,true
ZSMPA,2026-09-09T18:55:00Z,22.0523,22.0972,22.0467,22.0917,37527,true
ZSMPA,2026-09-09T19:00:00Z,22.0917,22.0998,22.0551,22.0631,35416,true
ZSMPA,2026-09-09T19:05:00Z,22.0631,22.1037,22.0217,22.0623,50090,true
ZSMPA,2026-09-09T19:10:00Z,22.0623,22.0685,22.0276,22.0338,27180,true
ZSMPA,2026-09-09T19:15:00Z,22.0338,22.0422,22.0157,22.0241,41732,true
ZSMPA,2026-09-09T19:20:00Z,22.0241,22.075,22.0046,22.0556,37330,true
ZSMPA,2026-09-09T19:25:00Z,22.0556,22.1218,22.0458,22.112,47707,true
ZSMPA,2026-09-09T19:30:00Z,22.112,22.1227,22.081,22.0917,57527,true
ZSMPA,2026-09-09T19:35:00Z,22.0917,22.1065,22.0607,22.0755,73156,true
ZSMPA,2026-09-09T19:40:00Z,22.0755,22.1121,22.055,22.0916,38845,true
ZSMPA,2026-09-09T19:45:00Z,22.0916,22.1009,22.0727,22.082,71781,true
ZSMPA,2026-09-09T19:50:00Z,22.082,22.0831,22.0787,22.0798,47190,true
ZSMPA,2026-09-09T19:55:00Z,22.0798,22.1146,22.0546,22.0894,51383,true
ZSMPA,2026-09-10T13:30:00Z,22.0894,22.1215,22.0811,22.1131,79901,true
ZSMPA,2026-09-10T13:35:00Z,22.1131,22.1487,22.077,22.1125,88021,true
ZSMPA,2026-09-10T13:40:00Z,22.1125,22.1577,22.0343,22.0795,64034,true
ZSMPA,2026-09-10T13:45:00Z,22.0795,22.0826,22.0549,22.058,56386,true
ZSMPA,2026-09-10T13:50:00Z,22.058,22.0585,22.0432,22.0436,45591,true
ZSMPA,2026-09-10T13:55:00Z,22.0436,22.0979,22.0327,22.087,39151,true
ZSMPA,2026-09-10T14:00:00Z,22.087,22.1028,22.0576,22.0734,45524,true
ZSMPA,2026-09-10T14:05:00Z,22.0734,22.1009,22.0366,22.064,57045,true
ZSMPA,2026-09-10T14:10:00Z,22.064,22.1219,22.055,22.1128,39186,true
ZSMPA,2026-09-10T14:15:00Z,22.1128,22.1412,22.0388,22.0672,43746,true
ZSMPA,2026-09-10T14:20:00Z,22.0672,22.0789,22.055,22.0667,33655,true
ZSMPA,2026-09-10T14:25:00Z,22.0667,22.0691,22.0233,22.0258,48113,true
ZSMPA,2026-09-10T14:30:00Z,22.0258,22.0419,21.9958,22.0119,34111,true
ZSMPA,2026-09-10T14:35:00Z,22.0119,22.0156,21.9938,21.9975,54638,true
ZSMPA,2026-09-10T14:40:00Z,21.9975,22.0048,21.9812,21.9885,41925,true
ZSMPA,2026-09-10T14:45:00Z,21.9885,22.0008,21.9373,21.9496,26336,true
ZSMPA,2026-09-10T14:50:00Z,21.9496,21.97,21.936,21.9564,49053,true
ZSMPA,2026-09-10T14:55:00Z,21.9564,21.9693,21.9342,21.9471,31737,true
ZSMPA,2026-09-10T15:00:00Z,21.9471,21.9519,21.8979,21.9028,37190,true
ZSMPA,2026-09-10T15:05:00Z,21.9028,21.9526,21.8882,21.938,34573,true
ZSMPA,2026-09-10T15:10:00Z,21.938,21.9461,21.9292,21.9373,28002,true
ZSMPA,2026-09-10T15:15:00Z,21.9373,21.9761,21.919,21.9579,29364,true
ZSMPA,2026-09-10T15:20:00Z,21.9579,21.9791,21.9529,21.9742,40931,true
ZSMPA,2026-09-10T15:25:00Z,21.9742,21.9982,21.9504,21.9745,23010,true
ZSMPA,2026-09-10T15:30:00Z,21.9745,21.9766,21.955,21.9571,29866,true
ZSMPA,2026-09-10T15:35:00Z,21.9571,21.9919,21.9419,21.9767,28223,true
ZSMPA,2026-09-10T15:40:00Z,21.9767,21.9989,21.9248,21.947,31604,true
ZSMPA,2026-09-10T15:45:00Z,21.947,21.9618,21.9267,21.9415,26820,true
ZSMPA,2026-09-10T15:50:00Z,21.9415,21.9565,21.9186,21.9336,26715,true
ZSMPA,2026-09-10T15:55:00Z,21.9336,21.9676,21.8683,21.9022,33320,true
ZSMPA,2026-09-10T16:00:00Z,21.9022,21.9083,21.8399,21.8459,29948,true
ZSMPA,2026-09-10T16:05:00Z,21.8459,21.8727,21.776,21.8029,36665,true
ZSMPA,2026-09-10T16:10:00Z,21.8029,21.953,21.7692,21.9193,45653,true
ZSMPA,2026-09-10T16:15:00Z,21.9193,21.9308,21.9102,21.9217,43276,true
ZSMPA,2026-09-10T16:20:00Z,21.9217,21.9499,21.8964,21.9246,34902,true
ZSMPA,2026-09-10T16:25:00Z,21.9246,21.9642,21.8991,21.9388,24078,true
ZSMPA,2026-09-10T16:30:00Z,21.9388,21.9424,21.9065,21.9101,27398,true
ZSMPA,2026-09-10T16:35:00Z,21.9101,21.913,21.8943,21.8971,18997,true
ZSMPA,2026-09-10T16:40:00Z,21.8971,21.8985,21.8915,21.8929,41175,true
ZSMPA,2026-09-10T16:45:00Z,21.8929,21.9136,21.8767,21.8974,25074,true
ZSMPA,2026-09-10T16:50:00Z,21.8974,21.9059,21.8948,21.9033,39396,true
ZSMPA,2026-09-10T16:55:00Z,21.9033,21.9356,21.9018,21.9341,43563,true
ZSMPA,2026-09-10T17:00:00Z,21.9341,21.9492,21.8849,21.8999,27353,true
ZSMPA,2026-09-10T17:05:00Z,21.8999,21.9052,21.8977,21.903,18224,true
ZSMPA,2026-09-10T17:10:00Z,21.903,21.9042,21.8552,21.8564,35076,true
ZSMPA,2026-09-10T17:15:00Z,21.8564,21.8715,21.8155,21.8306,43128,true
ZSMPA,2026-09-10T17:20:00Z,21.8306,21.8567,21.7685,21.7946,29906,true
ZSMPA,2026-09-10T17:25:00Z,21.7946,21.8324,21.6806,21.7184,29696,true
ZSMPA,2026-09-10T17:30:00Z,21.7184,21.7681,21.6708,21.7205,33766,true
ZSMPA,2026-09-10T17:35:00Z,21.7205,21.7328,21.6701,21.6824,36012,true
ZSMPA,2026-09-10T17:40:00Z,21.6824,21.6828,21.6775,21.6778,45956,true
ZSMPA,2026-09-10T17:45:00Z,21.6778,21.697,21.6274,21.6466,31003,true
ZSMPA,2026-09-10T17:50:00Z,21.6466,21.6521,21.6206,21.6261,25707,true
ZSMPA,2026-09-10T17:55:00Z,21.6261,21.6958,21.6114,21.6811,36216,true
ZSMPA,2026-09-10T18:00:00Z,21.6811,21.688,21.6746,21.6815,42617,true
ZSMPA,2026-09-10T18:05:00Z,21.6815,21.7046,21.6345,21.6575,26337,true
ZSMPA,2026-09-10T18:10:00Z,21.6575,21.6677,21.6559,21.666,38956,true
ZSMPA,2026-09-10T18:15:00Z,21.666,21.7023,21.6627,21.699,37271,true
ZSMPA,2026-09-10T18:20:00Z,21.699,21.7198,21.678,21.6989,27399,true
ZSMPA,2026-09-10T18:25:00Z,21.6989,21.7814,21.653,21.7355,32795,true
ZSMPA,2026-09-10T18:30:00Z,21.7355,21.8126,21.7311,21.8083,29943,true
ZSMPA,2026-09-10T18:35:00Z,21.8083,21.8142,21.7728,21.7787,20432,true
ZSMPA,2026-09-10T18:40:00Z,21.7787,21.7948,21.7573,21.7734,52984,true
ZSMPA,2026-09-10T18:45:00Z,21.7734,21.8359,21.7402,21.8027,46773,true
ZSMPA,2026-09-10T18:50:00Z,21.8027,21.8121,21.7155,21.7249,30253,true
ZSMPA,2026-09-10T18:55:00Z,21.7249,21.7928,21.7204,21.7883,31695,true
ZSMPA,2026-09-10T19:00:00Z,21.7883,21.7895,21.7848,21.786,37747,true
ZSMPA,2026-09-10T19:05:00Z,21.786,21.8191,21.7723,21.8055,31097,true
ZSMPA,2026-09-10T19:10:00Z,21.8055,21.8063,21.7243,21.7251,40101,true
ZSMPA,2026-09-10T19:15:00Z,21.7251,21.7648,21.6419,21.6816,28854,true
ZSMPA,2026-09-10T19:20:00Z,21.6816,21.6925,21.6681,21.6789,33424,true
ZSMPA,2026-09-10T19:25:00Z,21.6789,21.7146,21.6628,21.6984,60517,true
ZSMPA,2026-09-10T19:30:00Z,21.6984,21.7449,21.6944,21.7409,43470,true
ZSMPA,2026-09-10T19:35:00Z,21.7409,21.7782,21.7115,21.7488,44313,true
ZSMPA,2026-09-10T19:40:00Z,21.7488,21.8377,21.7205,21.8093,47975,true
ZSMPA,2026-09-10T19:45:00Z,21.8093,21.8775,21.783,21.8512,58853,true
ZSMPA,2026-09-10T19:50:00Z,21.8512,21.9016,21.832,21.8824,72390,true
ZSMPA,2026-09-10T19:55:00Z,21.8824,21.8988,21.8615,21.8779,46231,true
ZSMPA,2026-09-11T13:30:00Z,21.8779,21.8904,21.8224,21.835,63212,true
ZSMPA,2026-09-11T13:35:00Z,21.835,21.8417,21.8134,21.8201,77305,true
ZSMPA,2026-09-11T13:40:00Z,21.8201,21.8623,21.8189,21.8611,68468,true
ZSMPA,2026-09-11T13:45:00Z,21.8611,21.9409,21.8441,21.9239,73441,true
ZSMPA,2026-09-11T13:50:00Z,21.9239,21.9862,21.8987,21.9611,32397,true
ZSMPA,2026-09-11T13:55:00Z,21.9611,22.0133,21.9505,22.0027,51966,true
ZSMPA,2026-09-11T14:00:00Z,22.0027,22.0075,21.9366,21.9414,37764,true
ZSMPA,2026-09-11T14:05:00Z,21.9414,21.9857,21.9242,21.9686,39278,true
ZSMPA,2026-09-11T14:10:00Z,21.9686,22.0498,21.9566,22.0378,53283,true
ZSMPA,2026-09-11T14:15:00Z,22.0378,22.0478,22.0278,22.0378,52078,true
ZSMPA,2026-09-11T14:20:00Z,22.0378,22.0423,22.0249,22.0295,41736,true
ZSMPA,2026-09-11T14:25:00Z,22.0295,22.0573,21.9971,22.0248,26966,true
ZSMPA,2026-09-11T14:30:00Z,22.0248,22.0327,21.977,21.9849,25790,true
ZSMPA,2026-09-11T14:35:00Z,21.9849,21.9998,21.9772,21.9922,43114,true
ZSMPA,2026-09-11T14:40:00Z,21.9922,22.015,21.9909,22.0137,26590,true
ZSMPA,2026-09-11T14:45:00Z,22.0137,22.02,22.0065,22.0128,45488,true
ZSMPA,2026-09-11T14:50:00Z,22.0128,22.0233,21.9912,22.0018,24789,true
ZSMPA,2026-09-11T14:55:00Z,22.0018,22.0244,21.9424,21.9651,25138,true
ZSMPA,2026-09-11T15:00:00Z,21.9651,21.9683,21.9537,21.9568,21724,true
ZSMPA,2026-09-11T15:05:00Z,21.9568,21.9581,21.9567,21.9579,38469,true
ZSMPA,2026-09-11T15:10:00Z,21.9579,21.9704,21.9425,21.9549,29845,true
ZSMPA,2026-09-11T15:15:00Z,21.9549,21.9683,21.881,21.8944,32415,true
ZSMPA,2026-09-11T15:20:00Z,21.8944,21.9399,21.8875,21.9329,21764,true
ZSMPA,2026-09-11T15:25:00Z,21.9329,21.9693,21.8967,21.9331,24174,true
ZSMPA,2026-09-11T15:30:00Z,21.9331,21.9384,21.9222,21.9275,30741,true
ZSMPA,2026-09-11T15:35:00Z,21.9275,21.9658,21.9186,21.9569,38583,true
ZSMPA,2026-09-11T15:40:00Z,21.9569,21.9868,21.9326,21.9625,39234,true
ZSMPA,2026-09-11T15:45:00Z,21.9625,21.9764,21.9178,21.9316,20585,true
ZSMPA,2026-09-11T15:50:00Z,21.9316,21.9386,21.887,21.8939,22670,true
ZSMPA,2026-09-11T15:55:00Z,21.8939,21.9203,21.8616,21.888,34524,true
ZSMPA,2026-09-11T16:00:00Z,21.888,21.9698,21.8834,21.9652,25540,true
ZSMPA,2026-09-11T16:05:00Z,21.9652,22.0426,21.9634,22.0408,25501,true
ZSMPA,2026-09-11T16:10:00Z,22.0408,22.0731,21.9703,22.0025,26986,true
ZSMPA,2026-09-11T16:15:00Z,22.0025,22.0239,21.9959,22.0172,25075,true
ZSMPA,2026-09-11T16:20:00Z,22.0172,22.026,21.992,22.0009,28108,true
ZSMPA,2026-09-11T16:25:00Z,22.0009,22.0065,21.9382,21.9439,34918,true
ZSMPA,2026-09-11T16:30:00Z,21.9439,22.01,21.9036,21.9697,28686,true
ZSMPA,2026-09-11T16:35:00Z,21.9697,21.9789,21.9479,21.9571,35867,true
ZSMPA,2026-09-11T16:40:00Z,21.9571,22.0207,21.9554,22.0189,26295,true
ZSMPA,2026-09-11T16:45:00Z,22.0189,22.0293,21.9607,21.9711,40438,true
ZSMPA,2026-09-11T16:50:00Z,21.9711,22.0154,21.9059,21.9503,25269,true
ZSMPA,2026-09-11T16:55:00Z,21.9503,21.9546,21.9153,21.9197,28307,true
ZSMPA,2026-09-11T17:00:00Z,21.9197,21.9786,21.8863,21.9452,31526,true
ZSMPA,2026-09-11T17:05:00Z,21.9452,21.9657,21.9043,21.9248,35698,true
ZSMPA,2026-09-11T17:10:00Z,21.9248,21.9344,21.9182,21.9278,48504,true
ZSMPA,2026-09-11T17:15:00Z,21.9278,21.9518,21.8873,21.9114,27239,true
ZSMPA,2026-09-11T17:20:00Z,21.9114,21.9626,21.8956,21.9468,38196,true
ZSMPA,2026-09-11T17:25:00Z,21.9468,21.9473,21.9219,21.9224,33405,true
ZSMPA,2026-09-11T17:30:00Z,21.9224,22.0542,21.8994,22.0313,38526,true
ZSMPA,2026-09-11T17:35:00Z,22.0313,22.0555,21.9838,22.008,36590,true
ZSMPA,2026-09-11T17:40:00Z,22.008,22.0174,21.9877,21.9971,20921,true
ZSMPA,2026-09-11T17:45:00Z,21.9971,21.9989,21.9133,21.915,21964,true
ZSMPA,2026-09-11T17:50:00Z,21.915,21.9514,21.9119,21.9482,27593,true
ZSMPA,2026-09-11T17:55:00Z,21.9482,21.9854,21.9369,21.9741,41114,true
ZSMPA,2026-09-11T18:00:00Z,21.9741,22.0142,21.9443,21.9845,28195,true
ZSMPA,2026-09-11T18:05:00Z,21.9845,22.0227,21.9596,21.9977,21052,true
ZSMPA,2026-09-11T18:10:00Z,21.9977,22.0308,21.9967,22.0297,22405,true
ZSMPA,2026-09-11T18:15:00Z,22.0297,22.0961,22.0145,22.0809,24375,true
ZSMPA,2026-09-11T18:20:00Z,22.0809,22.1353,22.0621,22.1165,33386,true
ZSMPA,2026-09-11T18:25:00Z,22.1165,22.1415,22.1055,22.1305,39660,true
ZSMPA,2026-09-11T18:30:00Z,22.1305,22.1547,22.0695,22.0937,33912,true
ZSMPA,2026-09-11T18:35:00Z,22.0937,22.1687,22.0739,22.1489,21582,true
ZSMPA,2026-09-11T18:40:00Z,22.1489,22.2205,22.1424,22.214,35301,true
ZSMPA,2026-09-11T18:45:00Z,22.214,22.2396,22.1157,22.1413,26659,true
ZSMPA,2026-09-11T18:50:00Z,22.1413,22.1509,22.1372,22.1468,49510,true
ZSMPA,2026-09-11T18:55:00Z,22.1468,22.1664,22.1135,22.133,52105,true
ZSMPA,2026-09-11T19:00:00Z,22.133,22.142,22.0834,22.0923,46828,true
ZSMPA,2026-09-11T19:05:00Z,22.0923,22.1381,22.0848,22.1306,38420,true
ZSMPA,2026-09-11T19:10:00Z,22.1306,22.175,22.119,22.1634,39974,true
ZSMPA,2026-09-11T19:15:00Z,22.1634,22.1834,22.1218,22.1418,31211,true
ZSMPA,2026-09-11T19:20:00Z,22.1418,22.1662,22.1377,22.1621,38997,true
ZSMPA,2026-09-11T19:25:00Z,22.1621,22.1862,22.1465,22.1706,43951,true
ZSMPA,2026-09-11T19:30:00Z,22.1706,22.171,22.1539,22.1543,61521,true
ZSMPA,2026-09-11T19:35:00Z,22.1543,22.1747,22.143,22.1634,29453,true
ZSMPA,2026-09-11T19:40:00Z,22.1634,22.1847,22.1522,22.1734,107198,true
ZSMPA,2026-09-11T19:45:00Z,22.1734,22.1781,22.1666,22.1713,48189,true
ZSMPA,2026-09-11T19:50:00Z,22.1713,22.1852,22.1076,22.1216,50000,true
ZSMPA,2026-09-11T19:55:00Z,22.1216,22.1912,22.1057,22.1753,73768,true
ZSMPA,2026-09-14T13:30:00Z,22.1753,22.1869,22.1633,22.1748,60104,true
ZSMPA,2026-09-14T13:35:00Z,22.1748,22.1831,22.1635,22.1717,61225,true
ZSMPA,2026-09-14T13:40:00Z,22.1717,22.1882,22.1077,22.1242,53732,true
ZSMPA,2026-09-14T13:45:00Z,22.1242,22.1505,22.1153,22.1416,63995,true
ZSMPA,2026-09-14T13:50:00Z,22.1416,22.1806,22.1413,22.1803,51325,true
ZSMPA,2026-09-14T13:55:00Z,22.1803,22.2538,22.1491,22.2225,57156,true
ZSMPA,2026-09-14T14:00:00Z,22.2225,22.2239,22.2013,22.2026,36736,true
ZSMPA,2026-09-14T14:05:00Z,22.2026,22.2332,22.1358,22.1664,56685,true
ZSMPA,2026-09-14T14:10:00Z,22.1664,22.1668,22.1512,22.1516,39064,true
ZSMPA,2026-09-14T14:15:00Z,22.1516,22.156,22.0996,22.104,54988,true
ZSMPA,2026-09-14T14:20:00Z,22.104,22.1471,22.0796,22.1226,31391,true
ZSMPA,2026-09-14T14:25:00Z,22.1226,22.1548,22.0971,22.1293,39118,true
ZSMPA,2026-09-14T14:30:00Z,22.1293,22.149,22.1109,22.1306,41931,true
ZSMPA,2026-09-14T14:35:00Z,22.1306,22.1352,22.1299,22.1344,35028,true
ZSMPA,2026-09-14T14:40:00Z,22.1344,22.2291,22.1194,22.2141,28529,true
ZSMPA,2026-09-14T14:45:00Z,22.2141,22.2589,22.2051,22.2499,25378,true
ZSMPA,2026-09-14T14:50:00Z,22.2499,22.3133,22.2284,22.2917,40047,true
ZSMPA,2026-09-14T14:55:00Z,22.2917,22.3614,22.2661,22.3357,30811,true
ZSMPA,2026-09-14T15:00:00Z,22.3357,22.3427,22.3116,22.3186,37513,true
ZSMPA,2026-09-14T15:05:00Z,22.3186,22.328,22.2872,22.2966,30548,true
ZSMPA,2026-09-14T15:10:00Z,22.2966,22.3446,22.2702,22.3182,22171,true
ZSMPA,2026-09-14T15:15:00Z,22.3182,22.3486,22.3112,22.3416,17757,true
ZSMPA,2026-09-14T15:20:00Z,22.3416,22.3508,22.3183,22.3276,39118,true
ZSMPA,2026-09-14T15:25:00Z,22.3276,22.3369,22.3037,22.3131,33375,true
ZSMPA,2026-09-14T15:30:00Z,22.3131,22.3241,22.2888,22.2999,30308,true
ZSMPA,2026-09-14T15:35:00Z,22.2999,22.379,22.2701,22.3493,29479,true
ZSMPA,2026-09-14T15:40:00Z,22.3493,22.3549,22.2962,22.3018,35852,true
ZSMPA,2026-09-14T15:45:00Z,22.3018,22.3041,22.2739,22.2763,26822,true
ZSMPA,2026-09-14T15:50:00Z,22.2763,22.298,22.263,22.2847,49342,true
ZSMPA,2026-09-14T15:55:00Z,22.2847,22.3317,22.2775,22.3245,29391,true
ZSMPA,2026-09-14T16:00:00Z,22.3245,22.3342,22.3192,22.329,34056,true
ZSMPA,2026-09-14T16:05:00Z,22.329,22.3504,22.297,22.3184,26806,true
ZSMPA,2026-09-14T16:10:00Z,22.3184,22.3241,22.3032,22.3089,26954,true
ZSMPA,2026-09-14T16:15:00Z,22.3089,22.3285,22.2802,22.2999,29637,true
ZSMPA,2026-09-14T16:20:00Z,22.2999,22.34,22.2878,22.3279,43623,true
ZSMPA,2026-09-14T16:25:00Z,22.3279,22.3719,22.3024,22.3463,23451,true
ZSMPA,2026-09-14T16:30:00Z,22.3463,22.3505,22.3443,22.3484,23282,true
ZSMPA,2026-09-14T16:35:00Z,22.3484,22.4145,22.3191,22.3851,30614,true
ZSMPA,2026-09-14T16:40:00Z,22.3851,22.3955,22.3743,22.3846,28162,true
ZSMPA,2026-09-14T16:45:00Z,22.3846,22.4528,22.3744,22.4425,30262,true
ZSMPA,2026-09-14T16:50:00Z,22.4425,22.4888,22.4297,22.4759,38163,true
ZSMPA,2026-09-14T16:55:00Z,22.4759,22.5059,22.4466,22.4766,37146,true
ZSMPA,2026-09-14T17:00:00Z,22.4766,22.5183,22.4641,22.5058,35935,true
ZSMPA,2026-09-14T17:05:00Z,22.5058,22.5425,22.486,22.5227,31267,true
ZSMPA,2026-09-14T17:10:00Z,22.5227,22.5398,22.5185,22.5355,37128,true
ZSMPA,2026-09-14T17:15:00Z,22.5355,22.5528,22.4921,22.5095,34534,true
ZSMPA,2026-09-14T17:20:00Z,22.5095,22.5453,22.4876,22.5234,22833,true
ZSMPA,2026-09-14T17:25:00Z,22.5234,22.558,22.5193,22.5539,34631,true
ZSMPA,2026-09-14T17:30:00Z,22.5539,22.5695,22.5419,22.5576,29277,true
ZSMPA,2026-09-14T17:35:00Z,22.5576,22.6046,22.5227,22.5697,48055,true
ZSMPA,2026-09-14T17:40:00Z,22.5697,22.6523,22.567,22.6495,30176,true
ZSMPA,2026-09-14T17:45:00Z,22.6495,22.6615,22.5833,22.5953,33439,true
ZSMPA,2026-09-14T17:50:00Z,22.5953,22.6214,22.534,22.5601,33121,true
ZSMPA,2026-09-14T17:55:00Z,22.5601,22.5801,22.5424,22.5624,22612,true
ZSMPA,2026-09-14T18:00:00Z,22.5624,22.5808,22.5384,22.5569,25318,true
ZSMPA,2026-09-14T18:05:00Z,22.5569,22.5858,22.5533,22.5822,43483,true
ZSMPA,2026-09-14T18:10:00Z,22.5822,22.6786,22.5645,22.6609,28990,true
ZSMPA,2026-09-14T18:15:00Z,22.6609,22.7009,22.6365,22.6765,56060,true
ZSMPA,2026-09-14T18:20:00Z,22.6765,22.6941,22.6476,22.6652,42430,true
ZSMPA,2026-09-14T18:25:00Z,22.6652,22.7275,22.6547,22.717,43939,true
ZSMPA,2026-09-14T18:30:00Z,22.717,22.7419,22.7147,22.7397,33631,true
ZSMPA,2026-09-14T18:35:00Z,22.7397,22.7681,22.6967,22.7251,27296,true
ZSMPA,2026-09-14T18:40:00Z,22.7251,22.7374,22.6281,22.6404,35049,true
ZSMPA,2026-09-14T18:45:00Z,22.6404,22.6877,22.6211,22.6684,39344,true
ZSMPA,2026-09-14T18:50:00Z,22.6684,22.7241,22.6584,22.7141,29663,true
ZSMPA,2026-09-14T18:55:00Z,22.7141,22.7187,22.6467,22.6513,31270,true
ZSMPA,2026-09-14T19:00:00Z,22.6513,22.7288,22.6361,22.7136,26121,true
ZSMPA,2026-09-14T19:05:00Z,22.7136,22.7262,22.6542,22.6669,32598,true
ZSMPA,2026-09-14T19:10:00Z,22.6669,22.7067,22.6633,22.7032,36313,true
ZSMPA,2026-09-14T19:15:00Z,22.7032,22.7197,22.6476,22.6641,40534,true
ZSMPA,2026-09-14T19:20:00Z,22.6641,22.7001,22.6223,22.6583,39889,true
ZSMPA,2026-09-14T19:25:00Z,22.6583,22.6699,22.6234,22.635,50983,true
ZSMPA,2026-09-14T19:30:00Z,22.635,22.6356,22.5936,22.5942,52415,true
ZSMPA,2026-09-14T19:35:00Z,22.5942,22.6718,22.5713,22.6489,47666,true
ZSMPA,2026-09-14T19:40:00Z,22.6489,22.6702,22.6177,22.6391,73446,true
ZSMPA,2026-09-14T19:45:00Z,22.6391,22.6529,22.5894,22.6032,54502,true
ZSMPA,2026-09-14T19:50:00Z,22.6032,22.609,22.5844,22.5901,58066,true
ZSMPA,2026-09-14T19:55:00Z,22.5901,22.6245,22.5653,22.5997,87894,true
ZSMPA,2026-09-15T13:30:00Z,22.5997,22.6256,22.5845,22.6105,56862,true
ZSMPA,2026-09-15T13:35:00Z,22.6105,22.6313,22.5694,22.5902,61965,true
ZSMPA,2026-09-15T13:40:00Z,22.5902,22.6161,22.548,22.5739,68429,true
ZSMPA,2026-09-15T13:45:00Z,22.5739,22.5855,22.5708,22.5824,62561,true
ZSMPA,2026-09-15T13:50:00Z,22.5824,22.6623,22.5708,22.6507,51790,true
ZSMPA,2026-09-15T13:55:00Z,22.6507,22.6546,22.6124,22.6163,73049,true
ZSMPA,2026-09-15T14:00:00Z,22.6163,22.6903,22.5831,22.6571,41313,true
ZSMPA,2026-09-15T14:05:00Z,22.6571,22.6818,22.6098,22.6345,46211,true
ZSMPA,2026-09-15T14:10:00Z,22.6345,22.6615,22.5493,22.5763,40616,true
ZSMPA,2026-09-15T14:15:00Z,22.5763,22.5849,22.5602,22.5688,37517,true
ZSMPA,2026-09-15T14:20:00Z,22.5688,22.5809,22.5688,22.5809,53098,true
ZSMPA,2026-09-15T14:25:00Z,22.5809,22.6396,22.5686,22.6273,57635,true
ZSMPA,2026-09-15T14:30:00Z,22.6273,22.6742,22.6111,22.6581,34362,true
ZSMPA,2026-09-15T14:35:00Z,22.6581,22.6648,22.5991,22.6059,45001,true
ZSMPA,2026-09-15T14:40:00Z,22.6059,22.6458,22.575,22.6149,41733,true
ZSMPA,2026-09-15T14:45:00Z,22.6149,22.6437,22.6088,22.6375,30730,true
ZSMPA,2026-09-15T14:50:00Z,22.6375,22.6488,22.6125,22.6237,37247,true
ZSMPA,2026-09-15T14:55:00Z,22.6237,22.6661,22.5964,22.6387,21866,true
ZSMPA,2026-09-15T15:00:00Z,22.6387,22.6427,22.6037,22.6077,35411,true
ZSMPA,2026-09-15T15:05:00Z,22.6077,22.6527,22.5832,22.6282,25167,true
ZSMPA,2026-09-15T15:10:00Z,22.6282,22.6598,22.5448,22.5764,29839,true
ZSMPA,2026-09-15T15:15:00Z,22.5764,22.6259,22.5664,22.6158,45493,true
ZSMPA,2026-09-15T15:20:00Z,22.6158,22.6952,22.5997,22.679,27285,true
ZSMPA,2026-09-15T15:25:00Z,22.679,22.707,22.6688,22.6967,28594,true
ZSMPA,2026-09-15T15:30:00Z,22.6967,22.7045,22.6674,22.6751,35196,true
ZSMPA,2026-09-15T15:35:00Z,22.6751,22.7131,22.6501,22.6881,32070,true
ZSMPA,2026-09-15T15:40:00Z,22.6881,22.7233,22.6755,22.7107,28424,true
ZSMPA,2026-09-15T15:45:00Z,22.7107,22.7156,22.6785,22.6834,31382,true
ZSMPA,2026-09-15T15:50:00Z,22.6834,22.7125,22.6782,22.7073,26023,true
ZSMPA,2026-09-15T15:55:00Z,22.7073,22.7734,22.6885,22.7547,69517,true
ZSMPA,2026-09-15T16:00:00Z,22.7547,22.7707,22.7487,22.7647,30465,true
ZSMPA,2026-09-15T16:05:00Z,22.7647,22.7821,22.7394,22.7568,28778,true
ZSMPA,2026-09-15T16:10:00Z,22.7568,22.7698,22.7417,22.7546,31438,true
ZSMPA,2026-09-15T16:15:00Z,22.7546,22.7796,22.6806,22.7055,29495,true
ZSMPA,2026-09-15T16:20:00Z,22.7055,22.7404,22.6704,22.7053,33653,true
ZSMPA,2026-09-15T16:25:00Z,22.7053,22.7326,22.6923,22.7195,25272,true
ZSMPA,2026-09-15T16:30:00Z,22.7195,22.7544,22.6596,22.6946,21344,true
ZSMPA,2026-09-15T16:35:00Z,22.6946,22.7301,22.6814,22.717,30517,true
ZSMPA,2026-09-15T16:40:00Z,22.717,22.76,22.704,22.747,30462,true
ZSMPA,2026-09-15T16:45:00Z,22.747,22.7702,22.7147,22.7379,38687,true
ZSMPA,2026-09-15T16:50:00Z,22.7379,22.7731,22.6554,22.6907,35463,true
ZSMPA,2026-09-15T16:55:00Z,22.6907,22.7278,22.6737,22.7108,17769,true
ZSMPA,2026-09-15T17:00:00Z,22.7108,22.7382,22.6843,22.7116,35142,true
ZSMPA,2026-09-15T17:05:00Z,22.7116,22.7259,22.7057,22.7199,29532,true
ZSMPA,2026-09-15T17:10:00Z,22.7199,22.7665,22.718,22.7645,42746,true
ZSMPA,2026-09-15T17:15:00Z,22.7645,22.8076,22.7538,22.7969,44289,true
ZSMPA,2026-09-15T17:20:00Z,22.7969,22.8347,22.7793,22.8171,42330,true
ZSMPA,2026-09-15T17:25:00Z,22.8171,22.8275,22.7627,22.7731,27719,true
ZSMPA,2026-09-15T17:30:00Z,22.7731,22.819,22.7368,22.7826,26147,true
ZSMPA,2026-09-15T17:35:00Z,22.7826,22.8334,22.7516,22.8023,45010,true
ZSMPA,2026-09-15T17:40:00Z,22.8023,22.8076,22.7743,22.7796,20550,true
ZSMPA,2026-09-15T17:45:00Z,22.7796,22.8035,22.7589,22.7828,26134,true
ZSMPA,2026-09-15T17:50:00Z,22.7828,22.9058,22.7441,22.8671,38434,true
ZSMPA,2026-09-15T17:55:00Z,22.8671,22.8673,22.8382,22.8384,24018,true
ZSMPA,2026-09-15T18:00:00Z,22.8384,22.8614,22.785,22.808,31726,true
ZSMPA,2026-09-15T18:05:00Z,22.808,22.8281,22.7716,22.7917,32543,true
ZSMPA,2026-09-15T18:10:00Z,22.7917,22.8343,22.7857,22.8284,22237,true
ZSMPA,2026-09-15T18:15:00Z,22.8284,22.8792,22.7921,22.8429,15042,true
ZSMPA,2026-09-15T18:20:00Z,22.8429,22.8916,22.8363,22.885,30406,true
ZSMPA,2026-09-15T18:25:00Z,22.885,22.9338,22.8593,22.9082,32393,true
ZSMPA,2026-09-15T18:30:00Z,22.9082,22.9644,22.8895,22.9458,24302,true
ZSMPA,2026-09-15T18:35:00Z,22.9458,22.9679,22.8943,22.9164,24002,true
ZSMPA,2026-09-15T18:40:00Z,22.9164,22.9171,22.8981,22.8988,32469,true
ZSMPA,2026-09-15T18:45:00Z,22.8988,22.9405,22.8949,22.9366,28521,true
ZSMPA,2026-09-15T18:50:00Z,22.9366,22.9385,22.9141,22.916,26192,true
ZSMPA,2026-09-15T18:55:00Z,22.916,22.9284,22.9125,22.9249,37359,true
ZSMPA,2026-09-15T19:00:00Z,22.9249,22.9595,22.9023,22.9369,27298,true
ZSMPA,2026-09-15T19:05:00Z,22.9369,22.9757,22.9294,22.9682,21838,true
ZSMPA,2026-09-15T19:10:00Z,22.9682,22.9829,22.9604,22.9752,45735,true
ZSMPA,2026-09-15T19:15:00Z,22.9752,22.9909,22.9305,22.9462,45909,true
ZSMPA,2026-09-15T19:20:00Z,22.9462,22.9589,22.8951,22.9078,31403,true
ZSMPA,2026-09-15T19:25:00Z,22.9078,22.9437,22.8236,22.8596,45540,true
ZSMPA,2026-09-15T19:30:00Z,22.8596,22.9268,22.8541,22.9213,36091,true
ZSMPA,2026-09-15T19:35:00Z,22.9213,22.9497,22.88,22.9084,35396,true
ZSMPA,2026-09-15T19:40:00Z,22.9084,22.9236,22.9041,22.9193,52933,true
ZSMPA,2026-09-15T19:45:00Z,22.9193,22.9381,22.9177,22.9365,69411,true
ZSMPA,2026-09-15T19:50:00Z,22.9365,23.0031,22.9079,22.9745,78222,true
ZSMPA,2026-09-15T19:55:00Z,22.9745,23.0155,22.9719,23.013,78087,true
ZSMPA,2026-09-16T13:30:00Z,23.013,23.0297,23.0128,23.0295,84234,true
ZSMPA,2026-09-16T13:35:00Z,23.0295,23.0974,23.018,23.0858,150646,true
ZSMPA,2026-09-16T13:40:00Z,23.0858,23.1212,23.064,23.0993,37723,true
ZSMPA,2026-09-16T13:45:00Z,23.0993,23.1588,23.0627,23.1221,52807,true
ZSMPA,2026-09-16T13:50:00Z,23.1221,23.135,23.0769,23.0898,68005,true
ZSMPA,2026-09-16T13:55:00Z,23.0898,23.1229,23.0255,23.0586,53777,true
ZSMPA,2026-09-16T14:00:00Z,23.0586,23.0771,23.0272,23.0458,50343,true
ZSMPA,2026-09-16T14:05:00Z,23.0458,23.1299,23.0308,23.1149,53111,true
ZSMPA,2026-09-16T14:10:00Z,23.1149,23.1294,23.0993,23.1138,49601,true
ZSMPA,2026-09-16T14:15:00Z,23.1138,23.1622,23.104,23.1525,22531,true
ZSMPA,2026-09-16T14:20:00Z,23.1525,23.1814,23.1349,23.1638,30010,true
ZSMPA,2026-09-16T14:25:00Z,23.1638,23.1818,23.1193,23.1374,29808,true
ZSMPA,2026-09-16T14:30:00Z,23.1374,23.184,23.1298,23.1764,46531,true
ZSMPA,2026-09-16T14:35:00Z,23.1764,23.1852,23.1531,23.162,32305,true
ZSMPA,2026-09-16T14:40:00Z,23.162,23.1622,23.148,23.1482,33635,true
ZSMPA,2026-09-16T14:45:00Z,23.1482,23.2616,23.1448,23.2582,32353,true
ZSMPA,2026-09-16T14:50:00Z,23.2582,23.2784,23.1936,23.2138,19835,true
ZSMPA,2026-09-16T14:55:00Z,23.2138,23.2259,23.1988,23.2109,42255,true
ZSMPA,2026-09-16T15:00:00Z,23.2109,23.2547,23.1903,23.2342,23426,true
ZSMPA,2026-09-16T15:05:00Z,23.2342,23.2393,23.1802,23.1852,23967,true
ZSMPA,2026-09-16T15:10:00Z,23.1852,23.2364,23.1631,23.2143,24503,true
ZSMPA,2026-09-16T15:15:00Z,23.2143,23.2174,23.191,23.1941,31570,true
ZSMPA,2026-09-16T15:20:00Z,23.1941,23.1982,23.1559,23.16,23473,true
ZSMPA,2026-09-16T15:25:00Z,23.16,23.1708,23.1297,23.1405,58543,true
ZSMPA,2026-09-16T15:30:00Z,23.1405,23.1567,23.1392,23.1553,40474,true
ZSMPA,2026-09-16T15:35:00Z,23.1553,23.1756,23.1292,23.1494,23818,true
ZSMPA,2026-09-16T15:40:00Z,23.1494,23.1821,23.147,23.1797,34270,true
ZSMPA,2026-09-16T15:45:00Z,23.1797,23.2227,23.1473,23.1903,25033,true
ZSMPA,2026-09-16T15:50:00Z,23.1903,23.1933,23.1715,23.1745,26705,true
ZSMPA,2026-09-16T15:55:00Z,23.1745,23.1807,23.1393,23.1455,29219,true
ZSMPA,2026-09-16T16:00:00Z,23.1455,23.153,23.1171,23.1246,29749,true
ZSMPA,2026-09-16T16:05:00Z,23.1246,23.157,23.1028,23.1352,33771,true
ZSMPA,2026-09-16T16:10:00Z,23.1352,23.1432,23.0705,23.0786,38513,true
ZSMPA,2026-09-16T16:15:00Z,23.0786,23.0791,22.9691,22.9696,28281,true
ZSMPA,2026-09-16T16:20:00Z,22.9696,22.9934,22.9547,22.9784,30222,true
ZSMPA,2026-09-16T16:25:00Z,22.9784,23.0312,22.9633,23.016,35512,true
ZSMPA,2026-09-16T16:30:00Z,23.016,23.0347,23.0152,23.0339,31732,true
ZSMPA,2026-09-16T16:35:00Z,23.0339,23.0649,23.0178,23.0487,20737,true
ZSMPA,2026-09-16T16:40:00Z,23.0487,23.0994,23.0387,23.0894,30496,true
ZSMPA,2026-09-16T16:45:00Z,23.0894,23.094,23.0526,23.0572,31420,true
ZSMPA,2026-09-16T16:50:00Z,23.0572,23.0626,23.0442,23.0497,19754,true
ZSMPA,2026-09-16T16:55:00Z,23.0497,23.0558,23.0463,23.0524,35253,true
ZSMPA,2026-09-16T17:00:00Z,23.0524,23.0903,23.0282,23.066,37247,true
ZSMPA,2026-09-16T17:05:00Z,23.066,23.108,23.0507,23.0926,29431,true
ZSMPA,2026-09-16T17:10:00Z,23.0926,23.1086,23.0494,23.0653,19354,true
ZSMPA,2026-09-16T17:15:00Z,23.0653,23.1257,23.0539,23.1143,21704,true
ZSMPA,2026-09-16T17:20:00Z,23.1143,23.1196,23.0986,23.1039,26184,true
ZSMPA,2026-09-16T17:25:00Z,23.1039,23.117,23.0414,23.0544,35383,true
ZSMPA,2026-09-16T17:30:00Z,23.0544,23.0992,23.0446,23.0893,27371,true
ZSMPA,2026-09-16T17:35:00Z,23.0893,23.0968,23.0744,23.0818,39657,true
ZSMPA,2026-09-16T17:40:00Z,23.0818,23.108,23.0193,23.0455,27141,true
ZSMPA,2026-09-16T17:45:00Z,23.0455,23.1047,23.0341,23.0933,43165,true
ZSMPA,2026-09-16T17:50:00Z,23.0933,23.1511,23.0143,23.0721,42239,true
ZSMPA,2026-09-16T17:55:00Z,23.0721,23.0973,23.07,23.0952,16574,true
ZSMPA,2026-09-16T18:00:00Z,23.0952,23.0986,23.0514,23.0547,33867,true
ZSMPA,2026-09-16T18:05:00Z,23.0547,23.0934,22.9527,22.9915,35369,true
ZSMPA,2026-09-16T18:10:00Z,22.9915,23.0381,22.9348,22.9815,21450,true
ZSMPA,2026-09-16T18:15:00Z,22.9815,23.0008,22.9117,22.931,23444,true
ZSMPA,2026-09-16T18:20:00Z,22.931,22.9917,22.9195,22.9802,26883,true
ZSMPA,2026-09-16T18:25:00Z,22.9802,23.0084,22.9093,22.9375,42889,true
ZSMPA,2026-09-16T18:30:00Z,22.9375,22.9571,22.8805,22.9001,36611,true
ZSMPA,2026-09-16T18:35:00Z,22.9001,22.91,22.8616,22.8716,33737,true
ZSMPA,2026-09-16T18:40:00Z,22.8716,22.8829,22.8592,22.8706,45634,true
ZSMPA,2026-09-16T18:45:00Z,22.8706,22.9398,22.8533,22.9225,38589,true
ZSMPA,2026-09-16T18:50:00Z,22.9225,23.0042,22.9075,22.9892,32568,true
ZSMPA,2026-09-16T18:55:00Z,22.9892,23.0176,22.927,22.9554,32133,true
ZSMPA,2026-09-16T19:00:00Z,22.9554,22.9635,22.9285,22.9366,32441,true
ZSMPA,2026-09-16T19:05:00Z,22.9366,22.9868,22.9245,22.9747,25543,true
ZSMPA,2026-09-16T19:10:00Z,22.9747,23.047,22.9468,23.0191,34009,true
ZSMPA,2026-09-16T19:15:00Z,23.0191,23.0641,23.0075,23.0525,56849,true
ZSMPA,2026-09-16T19:20:00Z,23.0525,23.1045,23.0352,23.0872,39203,true
ZSMPA,2026-09-16T19:25:00Z,23.0872,23.0958,23.0778,23.0864,43439,true
ZSMPA,2026-09-16T19:30:00Z,23.0864,23.1065,23.0037,23.0238,42000,true
ZSMPA,2026-09-16T19:35:00Z,23.0238,23.058,22.9517,22.986,31336,true
ZSMPA,2026-09-16T19:40:00Z,22.986,23.0046,22.9627,22.9813,69853,true
ZSMPA,2026-09-16T19:45:00Z,22.9813,22.9837,22.9781,22.9804,60635,true
ZSMPA,2026-09-16T19:50:00Z,22.9804,22.9848,22.9675,22.9719,46732,true
ZSMPA,2026-09-16T19:55:00Z,22.9719,22.9821,22.9567,22.9669,80381,true
ZSMPA,2026-09-17T13:30:00Z,22.9669,22.9934,22.9233,22.9498,39762,true
ZSMPA,2026-09-17T13:35:00Z,22.9498,22.9843,22.9369,22.9714,104146,true
ZSMPA,2026-09-17T13:40:00Z,22.9714,23.027,22.9586,23.0142,42276,true
ZSMPA,2026-09-17T13:45:00Z,23.0142,23.0571,23.0023,23.0452,28782,true
ZSMPA,2026-09-17T13:50:00Z,23.0452,23.0557,23.0431,23.0536,40950,true
ZSMPA,2026-09-17T13:55:00Z,23.0536,23.0589,23.0363,23.0416,57278,true
ZSMPA,2026-09-17T14:00:00Z,23.0416,23.0565,23.038,23.0529,37739,true
ZSMPA,2026-09-17T14:05:00Z,23.0529,23.0794,23.0085,23.0349,50662,true
ZSMPA,2026-09-17T14:10:00Z,23.0349,23.0444,23.0277,23.0373,43175,true
ZSMPA,2026-09-17T14:15:00Z,23.0373,23.1056,23.0267,23.095,39300,true
ZSMPA,2026-09-17T14:20:00Z,23.095,23.1111,23.0733,23.0894,41412,true
ZSMPA,2026-09-17T14:25:00Z,23.0894,23.1177,23.0688,23.0971,35195,true
ZSMPA,2026-09-17T14:30:00Z,23.0971,23.098,23.0734,23.0743,46798,true
ZSMPA,2026-09-17T14:35:00Z,23.0743,23.1717,23.0602,23.1576,37044,true
ZSMPA,2026-09-17T14:40:00Z,23.1576,23.1942,23.0806,23.1172,46338,true
ZSMPA,2026-09-17T14:45:00Z,23.1172,23.5041,23.1002,23.4871,238243,true
ZSMPA,2026-09-17T14:50:00Z,23.4871,23.8768,23.4732,23.8629,153568,true
ZSMPA,2026-09-17T14:55:00Z,23.8629,24.2464,23.8612,24.2447,312672,true
ZSMPA,2026-09-17T15:00:00Z,24.2447,24.247,24.1771,24.2121,9781,false
ZSMPB,2026-08-26T13:30:00Z,49.0,49.0295,48.9474,48.9769,73981,true
ZSMPB,2026-08-26T13:35:00Z,48.9769,49.053,48.955,49.0311,57437,true
ZSMPB,2026-08-26T13:40:00Z,49.0311,49.0523,49.0231,49.0443,54628,true
ZSMPB,2026-08-26T13:45:00Z,49.0443,49.1507,49.026,49.1324,69314,true
ZSMPB,2026-08-26T13:50:00Z,49.1324,49.1464,49.0962,49.1102,51721,true
ZSMPB,2026-08-26T13:55:00Z,49.1102,49.2161,49.0793,49.1851,53593,true
ZSMPB,2026-08-26T14:00:00Z,49.1851,49.2493,49.1546,49.2187,45201,true
ZSMPB,2026-08-26T14:05:00Z,49.2187,49.2315,49.179,49.1919,45652,true
ZSMPB,2026-08-26T14:10:00Z,49.1919,49.2854,49.1763,49.2698,35423,true
ZSMPB,2026-08-26T14:15:00Z,49.2698,49.2719,49.1372,49.1393,35336,true
ZSMPB,2026-08-26T14:20:00Z,49.1393,49.1769,49.126,49.1636,47330,true
ZSMPB,2026-08-26T14:25:00Z,49.1636,49.2199,49.0,49.0563,33115,true
ZSMPB,2026-08-26T14:30:00Z,49.0563,49.0916,49.0378,49.0731,42067,true
ZSMPB,2026-08-26T14:35:00Z,49.0731,49.1144,48.9512,48.9925,31504,true
ZSMPB,2026-08-26T14:40:00Z,48.9925,49.0199,48.9839,49.0114,24515,true
ZSMPB,2026-08-26T14:45:00Z,49.0114,49.0256,49.0025,49.0167,17216,true
ZSMPB,2026-08-26T14:50:00Z,49.0167,49.0313,48.9415,48.9561,27597,true
ZSMPB,2026-08-26T14:55:00Z,48.9561,48.9798,48.8994,48.9231,20933,true
ZSMPB,2026-08-26T15:00:00Z,48.9231,48.9476,48.8563,48.8809,26526,true
ZSMPB,2026-08-26T15:05:00Z,48.8809,48.9562,48.845,48.9203,30471,true
ZSMPB,2026-08-26T15:10:00Z,48.9203,48.9382,48.8345,48.8524,33009,true
ZSMPB,2026-08-26T15:15:00Z,48.8524,48.8538,48.8419,48.8433,20423,true
ZSMPB,2026-08-26T15:20:00Z,48.8433,48.8653,48.8003,48.8224,23412,true
ZSMPB,2026-08-26T15:25:00Z,48.8224,48.852,48.8131,48.8427,27190,true
ZSMPB,2026-08-26T15:30:00Z,48.8427,48.8876,48.713,48.7579,21101,true
ZSMPB,2026-08-26T15:35:00Z,48.7579,48.8715,48.7207,48.8343,17592,true
ZSMPB,2026-08-26T15:40:00Z,48.8343,48.9304,48.8314,48.9275,27972,true
ZSMPB,2026-08-26T15:45:00Z,48.9275,48.9592,48.8988,48.9305,22343,true
ZSMPB,2026-08-26T15:50:00Z,48.9305,48.9755,48.9018,48.9468,20973,true
ZSMPB,2026-08-26T15:55:00Z,48.9468,48.9748,48.8953,48.9233,20736,true
ZSMPB,2026-08-26T16:00:00Z,48.9233,48.9607,48.7687,48.8062,25441,true
ZSMPB,2026-08-26T16:05:00Z,48.8062,48.8999,48.7994,48.8931,21765,true
ZSMPB,2026-08-26T16:10:00Z,48.8931,48.9699,48.8536,48.9303,26048,true
ZSMPB,2026-08-26T16:15:00Z,48.9303,48.9535,48.8325,48.8557,24325,true
ZSMPB,2026-08-26T16:20:00Z,48.8557,48.8823,48.8443,48.8709,26583,true
ZSMPB,2026-08-26T16:25:00Z,48.8709,48.9114,48.777,48.8175,22998,true
ZSMPB,2026-08-26T16:30:00Z,48.8175,48.8466,48.785,48.8141,23217,true
ZSMPB,2026-08-26T16:35:00Z,48.8141,48.8274,48.7533,48.7666,32181,true
ZSMPB,2026-08-26T16:40:00Z,48.7666,48.8263,48.7325,48.7922,23159,true
ZSMPB,2026-08-26T16:45:00Z,48.7922,48.854,48.6063,48.6681,24722,true
ZSMPB,2026-08-26T16:50:00Z,48.6681,48.6731,48.6373,48.6423,36005,true
ZSMPB,2026-08-26T16:55:00Z,48.6423,48.6481,48.6019,48.6077,29909,true
ZSMPB,2026-08-26T17:00:00Z,48.6077,48.6113,48.5542,48.5578,25141,true
ZSMPB,2026-08-26T17:05:00Z,48.5578,48.6711,48.5154,48.6287,35244,true
ZSMPB,2026-08-26T17:10:00Z,48.6287,48.6397,48.6222,48.6333,20940,true
ZSMPB,2026-08-26T17:15:00Z,48.6333,48.7268,48.6164,48.7099,30911,true
ZSMPB,2026-08-26T17:20:00Z,48.7099,48.7375,48.5825,48.6102,21101,true
ZSMPB,2026-08-26T17:25:00Z,48.6102,48.6126,48.4903,48.4928,30355,true
ZSMPB,2026-08-26T17:30:00Z,48.4928,48.5197,48.4769,48.5038,23650,true
ZSMPB,2026-08-26T17:35:00Z,48.5038,48.5068,48.4589,48.462,22925,true
ZSMPB,2026-08-26T17:40:00Z,48.462,48.5192,48.4473,48.5045,22059,true
ZSMPB,2026-08-26T17:45:00Z,48.5045,48.5494,48.455,48.4999,14084,true
ZSMPB,2026-08-26T17:50:00Z,48.4999,48.563,48.4604,48.5235,28376,true
ZSMPB,2026-08-26T17:55:00Z,48.5235,48.5765,48.418,48.4711,31755,true
ZSMPB,2026-08-26T18:00:00Z,48.4711,48.4905,48.4437,48.4632,30644,true
ZSMPB,2026-08-26T18:05:00Z,48.4632,48.511,48.397,48.4449,33168,true
ZSMPB,2026-08-26T18:10:00Z,48.4449,48.5401,48.3911,48.4863,21964,true
ZSMPB,2026-08-26T18:15:00Z,48.4863,48.5114,48.3796,48.4047,37122,true
ZSMPB,2026-08-26T18:20:00Z,48.4047,48.427,48.3984,48.4207,31555,true
ZSMPB,2026-08-26T18:25:00Z,48.4207,48.4302,48.3803,48.3898,17588,true
ZSMPB,2026-08-26T18:30:00Z,48.3898,48.4216,48.3864,48.4182,39452,true
ZSMPB,2026-08-26T18:35:00Z,48.4182,48.4908,48.3847,48.4573,46878,true
ZSMPB,2026-08-26T18:40:00Z,48.4573,48.5081,48.4226,48.4734,34057,true
ZSMPB,2026-08-26T18:45:00Z,48.4734,48.5012,48.401,48.4288,19566,true
ZSMPB,2026-08-26T18:50:00Z,48.4288,48.4652,48.4057,48.4421,35494,true
ZSMPB,2026-08-26T18:55:00Z,48.4421,48.4824,48.2753,48.3156,26464,true
ZSMPB,2026-08-26T19:00:00Z,48.3156,48.3464,48.2703,48.3011,26389,true
ZSMPB,2026-08-26T19:05:00Z,48.3011,48.321,48.2524,48.2723,41231,true
ZSMPB,2026-08-26T19:10:00Z,48.2723,48.3547,48.2685,48.351,37922,true
ZSMPB,2026-08-26T19:15:00Z,48.351,48.3729,48.2964,48.3183,65063,true
ZSMPB,2026-08-26T19:20:00Z,48.3183,48.3375,48.286,48.3052,37418,true
ZSMPB,2026-08-26T19:25:00Z,48.3052,48.3436,48.2854,48.3237,36988,true
ZSMPB,2026-08-26T19:30:00Z,48.3237,48.347,48.2383,48.2615,23997,true
ZSMPB,2026-08-26T19:35:00Z,48.2615,48.2994,48.2579,48.2958,31421,true
ZSMPB,2026-08-26T19:40:00Z,48.2958,48.401,48.2737,48.3789,63292,true
ZSMPB,2026-08-26T19:45:00Z,48.3789,48.4344,48.3688,48.4243,40620,true
ZSMPB,2026-08-26T19:50:00Z,48.4243,48.4485,48.3802,48.4044,60114,true
ZSMPB,2026-08-26T19:55:00Z,48.4044,48.5167,48.3959,48.5081,58390,true
ZSMPB,2026-08-27T13:30:00Z,48.5081,48.5168,48.4545,48.4632,68963,true
ZSMPB,2026-08-27T13:35:00Z,48.4632,48.5193,48.3662,48.4224,92916,true
ZSMPB,2026-08-27T13:40:00Z,48.4224,48.4554,48.4083,48.4413,44386,true
ZSMPB,2026-08-27T13:45:00Z,48.4413,48.4641,48.3539,48.3767,49699,true
ZSMPB,2026-08-27T13:50:00Z,48.3767,48.3922,48.3567,48.3722,47492,true
ZSMPB,2026-08-27T13:55:00Z,48.3722,48.3943,48.3356,48.3576,35982,true
ZSMPB,2026-08-27T14:00:00Z,48.3576,48.3767,48.3531,48.3721,68594,true
ZSMPB,2026-08-27T14:05:00Z,48.3721,48.4405,48.3583,48.4267,47389,true
ZSMPB,2026-08-27T14:10:00Z,48.4267,48.4842,48.3625,48.42,41643,true
ZSMPB,2026-08-27T14:15:00Z,48.42,48.49,48.2681,48.3381,52093,true
ZSMPB,2026-08-27T14:20:00Z,48.3381,48.5304,48.3152,48.5075,33020,true
ZSMPB,2026-08-27T14:25:00Z,48.5075,48.5151,48.485,48.4926,26954,true
ZSMPB,2026-08-27T14:30:00Z,48.4926,48.5184,48.4527,48.4784,35106,true
ZSMPB,2026-08-27T14:35:00Z,48.4784,48.4913,48.3608,48.3737,30322,true
ZSMPB,2026-08-27T14:40:00Z,48.3737,48.3963,48.3688,48.3914,18920,true
ZSMPB,2026-08-27T14:45:00Z,48.3914,48.4732,48.3742,48.456,24098,true
ZSMPB,2026-08-27T14:50:00Z,48.456,48.5344,48.4384,48.5168,30743,true
ZSMPB,2026-08-27T14:55:00Z,48.5168,48.5258,48.4894,48.4984,24387,true
ZSMPB,2026-08-27T15:00:00Z,48.4984,48.5253,48.3682,48.3951,31959,true
ZSMPB,2026-08-27T15:05:00Z,48.3951,48.4282,48.3695,48.4026,38859,true
ZSMPB,2026-08-27T15:10:00Z,48.4026,48.4392,48.2994,48.3359,32514,true
ZSMPB,2026-08-27T15:15:00Z,48.3359,48.4017,48.3258,48.3916,33862,true
ZSMPB,2026-08-27T15:20:00Z,48.3916,48.4181,48.3392,48.3657,28600,true
ZSMPB,2026-08-27T15:25:00Z,48.3657,48.3822,48.3211,48.3376,25029,true
ZSMPB,2026-08-27T15:30:00Z,48.3376,48.3589,48.2918,48.3131,27207,true
ZSMPB,2026-08-27T15:35:00Z,48.3131,48.3295,48.2858,48.3022,22387,true
ZSMPB,2026-08-27T15:40:00Z,48.3022,48.3948,48.2692,48.3618,24530,true
ZSMPB,2026-08-27T15:45:00Z,48.3618,48.3726,48.2267,48.2375,20163,true
ZSMPB,2026-08-27T15:50:00Z,48.2375,48.2494,48.2364,48.2483,23881,true
ZSMPB,2026-08-27T15:55:00Z,48.2483,48.2634,48.1346,48.1497,27157,true
ZSMPB,2026-08-27T16:00:00Z,48.1497,48.2085,48.132,48.1908,20475,true
ZSMPB,2026-08-27T16:05:00Z,48.1908,48.2387,48.1147,48.1626,31571,true
ZSMPB,2026-08-27T16:10:00Z,48.1626,48.2319,48.1203,48.1896,21937,true
ZSMPB,2026-08-27T16:15:00Z,48.1896,48.2194,48.1375,48.1673,31255,true
ZSMPB,2026-08-27T16:20:00Z,48.1673,48.1987,48.0961,48.1276,19277,true
ZSMPB,2026-08-27T16:25:00Z,48.1276,48.201,48.1144,48.1879,30093,true
ZSMPB,2026-08-27T16:30:00Z,48.1879,48.219,48.116,48.1471,28850,true
ZSMPB,2026-08-27T16:35:00Z,48.1471,48.2817,48.1108,48.2453,31797,true
ZSMPB,2026-08-27T16:40:00Z,48.2453,48.2623,48.2447,48.2616,35559,true
ZSMPB,2026-08-27T16:45:00Z,48.2616,48.3072,48.2533,48.2988,25706,true
ZSMPB,2026-08-27T16:50:00Z,48.2988,48.3825,48.2937,48.3774,28212,true
ZSMPB,2026-08-27T16:55:00Z,48.3774,48.4234,48.3443,48.3902,26399,true
ZSMPB,2026-08-27T17:00:00Z,48.3902,48.5666,48.3246,48.5011,29587,true
ZSMPB,2026-08-27T17:05:00Z,48.5011,48.5386,48.4198,48.4574,27189,true
ZSMPB,2026-08-27T17:10:00Z,48.4574,48.4655,48.3991,48.4073,37144,true
ZSMPB,2026-08-27T17:15:00Z,48.4073,48.4375,48.2979,48.3281,17911,true
ZSMPB,2026-08-27T17:20:00Z,48.3281,48.4101,48.2741,48.3561,15566,true
ZSMPB,2026-08-27T17:25:00Z,48.3561,48.3651,48.2648,48.2738,27013,true
ZSMPB,2026-08-27T17:30:00Z,48.2738,48.284,48.2301,48.2403,36640,true
ZSMPB,2026-08-27T17:35:00Z,48.2403,48.3226,48.2381,48.3204,27892,true
ZSMPB,2026-08-27T17:40:00Z,48.3204,48.3507,48.3087,48.3389,21913,true
ZSMPB,2026-08-27T17:45:00Z,48.3389,48.3757,48.2604,48.2972,26818,true
ZSMPB,2026-08-27T17:50:00Z,48.2972,48.3639,48.2894,48.3561,20145,true
ZSMPB,2026-08-27T17:55:00Z,48.3561,48.4076,48.3246,48.3761,28076,true
ZSMPB,2026-08-27T18:00:00Z,48.3761,48.4473,48.2963,48.3674,18885,true
ZSMPB,2026-08-27T18:05:00Z,48.3674,48.3894,48.3485,48.3705,19174,true
ZSMPB,2026-08-27T18:10:00Z,48.3705,48.4353,48.3615,48.4264,31199,true
ZSMPB,2026-08-27T18:15:00Z,48.4264,48.4699,48.3917,48.4353,28522,true
ZSMPB,2026-08-27T18:20:00Z,48.4353,48.5283,48.4216,48.5147,39587,true
ZSMPB,2026-08-27T18:25:00Z,48.5147,48.5399,48.5144,48.5396,32110,true
ZSMPB,2026-08-27T18:30:00Z,48.5396,48.6119,48.5064,48.5786,33599,true
ZSMPB,2026-08-27T18:35:00Z,48.5786,48.6366,48.5712,48.6292,31670,true
ZSMPB,2026-08-27T18:40:00Z,48.6292,48.7158,48.6254,48.712,23003,true
ZSMPB,2026-08-27T18:45:00Z,48.712,48.7316,48.6802,48.6998,20518,true
ZSMPB,2026-08-27T18:50:00Z,48.6998,48.7701,48.6858,48.756,28365,true
ZSMPB,2026-08-27T18:55:00Z,48.756,48.7647,48.6162,48.6249,35211,true
ZSMPB,2026-08-27T19:00:00Z,48.6249,48.6483,48.6135,48.637,39455,true
ZSMPB,2026-08-27T19:05:00Z,48.637,48.6446,48.5842,48.5918,19305,true
ZSMPB,2026-08-27T19:10:00Z,48.5918,48.6213,48.5279,48.5574,33864,true
ZSMPB,2026-08-27T19:15:00Z,48.5574,48.6261,48.5559,48.6245,22258,true
ZSMPB,2026-08-27T19:20:00Z,48.6245,48.6603,48.5759,48.6117,27609,true
ZSMPB,2026-08-27T19:25:00Z,48.6117,48.6689,48.5832,48.6405,26984,true
ZSMPB,2026-08-27T19:30:00Z,48.6405,48.6724,48.6361,48.668,52315,true
ZSMPB,2026-08-27T19:35:00Z,48.668,48.7067,48.5944,48.6331,35918,true
ZSMPB,2026-08-27T19:40:00Z,48.6331,48.6923,48.486,48.5453,44535,true
ZSMPB,2026-08-27T19:45:00Z,48.5453,48.6306,48.5016,48.5869,43659,true
ZSMPB,2026-08-27T19:50:00Z,48.5869,48.6257,48.5676,48.6064,43654,true
ZSMPB,2026-08-27T19:55:00Z,48.6064,48.6621,48.5804,48.6361,51339,true
ZSMPB,2026-08-28T13:30:00Z,48.6361,48.6416,48.5928,48.5983,73350,true
ZSMPB,2026-08-28T13:35:00Z,48.5983,48.6193,48.5508,48.5718,82868,true
ZSMPB,2026-08-28T13:40:00Z,48.5718,48.6127,48.569,48.6099,75544,true
ZSMPB,2026-08-28T13:45:00Z,48.6099,48.6774,48.601,48.6685,30467,true
ZSMPB,2026-08-28T13:50:00Z,48.6685,48.704,48.651,48.6866,27588,true
ZSMPB,2026-08-28T13:55:00Z,48.6866,48.7312,48.5925,48.6372,37627,true
ZSMPB,2026-08-28T14:00:00Z,48.6372,48.7005,48.6043,48.6677,54914,true
ZSMPB,2026-08-28T14:05:00Z,48.6677,48.7169,48.5998,48.649,41782,true
ZSMPB,2026-08-28T14:10:00Z,48.649,48.7518,48.5847,48.6875,36182,true
ZSMPB,2026-08-28T14:15:00Z,48.6875,48.7228,48.5672,48.6025,27782,true
ZSMPB,2026-08-28T14:20:00Z,48.6025,48.6291,48.5608,48.5875,39189,true
ZSMPB,2026-08-28T14:25:00Z,48.5875,48.6404,48.5744,48.6273,33511,true
ZSMPB,2026-08-28T14:30:00Z,48.6273,48.6435,48.4839,48.5,36593,true
ZSMPB,2026-08-28T14:35:00Z,48.5,48.5051,48.4961,48.5012,26825,true
ZSMPB,2026-08-28T14:40:00Z,48.5012,48.5397,48.4263,48.4647,27337,true
ZSMPB,2026-08-28T14:45:00Z,48.4647,48.4886,48.4325,48.4564,35282,true
ZSMPB,2026-08-28T14:50:00Z,48.4564,48.4889,48.4122,48.4447,24894,true
ZSMPB,2026-08-28T14:55:00Z,48.4447,48.4537,48.4338,48.4428,24508,true
ZSMPB,2026-08-28T15:00:00Z,48.4428,48.4433,48.4068,48.4073,28589,true
ZSMPB,2026-08-28T15:05:00Z,48.4073,48.4686,48.3986,48.4599,23472,true
ZSMPB,2026-08-28T15:10:00Z,48.4599,48.5035,48.454,48.4976,42079,true
ZSMPB,2026-08-28T15:15:00Z,48.4976,48.5509,48.4843,48.5376,28405,true
ZSMPB,2026-08-28T15:20:00Z,48.5376,48.5823,48.5315,48.5762,19670,true
ZSMPB,2026-08-28T15:25:00Z,48.5762,48.6842,48.563,48.671,32331,true
ZSMPB,2026-08-28T15:30:00Z,48.671,48.7885,48.6141,48.7316,33937,true
ZSMPB,2026-08-28T15:35:00Z,48.7316,48.7642,48.6187,48.6514,28205,true
ZSMPB,2026-08-28T15:40:00Z,48.6514,48.6731,48.6155,48.6372,29690,true
ZSMPB,2026-08-28T15:45:00Z,48.6372,48.6701,48.6098,48.6428,24003,true
ZSMPB,2026-08-28T15:50:00Z,48.6428,48.6592,48.6168,48.6333,16828,true
ZSMPB,2026-08-28T15:55:00Z,48.6333,48.7453,48.5939,48.7059,24881,true
ZSMPB,2026-08-28T16:00:00Z,48.7059,48.7248,48.6762,48.6951,21011,true
ZSMPB,2026-08-28T16:05:00Z,48.6951,48.7164,48.6683,48.6895,27888,true
ZSMPB,2026-08-28T16:10:00Z,48.6895,48.6951,48.6764,48.6819,35789,true
ZSMPB,2026-08-28T16:15:00Z,48.6819,48.6835,48.6249,48.6265,28621,true
ZSMPB,2026-08-28T16:20:00Z,48.6265,48.6765,48.6213,48.6713,44046,true
ZSMPB,2026-08-28T16:25:00Z,48.6713,48.6928,48.5499,48.5715,16899,true
ZSMPB,2026-08-28T16:30:00Z,48.5715,48.6037,48.5293,48.5615,32567,true
ZSMPB,2026-08-28T16:35:00Z,48.5615,48.62,48.5554,48.6138,21488,true
ZSMPB,2026-08-28T16:40:00Z,48.6138,48.6441,48.5483,48.5785,17748,true
ZSMPB,2026-08-28T16:45:00Z,48.5785,48.6541,48.5679,48.6435,11834,true
ZSMPB,2026-08-28T16:50:00Z,48.6435,48.6577,48.5404,48.5546,17795,true
ZSMPB,2026-08-28T16:55:00Z,48.5546,48.5833,48.5418,48.5706,21152,true
ZSMPB,2026-08-28T17:00:00Z,48.5706,48.5799,48.535,48.5444,21440,true
ZSMPB,2026-08-28T17:05:00Z,48.5444,48.568,48.4976,48.5212,23230,true
ZSMPB,2026-08-28T17:10:00Z,48.5212,48.5467,48.5187,48.5441,18152,true
ZSMPB,2026-08-28T17:15:00Z,48.5441,48.6299,48.4745,48.5603,34314,true
ZSMPB,2026-08-28T17:20:00Z,48.5603,48.5942,48.5595,48.5935,39122,true
ZSMPB,2026-08-28T17:25:00Z,48.5935,48.5982,48.5826,48.5873,24313,true
ZSMPB,2026-08-28T17:30:00Z,48.5873,48.6442,48.4922,48.549,23106,true
ZSMPB,2026-08-28T17:35:00Z,48.549,48.6457,48.4863,48.583,21715,true
ZSMPB,2026-08-28T17:40:00Z,48.583,48.6613,48.5681,48.6464,38903,true
ZSMPB,2026-08-28T17:45:00Z,48.6464,48.7024,48.575,48.631,23921,true
ZSMPB,2026-08-28T17:50:00Z,48.631,48.7824,48.6087,48.7601,25145,true
ZSMPB,2026-08-28T17:55:00Z,48.7601,48.8443,48.7394,48.8236,37834,true
ZSMPB,2026-08-28T18:00:00Z,48.8236,48.8747,48.8021,48.8532,24653,true
ZSMPB,2026-08-28T18:05:00Z,48.8532,48.8674,48.7975,48.8117,28924,true
ZSMPB,2026-08-28T18:10:00Z,48.8117,48.8631,48.7855,48.8369,17975,true
ZSMPB,2026-08-28T18:15:00Z,48.8369,48.9161,48.7834,48.8626,18534,true
ZSMPB,2026-08-28T18:20:00Z,48.8626,48.8688,48.7537,48.76,35583,true
ZSMPB,2026-08-28T18:25:00Z,48.76,48.7777,48.6672,48.6849,19873,true
ZSMPB,2026-08-28T18:30:00Z,48.6849,48.7,48.6466,48.6618,17911,true
ZSMPB,2026-08-28T18:35:00Z,48.6618,48.7788,48.6613,48.7784,23934,true
ZSMPB,2026-08-28T18:40:00Z,48.7784,48.847,48.736,48.8046,21154,true
ZSMPB,2026-08-28T18:45:00Z,48.8046,48.8454,48.7745,48.8152,25773,true
ZSMPB,2026-08-28T18:50:00Z,48.8152,48.8486,48.7882,48.8216,39413,true
ZSMPB,2026-08-28T18:55:00Z,48.8216,48.8289,48.7285,48.7358,39668,true
ZSMPB,2026-08-28T19:00:00Z,48.7358,48.8425,48.7226,48.8292,39058,true
ZSMPB,2026-08-28T19:05:00Z,48.8292,48.8979,48.7922,48.8609,22015,true
ZSMPB,2026-08-28T19:10:00Z,48.8609,48.9353,48.7969,48.8714,26838,true
ZSMPB,2026-08-28T19:15:00Z,48.8714,48.8985,48.8088,48.8359,26733,true
ZSMPB,2026-08-28T19:20:00Z,48.8359,48.8574,48.7041,48.7256,39679,true
ZSMPB,2026-08-28T19:25:00Z,48.7256,48.7774,48.6182,48.6699,60054,true
ZSMPB,2026-08-28T19:30:00Z,48.6699,48.7113,48.616,48.6574,33196,true
ZSMPB,2026-08-28T19:35:00Z,48.6574,48.7436,48.615,48.7011,31476,true
ZSMPB,2026-08-28T19:40:00Z,48.7011,48.722,48.6706,48.6914,53014,true
ZSMPB,2026-08-28T19:45:00Z,48.6914,48.7327,48.6175,48.6588,33768,true
ZSMPB,2026-08-28T19:50:00Z,48.6588,48.6619,48.5752,48.5783,58970,true
ZSMPB,2026-08-28T19:55:00Z,48.5783,48.6206,48.5116,48.5538,39352,true
ZSMPB,2026-08-31T13:30:00Z,48.5538,48.635,48.3704,48.4516,32276,true
ZSMPB,2026-08-31T13:35:00Z,48.4516,48.5587,48.4292,48.5364,78645,true
ZSMPB,2026-08-31T13:40:00Z,48.5364,48.5493,48.4594,48.4724,44167,true
ZSMPB,2026-08-31T13:45:00Z,48.4724,48.5115,48.458,48.497,44517,true
ZSMPB,2026-08-31T13:50:00Z,48.497,48.5783,48.4707,48.552,39456,true
ZSMPB,2026-08-31T13:55:00Z,48.552,48.5999,48.5248,48.5727,38839,true
ZSMPB,2026-08-31T14:00:00Z,48.5727,48.5983,48.4753,48.5009,38008,true
ZSMPB,2026-08-31T14:05:00Z,48.5009,48.5142,48.4549,48.4682,32280,true
ZSMPB,2026-08-31T14:10:00Z,48.4682,48.4891,48.3991,48.42,30565,true
ZSMPB,2026-08-31T14:15:00Z,48.42,48.4392,48.409,48.4281,26600,true
ZSMPB,2026-08-31T14:20:00Z,48.4281,48.4479,48.4202,48.44,29263,true
ZSMPB,2026-08-31T14:25:00Z,48.44,48.4534,48.3793,48.3927,33147,true
ZSMPB,2026-08-31T14:30:00Z,48.3927,48.4774,48.2975,48.3822,22073,true
ZSMPB,2026-08-31T14:35:00Z,48.3822,48.4611,48.3459,48.4248,24205,true
ZSMPB,2026-08-31T14:40:00Z,48.4248,48.4701,48.2918,48.3371,39833,true
ZSMPB,2026-08-31T14:45:00Z,48.3371,48.3626,48.3088,48.3342,24920,true
ZSMPB,2026-08-31T14:50:00Z,48.3342,48.358,48.2195,48.2432,22984,true
ZSMPB,2026-08-31T14:55:00Z,48.2432,48.313,48.2158,48.2856,27156,true
ZSMPB,2026-08-31T15:00:00Z,48.2856,48.3133,48.2695,48.2972,29922,true
ZSMPB,2026-08-31T15:05:00Z,48.2972,48.4531,48.2817,48.4376,22465,true
ZSMPB,2026-08-31T15:10:00Z,48.4376,48.5022,48.413,48.4777,23043,true
ZSMPB,2026-08-31T15:15:00Z,48.4777,48.4828,48.4733,48.4784,27835,true
ZSMPB,2026-08-31T15:20:00Z,48.4784,48.5258,48.4384,48.4859,19904,true
ZSMPB,2026-08-31T15:25:00Z,48.4859,48.5031,48.4299,48.4471,33087,true
ZSMPB,2026-08-31T15:30:00Z,48.4471,48.5481,48.4277,48.5286,25470,true
ZSMPB,2026-08-31T15:35:00Z,48.5286,48.5567,48.4655,48.4935,25194,true
ZSMPB,2026-08-31T15:40:00Z,48.4935,48.5077,48.4171,48.4313,29319,true
ZSMPB,2026-08-31T15:45:00Z,48.4313,48.4996,48.395,48.4633,35258,true
ZSMPB,2026-08-31T15:50:00Z,48.4633,48.4772,48.4214,48.4353,16633,true
ZSMPB,2026-08-31T15:55:00Z,48.4353,48.6293,48.3866,48.5806,22070,true
ZSMPB,2026-08-31T16:00:00Z,48.5806,48.6079,48.5115,48.5388,24947,true
ZSMPB,2026-08-31T16:05:00Z,48.5388,48.5609,48.3459,48.3679,19238,true
ZSMPB,2026-08-31T16:10:00Z,48.3679,48.3887,48.2631,48.284,34659,true
ZSMPB,2026-08-31T16:15:00Z,48.284,48.2991,48.218,48.2331,13415,true
ZSMPB,2026-08-31T16:20:00Z,48.2331,48.2709,48.2018,48.2395,27110,true
ZSMPB,2026-08-31T16:25:00Z,48.2395,48.2758,48.2129,48.2492,21448,true
ZSMPB,2026-08-31T16:30:00Z,48.2492,48.3351,48.2314,48.3173,34176,true
ZSMPB,2026-08-31T16:35:00Z,48.3173,48.3423,48.1288,48.1539,38549,true
ZSMPB,2026-08-31T16:40:00Z,48.1539,48.1559,48.0674,48.0695,25745,true
ZSMPB,2026-08-31T16:45:00Z,48.0695,48.0726,48.0416,48.0447,32339,true
ZSMPB,2026-08-31T16:50:00Z,48.0447,48.1458,47.9896,48.0907,26692,true
ZSMPB,2026-08-31T16:55:00Z,48.0907,48.0962,48.0752,48.0806,12914,true
ZSMPB,2026-08-31T17:00:00Z,48.0806,48.1072,48.0558,48.0824,29070,true
ZSMPB,2026-08-31T17:05:00Z,48.0824,48.1072,48.0697,48.0945,22673,true
ZSMPB,2026-08-31T17:10:00Z,48.0945,48.1228,48.0824,48.1107,22040,true
ZSMPB,2026-08-31T17:15:00Z,48.1107,48.2875,48.0734,48.2502,15181,true
ZSMPB,2026-08-31T17:20:00Z,48.2502,48.2626,48.1734,48.1858,17585,true
ZSMPB,2026-08-31T17:25:00Z,48.1858,48.2454,48.1521,48.2116,30291,true
ZSMPB,2026-08-31T17:30:00Z,48.2116,48.223,48.1969,48.2082,17311,true
ZSMPB,2026-08-31T17:35:00Z,48.2082,48.2536,48.1582,48.2036,24558,true
ZSMPB,2026-08-31T17:40:00Z,48.2036,48.3003,48.157,48.2537,25461,true
ZSMPB,2026-08-31T17:45:00Z,48.2537,48.2565,48.2246,48.2274,15927,true
ZSMPB,2026-08-31T17:50:00Z,48.2274,48.3014,48.1877,48.2616,21575,true
ZSMPB,2026-08-31T17:55:00Z,48.2616,48.2626,48.2403,48.2414,22304,true
ZSMPB,2026-08-31T18:00:00Z,48.2414,48.3069,48.2361,48.3016,24587,true
ZSMPB,2026-08-31T18:05:00Z,48.3016,48.3674,48.2836,48.3494,29376,true
ZSMPB,2026-08-31T18:10:00Z,48.3494,48.3504,48.3165,48.3174,32522,true
ZSMPB,2026-08-31T18:15:00Z,48.3174,48.351,48.2685,48.3021,24420,true
ZSMPB,2026-08-31T18:20:00Z,48.3021,48.3033,48.2406,48.2418,23244,true
ZSMPB,2026-08-31T18:25:00Z,48.2418,48.3969,48.1847,48.3398,16057,true
ZSMPB,2026-08-31T18:30:00Z,48.3398,48.3403,48.2857,48.2863,26600,true
ZSMPB,2026-08-31T18:35:00Z,48.2863,48.2965,48.2698,48.28,25810,true
ZSMPB,2026-08-31T18:40:00Z,48.28,48.288,48.2495,48.2575,27263,true
ZSMPB,2026-08-31T18:45:00Z,48.2575,48.2873,48.1821,48.2119,23845,true
ZSMPB,2026-08-31T18:50:00Z,48.2119,48.3294,48.1417,48.2591,24460,true
ZSMPB,2026-08-31T18:55:00Z,48.2591,48.2834,48.2383,48.2626,23855,true
ZSMPB,2026-08-31T19:00:00Z,48.2626,48.2771,48.2314,48.2459,26914,true
ZSMPB,2026-08-31T19:05:00Z,48.2459,48.2814,48.2402,48.2756,30308,true
ZSMPB,2026-08-31T19:10:00Z,48.2756,48.3156,48.263,48.303,34018,true
ZSMPB,2026-08-31T19:15:00Z,48.303,48.3426,48.2478,48.2874,27550,true
ZSMPB,2026-08-31T19:20:00Z,48.2874,48.3198,48.2783,48.3106,31570,true
ZSMPB,2026-08-31T19:25:00Z,48.3106,48.313,48.2684,48.2707,39152,true
ZSMPB,2026-08-31T19:30:00Z,48.2707,48.3711,48.2331,48.3334,51777,true
ZSMPB,2026-08-31T19:35:00Z,48.3334,48.4165,48.3041,48.3872,46646,true
ZSMPB,2026-08-31T19:40:00Z,48.3872,48.4121,48.3169,48.3417,34394,true
ZSMPB,2026-08-31T19:45:00Z,48.3417,48.387,48.3334,48.3787,41778,true
ZSMPB,2026-08-31T19:50:00Z,48.3787,48.3829,48.3334,48.3376,36632,true
ZSMPB,2026-08-31T19:55:00Z,48.3376,48.364,48.1966,48.223,70239,true
ZSMPB,2026-09-01T13:30:00Z,48.223,48.2547,48.1365,48.1683,42724,true
ZSMPB,2026-09-01T13:35:00Z,48.1683,48.2225,48.1499,48.2041,52567,true
ZSMPB,2026-09-01T13:40:00Z,48.2041,48.3142,48.2001,48.3102,37509,true
ZSMPB,2026-09-01T13:45:00Z,48.3102,48.343,48.2588,48.2916,48074,true
ZSMPB,2026-09-01T13:50:00Z,48.2916,48.3185,48.2773,48.3042,53475,true
ZSMPB,2026-09-01T13:55:00Z,48.3042,48.3049,48.2948,48.2954,59287,true
ZSMPB,2026-09-01T14:00:00Z,48.2954,48.3117,48.2912,48.3074,36870,true
ZSMPB,2026-09-01T14:05:00Z,48.3074,48.3548,48.2465,48.2938,54922,true
ZSMPB,2026-09-01T14:10:00Z,48.2938,48.3577,48.2911,48.3549,45682,true
ZSMPB,2026-09-01T14:15:00Z,48.3549,48.3574,48.3455,48.3479,29452,true
ZSMPB,2026-09-01T14:20:00Z,48.3479,48.4287,48.3359,48.4166,22779,true
ZSMPB,2026-09-01T14:25:00Z,48.4166,48.4429,48.3634,48.3897,23321,true
ZSMPB,2026-09-01T14:30:00Z,48.3897,48.4907,48.3685,48.4695,22591,true
ZSMPB,2026-09-01T14:35:00Z,48.4695,48.5236,48.4338,48.4879,24607,true
ZSMPB,2026-09-01T14:40:00Z,48.4879,48.5235,48.4812,48.5167,34702,true
ZSMPB,2026-09-01T14:45:00Z,48.5167,48.5384,48.4074,48.4291,28160,true
ZSMPB,2026-09-01T14:50:00Z,48.4291,48.5236,48.4116,48.506,25710,true
ZSMPB,2026-09-01T14:55:00Z,48.506,48.5514,48.5002,48.5456,29546,true
ZSMPB,2026-09-01T15:00:00Z,48.5456,48.7601,48.4982,48.7127,36354,true
ZSMPB,2026-09-01T15:05:00Z,48.7127,48.8596,48.6773,48.8242,23515,true
ZSMPB,2026-09-01T15:10:00Z,48.8242,48.8275,48.7419,48.7452,50314,true
ZSMPB,2026-09-01T15:15:00Z,48.7452,48.7742,48.7053,48.7343,24406,true
ZSMPB,2026-09-01T15:20:00Z,48.7343,48.7874,48.6922,48.7453,17453,true
ZSMPB,2026-09-01T15:25:00Z,48.7453,48.7857,48.7356,48.7761,29203,true
ZSMPB,2026-09-01T15:30:00Z,48.7761,48.7771,48.7198,48.7209,28416,true
ZSMPB,2026-09-01T15:35:00Z,48.7209,48.8613,48.6895,48.8299,18289,true
ZSMPB,2026-09-01T15:40:00Z,48.8299,48.8833,48.7727,48.826,19922,true
ZSMPB,2026-09-01T15:45:00Z,48.826,48.8611,48.7983,48.8334,22095,true
ZSMPB,2026-09-01T15:50:00Z,48.8334,48.8746,48.7647,48.8059,42336,true
ZSMPB,2026-09-01T15:55:00Z,48.8059,48.851,48.7934,48.8386,19353,true
ZSMPB,2026-09-01T16:00:00Z,48.8386,48.8981,48.6808,48.7403,23353,true
ZSMPB,2026-09-01T16:05:00Z,48.7403,48.7996,48.7206,48.78,20516,true
ZSMPB,2026-09-01T16:10:00Z,48.78,48.8027,48.7674,48.7901,31408,true
ZSMPB,2026-09-01T16:15:00Z,48.7901,48.8519,48.7034,48.7652,22603,true
ZSMPB,2026-09-01T16:20:00Z,48.7652,48.8026,48.7468,48.7842,31545,true
ZSMPB,2026-09-01T16:25:00Z,48.7842,48.8324,48.7684,48.8166,30564,true
ZSMPB,2026-09-01T16:30:00Z,48.8166,48.8287,48.7401,48.7522,25451,true
ZSMPB,2026-09-01T16:35:00Z,48.7522,48.8605,48.7072,48.8155,28558,true
ZSMPB,2026-09-01T16:40:00Z,48.8155,48.8715,48.7944,48.8504,25341,true
ZSMPB,2026-09-01T16:45:00Z,48.8504,48.9252,48.8248,48.8996,25761,true
ZSMPB,2026-09-01T16:50:00Z,48.8996,48.9053,48.8471,48.8528,16276,true
ZSMPB,2026-09-01T16:55:00Z,48.8528,48.8845,48.7948,48.8264,19006,true
ZSMPB,2026-09-01T17:00:00Z,48.8264,48.841,48.6945,48.7091,24339,true
ZSMPB,2026-09-01T17:05:00Z,48.7091,48.769,48.6657,48.7257,20689,true
ZSMPB,2026-09-01T17:10:00Z,48.7257,48.8037,48.707,48.785,16524,true
ZSMPB,2026-09-01T17:15:00Z,48.785,48.8121,48.7112,48.7383,25952,true
ZSMPB,2026-09-01T17:20:00Z,48.7383,48.7709,48.7199,48.7525,19362,true
ZSMPB,2026-09-01T17:25:00Z,48.7525,48.7757,48.6612,48.6845,21272,true
ZSMPB,2026-09-01T17:30:00Z,48.6845,48.7299,48.6406,48.686,24084,true
ZSMPB,2026-09-01T17:35:00Z,48.686,48.7452,48.6818,48.7411,20993,true
ZSMPB,2026-09-01T17:40:00Z,48.7411,48.8402,48.7107,48.8098,17793,true
ZSMPB,2026-09-01T17:45:00Z,48.8098,48.8493,48.7615,48.8009,42880,true
ZSMPB,2026-09-01T17:50:00Z,48.8009,48.8413,48.789,48.8293,26355,true
ZSMPB,2026-09-01T17:55:00Z,48.8293,48.8428,48.8073,48.8208,33048,true
ZSMPB,2026-09-01T18:00:00Z,48.8208,48.8538,48.7449,48.7779,27639,true
ZSMPB,2026-09-01T18:05:00Z,48.7779,48.8337,48.7136,48.7694,28532,true
ZSMPB,2026-09-01T18:10:00Z,48.7694,48.8084,48.7391,48.778,20422,true
ZSMPB,2026-09-01T18:15:00Z,48.778,48.8457,48.7528,48.8205,22790,true
ZSMPB,2026-09-01T18:20:00Z,48.8205,48.8692,48.7216,48.7702,26005,true
ZSMPB,2026-09-01T18:25:00Z,48.7702,48.8122,48.7513,48.7932,24548,true
ZSMPB,2026-09-01T18:30:00Z,48.7932,48.862,48.7394,48.8081,19801,true
ZSMPB,2026-09-01T18:35:00Z,48.8081,48.8758,48.7418,48.8095,18867,true
ZSMPB,2026-09-01T18:40:00Z,48.8095,48.8353,48.7249,48.7507,29243,true
ZSMPB,2026-09-01T18:45:00Z,48.7507,48.8023,48.7317,48.7832,16772,true
ZSMPB,2026-09-01T18:50:00Z,48.7832,48.8068,48.7093,48.7328,30200,true
ZSMPB,2026-09-01T18:55:00Z,48.7328,48.7943,48.581,48.6425,26390,true
ZSMPB,2026-09-01T19:00:00Z,48.6425,48.7274,48.5877,48.6726,19331,true
ZSMPB,2026-09-01T19:05:00Z,48.6726,48.6818,48.5741,48.5833,28293,true
ZSMPB,2026-09-01T19:10:00Z,48.5833,48.6146,48.5745,48.6058,41561,true
ZSMPB,2026-09-01T19:15:00Z,48.6058,48.6257,48.5888,48.6087,38164,true
ZSMPB,2026-09-01T19:20:00Z,48.6087,48.6617,48.5813,48.6343,25195,true
ZSMPB,2026-09-01T19:25:00Z,48.6343,48.7483,48.5903,48.7043,34649,true
ZSMPB,2026-09-01T19:30:00Z,48.7043,48.7215,48.6653,48.6825,39120,true
ZSMPB,2026-09-01T19:35:00Z,48.6825,48.6913,48.6232,48.632,38050,true
ZSMPB,2026-09-01T19:40:00Z,48.632,48.6455,48.6053,48.6188,38555,true
ZSMPB,2026-09-01T19:45:00Z,48.6188,48.6798,48.5589,48.6199,57687,true
ZSMPB,2026-09-01T19:50:00Z,48.6199,48.675,48.602,48.6571,45741,true
ZSMPB,2026-09-01T19:55:00Z,48.6571,48.836,48.6488,48.8278,37080,true
ZSMPB,2026-09-02T13:30:00Z,48.8278,48.8932,48.795,48.8605,65014,true
ZSMPB,2026-09-02T13:35:00Z,48.8605,48.8931,48.8062,48.8388,43118,true
ZSMPB,2026-09-02T13:40:00Z,48.8388,48.8605,48.7632,48.7849,54996,true
ZSMPB,2026-09-02T13:45:00Z,48.7849,48.8787,48.7712,48.8649,44103,true
ZSMPB,2026-09-02T13:50:00Z,48.8649,48.882,48.7473,48.7643,54240,true
ZSMPB,2026-09-02T13:55:00Z,48.7643,48.8257,48.7254,48.7868,57411,true
ZSMPB,2026-09-02T14:00:00Z,48.7868,48.8328,48.6799,48.7258,64261,true
ZSMPB,2026-09-02T14:05:00Z,48.7258,48.796,48.6982,48.7684,52563,true
ZSMPB,2026-09-02T14:10:00Z,48.7684,48.7802,48.6872,48.699,32825,true
ZSMPB,2026-09-02T14:15:00Z,48.699,48.7453,48.6183,48.6645,23575,true
ZSMPB,2026-09-02T14:20:00Z,48.6645,48.7293,48.6471,48.7119,41714,true
ZSMPB,2026-09-02T14:25:00Z,48.7119,48.7348,48.6552,48.6781,25405,true
ZSMPB,2026-09-02T14:30:00Z,48.6781,48.6914,48.6436,48.657,31727,true
ZSMPB,2026-09-02T14:35:00Z,48.657,48.7663,48.6436,48.7529,21495,true
ZSMPB,2026-09-02T14:40:00Z,48.7529,48.7999,48.5613,48.6084,39764,true
ZSMPB,2026-09-02T14:45:00Z,48.6084,48.6381,48.5865,48.6162,32698,true
ZSMPB,2026-09-02T14:50:00Z,48.6162,48.6633,48.5718,48.6189,24408,true
ZSMPB,2026-09-02T14:55:00Z,48.6189,48.6223,48.5561,48.5594,31992,true
ZSMPB,2026-09-02T15:00:00Z,48.5594,48.6502,48.4948,48.5856,41073,true
ZSMPB,2026-09-02T15:05:00Z,48.5856,48.5888,48.5335,48.5367,30969,true
ZSMPB,2026-09-02T15:10:00Z,48.5367,48.5601,48.4616,48.485,20413,true
ZSMPB,2026-09-02T15:15:00Z,48.485,48.6069,48.4782,48.6,18126,true
ZSMPB,2026-09-02T15:20:00Z,48.6,48.6556,48.5544,48.61,32575,true
ZSMPB,2026-09-02T15:25:00Z,48.61,48.7125,48.5936,48.6961,32427,true
ZSMPB,2026-09-02T15:30:00Z,48.6961,48.7978,48.6515,48.7532,16853,true
ZSMPB,2026-09-02T15:35:00Z,48.7532,48.7995,48.7443,48.7906,28484,true
ZSMPB,2026-09-02T15:40:00Z,48.7906,48.8221,48.7593,48.7909,32992,true
ZSMPB,2026-09-02T15:45:00Z,48.7909,48.8184,48.6684,48.6959,33836,true
ZSMPB,2026-09-02T15:50:00Z,48.6959,48.7363,48.6422,48.6826,34253,true
ZSMPB,2026-09-02T15:55:00Z,48.6826,48.7197,48.6661,48.7031,30180,true
ZSMPB,2026-09-02T16:00:00Z,48.7031,48.854,48.6086,48.7595,28172,true
ZSMPB,2026-09-02T16:05:00Z,48.7595,48.8291,48.7505,48.82,22730,true
ZSMPB,2026-09-02T16:10:00Z,48.82,48.8212,48.7513,48.7525,19417,true
ZSMPB,2026-09-02T16:15:00Z,48.7525,48.778,48.6602,48.6857,31828,true
ZSMPB,2026-09-02T16:20:00Z,48.6857,48.733,48.6755,48.7228,23005,true
ZSMPB,2026-09-02T16:25:00Z,48.7228,48.8519,48.7171,48.8463,24261,true
ZSMPB,2026-09-02T16:30:00Z,48.8463,48.8798,48.7247,48.7583,24974,true
ZSMPB,2026-09-02T16:35:00Z,48.7583,48.7954,48.7358,48.7729,29154,true
ZSMPB,2026-09-02T16:40:00Z,48.7729,48.8562,48.722,48.8052,37177,true
ZSMPB,2026-09-02T16:45:00Z,48.8052,48.8626,48.7716,48.8289,22289,true
ZSMPB,2026-09-02T16:50:00Z,48.8289,48.8688,48.7941,48.834,28827,true
ZSMPB,2026-09-02T16:55:00Z,48.834,48.9515,48.7925,48.9099,33455,true
ZSMPB,2026-09-02T17:00:00Z,48.9099,48.939,48.893,48.9221,23699,true
ZSMPB,2026-09-02T17:05:00Z,48.9221,48.9593,48.9066,48.9437,40817,true
ZSMPB,2026-09-02T17:10:00Z,48.9437,48.9488,48.8415,48.8466,27307,true
ZSMPB,2026-09-02T17:15:00Z,48.8466,48.9012,48.825,48.8796,19920,true
ZSMPB,2026-09-02T17:20:00Z,48.8796,48.9337,48.8705,48.9246,35121,true
ZSMPB,2026-09-02T17:25:00Z,48.9246,48.9853,48.8935,48.9542,25185,true
ZSMPB,2026-09-02T17:30:00Z,48.9542,49.0602,48.9188,49.0249,22985,true
ZSMPB,2026-09-02T17:35:00Z,49.0249,49.0772,48.977,49.0293,36494,true
ZSMPB,2026-09-02T17:40:00Z,49.0293,49.0627,48.8962,48.9295,46154,true
ZSMPB,2026-09-02T17:45:00Z,48.9295,48.9575,48.9139,48.9419,18971,true
ZSMPB,2026-09-02T17:50:00Z,48.9419,48.9634,48.8917,48.9132,29922,true
ZSMPB,2026-09-02T17:55:00Z,48.9132,48.9171,48.799,48.8029,25744,true
ZSMPB,2026-09-02T18:00:00Z,48.8029,48.8295,48.7239,48.7505,31153,true
ZSMPB,2026-09-02T18:05:00Z,48.7505,48.8129,48.7186,48.781,50915,true
ZSMPB,2026-09-02T18:10:00Z,48.781,48.8292,48.7301,48.7783,22668,true
ZSMPB,2026-09-02T18:15:00Z,48.7783,48.8344,48.7597,48.8158,25170,true
ZSMPB,2026-09-02T18:20:00Z,48.8158,48.8335,48.7574,48.7751,30116,true
ZSMPB,2026-09-02T18:25:00Z,48.7751,48.8222,48.7692,48.8163,23061,true
ZSMPB,2026-09-02T18:30:00Z,48.8163,48.8973,48.7816,48.8625,32974,true
ZSMPB,2026-09-02T18:35:00Z,48.8625,49.0032,48.79,48.9307,23695,true
ZSMPB,2026-09-02T18:40:00Z,48.9307,48.9369,48.8838,48.89,28072,true
ZSMPB,2026-09-02T18:45:00Z,48.89,48.9213,48.884,48.9154,25067,true
ZSMPB,2026-09-02T18:50:00Z,48.9154,48.9268,48.8492,48.8606,24372,true
ZSMPB,2026-09-02T18:55:00Z,48.8606,48.8682,48.8503,48.8579,37785,true
ZSMPB,2026-09-02T19:00:00Z,48.8579,48.8714,48.8426,48.8561,35856,true
ZSMPB,2026-09-02T19:05:00Z,48.8561,48.8879,48.8086,48.8404,21711,true
ZSMPB,2026-09-02T19:10:00Z,48.8404,48.9043,48.833,48.8969,31438,true
ZSMPB,2026-09-02T19:15:00Z,48.8969,48.9079,48.8449,48.8558,35138,true
ZSMPB,2026-09-02T19:20:00Z,48.8558,48.8632,48.8281,48.8355,26474,true
ZSMPB,2026-09-02T19:25:00Z,48.8355,48.8475,48.7679,48.78,37276,true
ZSMPB,2026-09-02T19:30:00Z,48.78,48.8173,48.6293,48.6666,35870,true
ZSMPB,2026-09-02T19:35:00Z,48.6666,48.6869,48.6025,48.6229,28936,true
ZSMPB,2026-09-02T19:40:00Z,48.6229,48.6411,48.5519,48.5701,37570,true
ZSMPB,2026-09-02T19:45:00Z,48.5701,48.5942,48.5614,48.5855,30042,true
ZSMPB,2026-09-02T19:50:00Z,48.5855,48.6209,48.5745,48.6099,46499,true
ZSMPB,2026-09-02T19:55:00Z,48.6099,48.6151,48.5283,48.5335,61759,true
ZSMPB,2026-09-03T13:30:00Z,48.5335,48.5599,48.4883,48.5147,68670,true
ZSMPB,2026-09-03T13:35:00Z,48.5147,48.6429,48.4874,48.6157,76867,true
ZSMPB,2026-09-03T13:40:00Z,48.6157,48.6854,48.6111,48.6809,62626,true
ZSMPB,2026-09-03T13:45:00Z,48.6809,48.6833,48.6023,48.6047,56796,true
ZSMPB,2026-09-03T13:50:00Z,48.6047,48.6306,48.5833,48.6092,43426,true
ZSMPB,2026-09-03T13:55:00Z,48.6092,48.6203,48.5921,48.6032,46946,true
ZSMPB,2026-09-03T14:00:00Z,48.6032,48.6032,48.5894,48.5894,39271,true
ZSMPB,2026-09-03T14:05:00Z,48.5894,48.6089,48.5298,48.5493,36750,true
ZSMPB,2026-09-03T14:10:00Z,48.5493,48.5719,48.5468,48.5694,27962,true
ZSMPB,2026-09-03T14:15:00Z,48.5694,48.5875,48.5322,48.5503,42018,true
ZSMPB,2026-09-03T14:20:00Z,48.5503,48.5525,48.498,48.5002,36318,true
ZSMPB,2026-09-03T14:25:00Z,48.5002,48.5576,48.4906,48.5479,40765,true
ZSMPB,2026-09-03T14:30:00Z,48.5479,48.5649,48.5183,48.5353,29446,true
ZSMPB,2026-09-03T14:35:00Z,48.5353,48.5772,48.5347,48.5766,18578,true
ZSMPB,2026-09-03T14:40:00Z,48.5766,48.6208,48.5691,48.6133,27911,true
ZSMPB,2026-09-03T14:45:00Z,48.6133,48.6566,48.5282,48.5715,26720,true
ZSMPB,2026-09-03T14:50:00Z,48.5715,48.6158,48.512,48.5563,25043,true
ZSMPB,2026-09-03T14:55:00Z,48.5563,48.576,48.5453,48.565,32524,true
ZSMPB,2026-09-03T15:00:00Z,48.565,48.6179,48.5392,48.5921,21448,true
ZSMPB,2026-09-03T15:05:00Z,48.5921,48.5953,48.5599,48.5631,33988,true
ZSMPB,2026-09-03T15:10:00Z,48.5631,48.6446,48.5483,48.6299,27927,true
ZSMPB,2026-09-03T15:15:00Z,48.6299,48.6881,48.4671,48.5254,42556,true
ZSMPB,2026-09-03T15:20:00Z,48.5254,48.5731,48.498,48.5458,25032,true
ZSMPB,2026-09-03T15:25:00Z,48.5458,48.6353,48.4789,48.5684,22984,true
ZSMPB,2026-09-03T15:30:00Z,48.5684,48.575,48.5618,48.5684,23142,true
ZSMPB,2026-09-03T15:35:00Z,48.5684,48.6866,48.5317,48.6498,26885,true
ZSMPB,2026-09-03T15:40:00Z,48.6498,48.6604,48.5696,48.5802,16448,true
ZSMPB,2026-09-03T15:45:00Z,48.5802,48.6031,48.5639,48.5869,31923,true
ZSMPB,2026-09-03T15:50:00Z,48.5869,48.7261,48.5666,48.7057,19768,true
ZSMPB,2026-09-03T15:55:00Z,48.7057,48.7175,48.6602,48.6719,19150,true
ZSMPB,2026-09-03T16:00:00Z,48.6719,48.6999,48.5771,48.605,29191,true
ZSMPB,2026-09-03T16:05:00Z,48.605,48.6365,48.5211,48.5525,22566,true
ZSMPB,2026-09-03T16:10:00Z,48.5525,48.5864,48.4985,48.5324,28037,true
ZSMPB,2026-09-03T16:15:00Z,48.5324,48.68,48.4643,48.6119,30687,true
ZSMPB,2026-09-03T16:20:00Z,48.6119,48.7014,48.5001,48.5897,30528,true
ZSMPB,2026-09-03T16:25:00Z,48.5897,48.7079,48.5492,48.6675,33991,true
ZSMPB,2026-09-03T16:30:00Z,48.6675,48.6816,48.6559,48.6701,36758,true
ZSMPB,2026-09-03T16:35:00Z,48.6701,48.6846,48.5689,48.5835,20093,true
ZSMPB,2026-09-03T16:40:00Z,48.5835,48.6314,48.5653,48.6132,32145,true
ZSMPB,2026-09-03T16:45:00Z,48.6132,48.6522,48.5158,48.5548,17351,true
ZSMPB,2026-09-03T16:50:00Z,48.5548,48.6115,48.5366,48.5932,19799,true
ZSMPB,2026-09-03T16:55:00Z,48.5932,48.6208,48.4776,48.5052,28773,true
ZSMPB,2026-09-03T17:00:00Z,48.5052,48.5545,48.4829,48.5323,20252,true
ZSMPB,2026-09-03T17:05:00Z,48.5323,48.56,48.4547,48.4824,23476,true
ZSMPB,2026-09-03T17:10:00Z,48.4824,48.5473,48.4557,48.5205,26569,true
ZSMPB,2026-09-03T17:15:00Z,48.5205,48.5247,48.5078,48.5119,26101,true
ZSMPB,2026-09-03T17:20:00Z,48.5119,48.5307,48.4024,48.4212,20552,true
ZSMPB,2026-09-03T17:25:00Z,48.4212,48.4387,48.3823,48.3998,27080,true
ZSMPB,2026-09-03T17:30:00Z,48.3998,48.509,48.3915,48.5007,27324,true
ZSMPB,2026-09-03T17:35:00Z,48.5007,48.551,48.4776,48.5279,23566,true
ZSMPB,2026-09-03T17:40:00Z,48.5279,48.5784,48.5108,48.5612,28274,true
ZSMPB,2026-09-03T17:45:00Z,48.5612,48.5844,48.5407,48.5638,24424,true
ZSMPB,2026-09-03T17:50:00Z,48.5638,48.5764,48.5602,48.5727,21481,true
ZSMPB,2026-09-03T17:55:00Z,48.5727,48.5764,48.5375,48.5412,19871,true
ZSMPB,2026-09-03T18:00:00Z,48.5412,48.5713,48.4381,48.4683,18492,true
ZSMPB,2026-09-03T18:05:00Z,48.4683,48.5697,48.4536,48.5551,25342,true
ZSMPB,2026-09-03T18:10:00Z,48.5551,48.6096,48.548,48.6024,26629,true
ZSMPB,2026-09-03T18:15:00Z,48.6024,48.6227,48.4918,48.5121,34256,true
ZSMPB,2026-09-03T18:20:00Z,48.5121,48.5388,48.5046,48.5313,24201,true
ZSMPB,2026-09-03T18:25:00Z,48.5313,48.6038,48.4834,48.5559,24473,true
ZSMPB,2026-09-03T18:30:00Z,48.5559,48.5977,48.5187,48.5605,32351,true
ZSMPB,2026-09-03T18:35:00Z,48.5605,48.5823,48.434,48.4558,32473,true
ZSMPB,2026-09-03T18:40:00Z,48.4558,48.4808,48.2864,48.3114,21119,true
ZSMPB,2026-09-03T18:45:00Z,48.3114,48.3834,48.2765,48.3485,27364,true
ZSMPB,2026-09-03T18:50:00Z,48.3485,48.4134,48.3334,48.3983,21556,true
ZSMPB,2026-09-03T18:55:00Z,48.3983,48.493,48.3473,48.442,26787,true
ZSMPB,2026-09-03T19:00:00Z,48.442,48.483,48.4251,48.4661,24050,true
ZSMPB,2026-09-03T19:05:00Z,48.4661,48.5209,48.4406,48.4954,51307,true
ZSMPB,2026-09-03T19:10:00Z,48.4954,48.496,48.4921,48.4927,27323,true
ZSMPB,2026-09-03T19:15:00Z,48.4927,48.6219,48.4757,48.6049,39866,true
ZSMPB,2026-09-03T19:20:00Z,48.6049,48.6249,48.5605,48.5805,37752,true
ZSMPB,2026-09-03T19:25:00Z,48.5805,48.5813,48.4618,48.4626,33330,true
ZSMPB,2026-09-03T19:30:00Z,48.4626,48.5429,48.4063,48.4865,32886,true
ZSMPB,2026-09-03T19:35:00Z,48.4865,48.4978,48.4557,48.467,28227,true
ZSMPB,2026-09-03T19:40:00Z,48.467,48.4994,48.4406,48.473,63053,true
ZSMPB,2026-09-03T19:45:00Z,48.473,48.5186,48.4598,48.5055,49124,true
ZSMPB,2026-09-03T19:50:00Z,48.5055,48.542,48.4369,48.4734,41089,true
ZSMPB,2026-09-03T19:55:00Z,48.4734,48.5162,48.4431,48.4858,90941,true
ZSMPB,2026-09-04T13:30:00Z,48.4858,48.5019,48.3946,48.4107,57094,true
ZSMPB,2026-09-04T13:35:00Z,48.4107,48.4118,48.3427,48.3438,45697,true
ZSMPB,2026-09-04T13:40:00Z,48.3438,48.3889,48.2908,48.3359,52236,true
ZSMPB,2026-09-04T13:45:00Z,48.3359,48.3367,48.2446,48.2453,70691,true
ZSMPB,2026-09-04T13:50:00Z,48.2453,48.3388,48.2173,48.3108,44308,true
ZSMPB,2026-09-04T13:55:00Z,48.3108,48.3531,48.2365,48.2788,35357,true
ZSMPB,2026-09-04T14:00:00Z,48.2788,48.3043,48.2082,48.2337,30420,true
ZSMPB,2026-09-04T14:05:00Z,48.2337,48.3078,48.1954,48.2695,27766,true
ZSMPB,2026-09-04T14:10:00Z,48.2695,48.3583,48.2436,48.3323,43663,true
ZSMPB,2026-09-04T14:15:00Z,48.3323,48.3498,48.2771,48.2946,27439,true
ZSMPB,2026-09-04T14:20:00Z,48.2946,48.3636,48.1775,48.2465,22746,true
ZSMPB,2026-09-04T14:25:00Z,48.2465,48.2569,48.218,48.2284,49164,true
ZSMPB,2026-09-04T14:30:00Z,48.2284,48.2534,48.2176,48.2426,29777,true
ZSMPB,2026-09-04T14:35:00Z,48.2426,48.243,48.2362,48.2367,30855,true
ZSMPB,2026-09-04T14:40:00Z,48.2367,48.2813,48.2145,48.2592,24428,true
ZSMPB,2026-09-04T14:45:00Z,48.2592,48.3243,48.2342,48.2992,24631,true
ZSMPB,2026-09-04T14:50:00Z,48.2992,48.4165,48.2504,48.3676,56709,true
ZSMPB,2026-09-04T14:55:00Z,48.3676,48.4695,48.3578,48.4597,28457,true
ZSMPB,2026-09-04T15:00:00Z,48.4597,48.4875,48.4431,48.4709,27526,true
ZSMPB,2026-09-04T15:05:00Z,48.4709,48.5513,48.4376,48.518,24375,true
ZSMPB,2026-09-04T15:10:00Z,48.518,48.5914,48.4928,48.5662,38867,true
ZSMPB,2026-09-04T15:15:00Z,48.5662,48.6696,48.5396,48.643,20461,true
ZSMPB,2026-09-04T15:20:00Z,48.643,48.7007,48.5819,48.6396,19239,true
ZSMPB,2026-09-04T15:25:00Z,48.6396,48.6876,48.5061,48.5542,25181,true
ZSMPB,2026-09-04T15:30:00Z,48.5542,48.611,48.548,48.6048,26157,true
ZSMPB,2026-09-04T15:35:00Z,48.6048,48.693,48.5745,48.6627,16423,true
ZSMPB,2026-09-04T15:40:00Z,48.6627,48.8568,48.6356,48.8296,15228,true
ZSMPB,2026-09-04T15:45:00Z,48.8296,48.8595,48.7102,48.74,27549,true
ZSMPB,2026-09-04T15:50:00Z,48.74,48.8064,48.6624,48.7287,19909,true
ZSMPB,2026-09-04T15:55:00Z,48.7287,48.7656,48.6022,48.639,21144,true
ZSMPB,2026-09-04T16:00:00Z,48.639,48.7156,48.6136,48.6901,20133,true
ZSMPB,2026-09-04T16:05:00Z,48.6901,48.7144,48.6426,48.667,26867,true
ZSMPB,2026-09-04T16:10:00Z,48.667,48.7015,48.6054,48.6399,27890,true
ZSMPB,2026-09-04T16:15:00Z,48.6399,48.7066,48.6202,48.6868,23318,true
ZSMPB,2026-09-04T16:20:00Z,48.6868,48.7172,48.6085,48.6388,24937,true
ZSMPB,2026-09-04T16:25:00Z,48.6388,48.6855,48.5987,48.6454,30542,true
ZSMPB,2026-09-04T16:30:00Z,48.6454,48.6694,48.5904,48.6144,36190,true
ZSMPB,2026-09-04T16:35:00Z,48.6144,48.6726,48.612,48.6702,23276,true
ZSMPB,2026-09-04T16:40:00Z,48.6702,48.7488,48.6651,48.7438,31129,true
ZSMPB,2026-09-04T16:45:00Z,48.7438,48.7659,48.6583,48.6804,33021,true
ZSMPB,2026-09-04T16:50:00Z,48.6804,48.7671,48.6319,48.7187,21289,true
ZSMPB,2026-09-04T16:55:00Z,48.7187,48.719,48.6856,48.6859,21158,true
ZSMPB,2026-09-04T17:00:00Z,48.6859,48.7566,48.5997,48.6704,15919,true
ZSMPB,2026-09-04T17:05:00Z,48.6704,48.6744,48.5873,48.5913,26251,true
ZSMPB,2026-09-04T17:10:00Z,48.5913,48.6569,48.5125,48.5781,23525,true
ZSMPB,2026-09-04T17:15:00Z,48.5781,48.7062,48.5473,48.6755,25351,true
ZSMPB,2026-09-04T17:20:00Z,48.6755,48.6956,48.5019,48.522,27046,true
ZSMPB,2026-09-04T17:25:00Z,48.522,48.5609,48.5159,48.5547,20547,true
ZSMPB,2026-09-04T17:30:00Z,48.5547,48.5872,48.5224,48.555,25202,true
ZSMPB,2026-09-04T17:35:00Z,48.555,48.5816,48.5178,48.5444,22176,true
ZSMPB,2026-09-04T17:40:00Z,48.5444,48.5991,48.4793,48.534,26105,true
ZSMPB,2026-09-04T17:45:00Z,48.534,48.5943,48.5036,48.5639,22692,true
ZSMPB,2026-09-04T17:50:00Z,48.5639,48.5934,48.5484,48.578,39764,true
ZSMPB,2026-09-04T17:55:00Z,48.578,48.6248,48.5763,48.6231,27576,true
ZSMPB,2026-09-04T18:00:00Z,48.6231,48.6297,48.5367,48.5433,24294,true
ZSMPB,2026-09-04T18:05:00Z,48.5433,48.5451,48.4983,48.5001,19498,true
ZSMPB,2026-09-04T18:10:00Z,48.5001,48.5171,48.4036,48.4207,27323,true
ZSMPB,2026-09-04T18:15:00Z,48.4207,48.4849,48.303,48.3672,25536,true
ZSMPB,2026-09-04T18:20:00Z,48.3672,48.4731,48.3465,48.4524,31744,true
ZSMPB,2026-09-04T18:25:00Z,48.4524,48.4678,48.4175,48.4329,38275,true
ZSMPB,2026-09-04T18:30:00Z,48.4329,48.4976,48.4035,48.4682,33321,true
ZSMPB,2026-09-04T18:35:00Z,48.4682,48.5337,48.4354,48.501,21594,true
ZSMPB,2026-09-04T18:40:00Z,48.501,48.5888,48.4564,48.5443,26687,true
ZSMPB,2026-09-04T18:45:00Z,48.5443,48.5664,48.4393,48.4615,32594,true
ZSMPB,2026-09-04T18:50:00Z,48.4615,48.5109,48.3272,48.3767,25464,true
ZSMPB,2026-09-04T18:55:00Z,48.3767,48.4099,48.3183,48.3515,27210,true
ZSMPB,2026-09-04T19:00:00Z,48.3515,48.3684,48.3499,48.3667,26617,true
ZSMPB,2026-09-04T19:05:00Z,48.3667,48.4825,48.348,48.4638,34680,true
ZSMPB,2026-09-04T19:10:00Z,48.4638,48.4765,48.4599,48.4726,34503,true
ZSMPB,2026-09-04T19:15:00Z,48.4726,48.4879,48.4688,48.484,31788,true
ZSMPB,2026-09-04T19:20:00Z,48.484,48.5062,48.4417,48.4639,25231,true
ZSMPB,2026-09-04T19:25:00Z,48.4639,48.4723,48.4602,48.4687,29506,true
ZSMPB,2026-09-04T19:30:00Z,48.4687,48.4933,48.4677,48.4923,50652,true
ZSMPB,2026-09-04T19:35:00Z,48.4923,48.5142,48.4574,48.4792,36548,true
ZSMPB,2026-09-04T19:40:00Z,48.4792,48.5159,48.4789,48.5156,46060,true
ZSMPB,2026-09-04T19:45:00Z,48.5156,48.5405,48.5081,48.533,67357,true
ZSMPB,2026-09-04T19:50:00Z,48.533,48.5437,48.4627,48.4734,34664,true
ZSMPB,2026-09-04T19:55:00Z,48.4734,48.4889,48.3961,48.4115,49381,true
ZSMPB,2026-09-08T13:30:00Z,48.4115,48.4908,48.4067,48.486,81863,true
ZSMPB,2026-09-08T13:35:00Z,48.486,48.5163,48.418,48.4483,106717,true
ZSMPB,2026-09-08T13:40:00Z,48.4483,48.4709,48.3842,48.4067,58656,true
ZSMPB,2026-09-08T13:45:00Z,48.4067,48.4398,48.339,48.3721,32151,true
ZSMPB,2026-09-08T13:50:00Z,48.3721,48.5313,48.3248,48.484,32321,true
ZSMPB,2026-09-08T13:55:00Z,48.484,48.511,48.4531,48.48,37919,true
ZSMPB,2026-09-08T14:00:00Z,48.48,48.5157,48.4568,48.4925,38539,true
ZSMPB,2026-09-08T14:05:00Z,48.4925,48.4927,48.4103,48.4105,41973,true
ZSMPB,2026-09-08T14:10:00Z,48.4105,48.4302,48.3537,48.3735,37061,true
ZSMPB,2026-09-08T14:15:00Z,48.3735,48.3736,48.3368,48.3369,39109,true
ZSMPB,2026-09-08T14:20:00Z,48.3369,48.414,48.2942,48.3713,32230,true
ZSMPB,2026-09-08T14:25:00Z,48.3713,48.4194,48.2807,48.3289,26122,true
ZSMPB,2026-09-08T14:30:00Z,48.3289,48.3659,48.2511,48.2881,29771,true
ZSMPB,2026-09-08T14:35:00Z,48.2881,48.3466,48.2659,48.3243,33984,true
ZSMPB,2026-09-08T14:40:00Z,48.3243,48.3495,48.2472,48.2724,35803,true
ZSMPB,2026-09-08T14:45:00Z,48.2724,48.4002,48.2299,48.3577,25127,true
ZSMPB,2026-09-08T14:50:00Z,48.3577,48.3582,48.2428,48.2433,35372,true
ZSMPB,2026-09-08T14:55:00Z,48.2433,48.2658,48.2216,48.2441,23863,true
ZSMPB,2026-09-08T15:00:00Z,48.2441,48.2569,48.1671,48.1798,21622,true
ZSMPB,2026-09-08T15:05:00Z,48.1798,48.251,48.1695,48.2406,26262,true
ZSMPB,2026-09-08T15:10:00Z,48.2406,48.3155,48.2269,48.3018,27861,true
ZSMPB,2026-09-08T15:15:00Z,48.3018,48.378,48.2731,48.3493,17522,true
ZSMPB,2026-09-08T15:20:00Z,48.3493,48.3945,48.3478,48.393,29807,true
ZSMPB,2026-09-08T15:25:00Z,48.393,48.5329,48.364,48.5039,44159,true
ZSMPB,2026-09-08T15:30:00Z,48.5039,48.5397,48.4796,48.5154,33808,true
ZSMPB,2026-09-08T15:35:00Z,48.5154,48.5436,48.4588,48.4871,18546,true
ZSMPB,2026-09-08T15:40:00Z,48.4871,48.4897,48.479,48.4816,26892,true
ZSMPB,2026-09-08T15:45:00Z,48.4816,48.5104,48.3864,48.4152,29727,true
ZSMPB,2026-09-08T15:50:00Z,48.4152,48.4628,48.4053,48.4529,34706,true
ZSMPB,2026-09-08T15:55:00Z,48.4529,48.4865,48.4242,48.4577,38834,true
ZSMPB,2026-09-08T16:00:00Z,48.4577,48.572,48.4365,48.5508,18225,true
ZSMPB,2026-09-08T16:05:00Z,48.5508,48.5856,48.5417,48.5765,27270,true
ZSMPB,2026-09-08T16:10:00Z,48.5765,48.6153,48.5697,48.6086,32458,true
ZSMPB,2026-09-08T16:15:00Z,48.6086,48.6283,48.4954,48.5151,27641,true
ZSMPB,2026-09-08T16:20:00Z,48.5151,48.5963,48.4984,48.5796,22812,true
ZSMPB,2026-09-08T16:25:00Z,48.5796,48.5798,48.5635,48.5636,26124,true
ZSMPB,2026-09-08T16:30:00Z,48.5636,48.5847,48.5071,48.5282,30748,true
ZSMPB,2026-09-08T16:35:00Z,48.5282,48.5972,48.5,48.569,22130,true
ZSMPB,2026-09-08T16:40:00Z,48.569,48.6502,48.5533,48.6345,28863,true
ZSMPB,2026-09-08T16:45:00Z,48.6345,48.6638,48.4941,48.5234,19693,true
ZSMPB,2026-09-08T16:50:00Z,48.5234,48.6312,48.5201,48.6279,25284,true
ZSMPB,2026-09-08T16:55:00Z,48.6279,48.6709,48.6245,48.6675,30148,true
ZSMPB,2026-09-08T17:00:00Z,48.6675,48.8279,48.651,48.8113,22740,true
ZSMPB,2026-09-08T17:05:00Z,48.8113,48.8516,48.7521,48.7924,21718,true
ZSMPB,2026-09-08T17:10:00Z,48.7924,48.9012,48.7557,48.8645,19075,true
ZSMPB,2026-09-08T17:15:00Z,48.8645,48.9543,48.8424,48.9322,21127,true
ZSMPB,2026-09-08T17:20:00Z,48.9322,48.9453,48.8344,48.8475,25432,true
ZSMPB,2026-09-08T17:25:00Z,48.8475,48.8821,48.7883,48.8229,25416,true
ZSMPB,2026-09-08T17:30:00Z,48.8229,48.847,48.8117,48.8357,29199,true
ZSMPB,2026-09-08T17:35:00Z,48.8357,48.8664,48.6924,48.723,19354,true
ZSMPB,2026-09-08T17:40:00Z,48.723,48.774,48.6632,48.7142,21422,true
ZSMPB,2026-09-08T17:45:00Z,48.7142,48.8819,48.66,48.8276,30250,true
ZSMPB,2026-09-08T17:50:00Z,48.8276,48.8836,48.7884,48.8444,16972,true
ZSMPB,2026-09-08T17:55:00Z,48.8444,48.8735,48.8311,48.8603,21046,true
ZSMPB,2026-09-08T18:00:00Z,48.8603,48.9615,48.8019,48.9032,25832,true
ZSMPB,2026-09-08T18:05:00Z,48.9032,48.9073,48.8645,48.8685,40278,true
ZSMPB,2026-09-08T18:10:00Z,48.8685,48.9108,48.8656,48.9079,32609,true
ZSMPB,2026-09-08T18:15:00Z,48.9079,48.9624,48.9069,48.9614,30490,true
ZSMPB,2026-09-08T18:20:00Z,48.9614,48.9635,48.914,48.9161,25549,true
ZSMPB,2026-09-08T18:25:00Z,48.9161,48.9502,48.9007,48.9348,38056,true
ZSMPB,2026-09-08T18:30:00Z,48.9348,48.9527,48.8796,48.8974,24342,true
ZSMPB,2026-09-08T18:35:00Z,48.8974,48.9205,48.823,48.8461,34668,true
ZSMPB,2026-09-08T18:40:00Z,48.8461,48.992,48.7895,48.9354,21454,true
ZSMPB,2026-09-08T18:45:00Z,48.9354,49.0379,48.892,48.9944,15561,true
ZSMPB,2026-09-08T18:50:00Z,48.9944,48.9964,48.9633,48.9652,30298,true
ZSMPB,2026-09-08T18:55:00Z,48.9652,49.085,48.9273,49.0471,24600,true
ZSMPB,2026-09-08T19:00:00Z,49.0471,49.1394,49.0206,49.1129,30916,true
ZSMPB,2026-09-08T19:05:00Z,49.1129,49.1296,49.0712,49.0879,23069,true
ZSMPB,2026-09-08T19:10:00Z,49.0879,49.2076,49.0297,49.1494,31457,true
ZSMPB,2026-09-08T19:15:00Z,49.1494,49.1829,49.0993,49.1328,23673,true
ZSMPB,2026-09-08T19:20:00Z,49.1328,49.1428,49.027,49.037,19369,true
ZSMPB,2026-09-08T19:25:00Z,49.037,49.1169,48.9846,49.0645,32357,true
ZSMPB,2026-09-08T19:30:00Z,49.0645,49.0768,49.0206,49.0328,60909,true
ZSMPB,2026-09-08T19:35:00Z,49.0328,49.0468,49.0209,49.0349,38059,true
ZSMPB,2026-09-08T19:40:00Z,49.0349,49.0634,49.0113,49.0398,34178,true
ZSMPB,2026-09-08T19:45:00Z,49.0398,49.0562,48.9408,48.9571,26098,true
ZSMPB,2026-09-08T19:50:00Z,48.9571,48.9933,48.9437,48.9799,50677,true
ZSMPB,2026-09-08T19:55:00Z,48.9799,49.001,48.9682,48.9893,30630,true
ZSMPB,2026-09-09T13:30:00Z,48.9893,49.0266,48.9866,49.0239,42744,true
ZSMPB,2026-09-09T13:35:00Z,49.0239,49.0915,49.0213,49.0889,62029,true
ZSMPB,2026-09-09T13:40:00Z,49.0889,49.105,49.0584,49.0744,45365,true
ZSMPB,2026-09-09T13:45:00Z,49.0744,49.0961,49.0077,49.0294,54539,true
ZSMPB,2026-09-09T13:50:00Z,49.0294,49.0655,48.9391,48.9753,35840,true
ZSMPB,2026-09-09T13:55:00Z,48.9753,49.029,48.9509,49.0046,49443,true
ZSMPB,2026-09-09T14:00:00Z,49.0046,49.0284,48.9271,48.9509,51668,true
ZSMPB,2026-09-09T14:05:00Z,48.9509,49.0464,48.9425,49.038,27821,true
ZSMPB,2026-09-09T14:10:00Z,49.038,49.138,49.0281,49.1281,37203,true
ZSMPB,2026-09-09T14:15:00Z,49.1281,49.1607,49.0234,49.0561,42961,true
ZSMPB,2026-09-09T14:20:00Z,49.0561,49.0646,49.0556,49.0642,23587,true
ZSMPB,2026-09-09T14:25:00Z,49.0642,49.1652,49.0631,49.1641,39283,true
ZSMPB,2026-09-09T14:30:00Z,49.1641,49.1804,49.159,49.1753,27506,true
ZSMPB,2026-09-09T14:35:00Z,49.1753,49.2031,49.121,49.1488,30489,true
ZSMPB,2026-09-09T14:40:00Z,49.1488,49.2395,49.1181,49.2088,33877,true
ZSMPB,2026-09-09T14:45:00Z,49.2088,49.2357,49.1387,49.1656,31790,true
ZSMPB,2026-09-09T14:50:00Z,49.1656,49.2132,49.1525,49.2001,31513,true
ZSMPB,2026-09-09T14:55:00Z,49.2001,49.29,49.1813,49.2712,28787,true
ZSMPB,2026-09-09T15:00:00Z,49.2712,49.2836,49.2471,49.2595,28526,true
ZSMPB,2026-09-09T15:05:00Z,49.2595,49.3045,49.2508,49.2958,30615,true
ZSMPB,2026-09-09T15:10:00Z,49.2958,49.4122,49.2254,49.3418,35084,true
ZSMPB,2026-09-09T15:15:00Z,49.3418,49.3569,49.2827,49.2978,28650,true
ZSMPB,2026-09-09T15:20:00Z,49.2978,49.3343,49.1666,49.2031,22093,true
ZSMPB,2026-09-09T15:25:00Z,49.2031,49.2409,49.201,49.2388,15312,true
ZSMPB,2026-09-09T15:30:00Z,49.2388,49.2799,49.2151,49.2562,21089,true
ZSMPB,2026-09-09T15:35:00Z,49.2562,49.2689,49.223,49.2356,29472,true
ZSMPB,2026-09-09T15:40:00Z,49.2356,49.2478,49.2022,49.2143,38747,true
ZSMPB,2026-09-09T15:45:00Z,49.2143,49.3075,49.184,49.2772,29776,true
ZSMPB,2026-09-09T15:50:00Z,49.2772,49.2896,49.2059,49.2183,27127,true
ZSMPB,2026-09-09T15:55:00Z,49.2183,49.2889,49.2088,49.2794,32192,true
ZSMPB,2026-09-09T16:00:00Z,49.2794,49.3035,49.2697,49.2938,21197,true
ZSMPB,2026-09-09T16:05:00Z,49.2938,49.3075,49.1994,49.2132,29895,true
ZSMPB,2026-09-09T16:10:00Z,49.2132,49.2339,49.1926,49.2133,25595,true
ZSMPB,2026-09-09T16:15:00Z,49.2133,49.3042,49.2029,49.2938,41034,true
ZSMPB,2026-09-09T16:20:00Z,49.2938,49.304,49.2927,49.303,17611,true
ZSMPB,2026-09-09T16:25:00Z,49.303,49.3812,49.2578,49.336,30346,true
ZSMPB,2026-09-09T16:30:00Z,49.336,49.3541,49.2984,49.3165,27328,true
ZSMPB,2026-09-09T16:35:00Z,49.3165,49.4017,49.2714,49.3565,25197,true
ZSMPB,2026-09-09T16:40:00Z,49.3565,49.3978,49.2789,49.3202,23409,true
ZSMPB,2026-09-09T16:45:00Z,49.3202,49.3498,49.1935,49.2231,31924,true
ZSMPB,2026-09-09T16:50:00Z,49.2231,49.2376,49.1753,49.1897,25717,true
ZSMPB,2026-09-09T16:55:00Z,49.1897,49.2116,49.1266,49.1484,28307,true
ZSMPB,2026-09-09T17:00:00Z,49.1484,49.2038,49.0847,49.14,20325,true
ZSMPB,2026-09-09T17:05:00Z,49.14,49.2454,49.1319,49.2373,28365,true
ZSMPB,2026-09-09T17:10:00Z,49.2373,49.2687,49.19,49.2214,20178,true
ZSMPB,2026-09-09T17:15:00Z,49.2214,49.2664,49.1466,49.1917,28766,true
ZSMPB,2026-09-09T17:20:00Z,49.1917,49.2118,49.0583,49.0784,23325,true
ZSMPB,2026-09-09T17:25:00Z,49.0784,49.0955,49.0518,49.069,29191,true
ZSMPB,2026-09-09T17:30:00Z,49.069,49.0776,48.9704,48.979,23376,true
ZSMPB,2026-09-09T17:35:00Z,48.979,49.0375,48.8313,48.8897,17183,true
ZSMPB,2026-09-09T17:40:00Z,48.8897,48.892,48.87,48.8722,14366,true
ZSMPB,2026-09-09T17:45:00Z,48.8722,48.8723,48.8232,48.8232,22641,true
ZSMPB,2026-09-09T17:50:00Z,48.8232,48.8548,48.6467,48.6783,30393,true
ZSMPB,2026-09-09T17:55:00Z,48.6783,48.7192,48.6738,48.7147,26772,true
ZSMPB,2026-09-09T18:00:00Z,48.7147,48.7292,48.6743,48.6888,13132,true
ZSMPB,2026-09-09T18:05:00Z,48.6888,48.7421,48.6747,48.728,22781,true
ZSMPB,2026-09-09T18:10:00Z,48.728,48.7395,48.711,48.7225,20485,true
ZSMPB,2026-09-09T18:15:00Z,48.7225,48.7794,48.6418,48.6987,34489,true
ZSMPB,2026-09-09T18:20:00Z,48.6987,48.7454,48.6865,48.7333,28415,true
ZSMPB,2026-09-09T18:25:00Z,48.7333,48.7526,48.6671,48.6864,32096,true
ZSMPB,2026-09-09T18:30:00Z,48.6864,48.693,48.6296,48.6362,30452,true
ZSMPB,2026-09-09T18:35:00Z,48.6362,48.6862,48.6156,48.6656,32961,true
ZSMPB,2026-09-09T18:40:00Z,48.6656,48.6732,48.5663,48.5739,39334,true
ZSMPB,2026-09-09T18:45:00Z,48.5739,48.6138,48.4406,48.4805,28199,true
ZSMPB,2026-09-09T18:50:00Z,48.4805,48.5287,48.4705,48.5187,24123,true
ZSMPB,2026-09-09T18:55:00Z,48.5187,48.6677,48.4676,48.6166,25305,true
ZSMPB,2026-09-09T19:00:00Z,48.6166,48.6427,48.5277,48.5538,17596,true
ZSMPB,2026-09-09T19:05:00Z,48.5538,48.5584,48.4432,48.4478,25981,true
ZSMPB,2026-09-09T19:10:00Z,48.4478,48.5633,48.3687,48.4843,29356,true
ZSMPB,2026-09-09T19:15:00Z,48.4843,48.5407,48.4822,48.5386,30778,true
ZSMPB,2026-09-09T19:20:00Z,48.5386,48.5631,48.4893,48.5137,43999,true
ZSMPB,2026-09-09T19:25:00Z,48.5137,48.652,48.5067,48.6449,26884,true
ZSMPB,2026-09-09T19:30:00Z,48.6449,48.6649,48.5555,48.5755,28866,true
ZSMPB,2026-09-09T19:35:00Z,48.5755,48.5996,48.5617,48.5859,32391,true
ZSMPB,2026-09-09T19:40:00Z,48.5859,48.6418,48.5279,48.5838,49207,true
ZSMPB,2026-09-09T19:45:00Z,48.5838,48.6238,48.4629,48.5028,47100,true
ZSMPB,2026-09-09T19:50:00Z,48.5028,48.5514,48.4973,48.5458,40727,true
ZSMPB,2026-09-09T19:55:00Z,48.5458,48.5825,48.4628,48.4995,42132,true
ZSMPB,2026-09-10T13:30:00Z,48.4995,48.5212,48.4799,48.5016,51207,true
ZSMPB,2026-09-10T13:35:00Z,48.5016,48.5757,48.4599,48.534,40663,true
ZSMPB,2026-09-10T13:40:00Z,48.534,48.5358,48.5151,48.5169,49212,true
ZSMPB,2026-09-10T13:45:00Z,48.5169,48.6249,48.4829,48.5909,38170,true
ZSMPB,2026-09-10T13:50:00Z,48.5909,48.6243,48.5534,48.5868,29388,true
ZSMPB,2026-09-10T13:55:00Z,48.5868,48.617,48.5102,48.5405,86905,true
ZSMPB,2026-09-10T14:00:00Z,48.5405,48.6158,48.527,48.6022,34987,true
ZSMPB,2026-09-10T14:05:00Z,48.6022,48.6404,48.5952,48.6333,25253,true
ZSMPB,2026-09-10T14:10:00Z,48.6333,48.6685,48.6167,48.6519,39074,true
ZSMPB,2026-09-10T14:15:00Z,48.6519,48.8126,48.6477,48.8084,20238,true
ZSMPB,2026-09-10T14:20:00Z,48.8084,48.8712,48.7786,48.8413,39846,true
ZSMPB,2026-09-10T14:25:00Z,48.8413,48.9583,48.8145,48.9315,28419,true
ZSMPB,2026-09-10T14:30:00Z,48.9315,48.9885,48.9041,48.9612,22124,true
ZSMPB,2026-09-10T14:35:00Z,48.9612,48.9699,48.9075,48.9162,38517,true
ZSMPB,2026-09-10T14:40:00Z,48.9162,49.0232,48.8956,49.0026,34753,true
ZSMPB,2026-09-10T14:45:00Z,49.0026,49.0451,48.9442,48.9867,15432,true
ZSMPB,2026-09-10T14:50:00Z,48.9867,49.0162,48.9311,48.9606,30468,true
ZSMPB,2026-09-10T14:55:00Z,48.9606,49.0523,48.9097,49.0013,24335,true
ZSMPB,2026-09-10T15:00:00Z,49.0013,49.0574,48.9303,48.9863,30364,true
ZSMPB,2026-09-10T15:05:00Z,48.9863,49.0366,48.9554,49.0057,41513,true
ZSMPB,2026-09-10T15:10:00Z,49.0057,49.0115,48.9633,48.9691,27040,true
ZSMPB,2026-09-10T15:15:00Z,48.9691,48.9972,48.8904,48.9185,20466,true
ZSMPB,2026-09-10T15:20:00Z,48.9185,48.9779,48.9055,48.9648,28930,true
ZSMPB,2026-09-10T15:25:00Z,48.9648,48.9664,48.9362,48.9378,26831,true
ZSMPB,2026-09-10T15:30:00Z,48.9378,48.9701,48.8981,48.9303,30195,true
ZSMPB,2026-09-10T15:35:00Z,48.9303,48.95,48.88,48.8996,31459,true
ZSMPB,2026-09-10T15:40:00Z,48.8996,48.9567,48.8903,48.9473,25941,true
ZSMPB,2026-09-10T15:45:00Z,48.9473,48.9531,48.9008,48.9066,21051,true
ZSMPB,2026-09-10T15:50:00Z,48.9066,48.9901,48.8603,48.9438,25387,true
ZSMPB,2026-09-10T15:55:00Z,48.9438,48.9786,48.9325,48.9673,33544,true
ZSMPB,2026-09-10T16:00:00Z,48.9673,49.0029,48.967,49.0027,31506,true
ZSMPB,2026-09-10T16:05:00Z,49.0027,49.0659,48.9768,49.04,33426,true
ZSMPB,2026-09-10T16:10:00Z,49.04,49.0937,48.96,49.0136,39249,true
ZSMPB,2026-09-10T16:15:00Z,49.0136,49.0465,49.0122,49.0451,27482,true
ZSMPB,2026-09-10T16:20:00Z,49.0451,49.0617,49.0339,49.0505,14300,true
ZSMPB,2026-09-10T16:25:00Z,49.0505,49.1233,49.0446,49.1174,27314,true
ZSMPB,2026-09-10T16:30:00Z,49.1174,49.1675,49.0453,49.0954,14421,true
ZSMPB,2026-09-10T16:35:00Z,49.0954,49.1154,48.9993,49.0193,25387,true
ZSMPB,2026-09-10T16:40:00Z,49.0193,49.0994,49.0054,49.0855,22850,true
ZSMPB,2026-09-10T16:45:00Z,49.0855,49.0865,49.0435,49.0445,25980,true
ZSMPB,2026-09-10T16:50:00Z,49.0445,49.1205,48.9396,49.0156,32936,true
ZSMPB,2026-09-10T16:55:00Z,49.0156,49.049,49.0103,49.0437,27237,true
ZSMPB,2026-09-10T17:00:00Z,49.0437,49.0854,49.0431,49.0848,26796,true
ZSMPB,2026-09-10T17:05:00Z,49.0848,49.0993,49.0794,49.0938,20571,true
ZSMPB,2026-09-10T17:10:00Z,49.0938,49.1292,49.0697,49.1051,26608,true
ZSMPB,2026-09-10T17:15:00Z,49.1051,49.1451,49.0556,49.0956,36283,true
ZSMPB,2026-09-10T17:20:00Z,49.0956,49.1036,48.9933,49.0013,34955,true
ZSMPB,2026-09-10T17:25:00Z,49.0013,49.1765,48.9511,49.1263,33470,true
ZSMPB,2026-09-10T17:30:00Z,49.1263,49.2116,49.0983,49.1836,39510,true
ZSMPB,2026-09-10T17:35:00Z,49.1836,49.2554,49.1807,49.2525,22301,true
ZSMPB,2026-09-10T17:40:00Z,49.2525,49.3008,49.1806,49.2289,28222,true
ZSMPB,2026-09-10T17:45:00Z,49.2289,49.2971,49.2179,49.2862,30586,true
ZSMPB,2026-09-10T17:50:00Z,49.2862,49.2986,49.2476,49.2601,22460,true
ZSMPB,2026-09-10T17:55:00Z,49.2601,49.3226,49.2523,49.3148,25203,true
ZSMPB,2026-09-10T18:00:00Z,49.3148,49.3245,49.1994,49.2091,28686,true
ZSMPB,2026-09-10T18:05:00Z,49.2091,49.2389,49.0882,49.1179,34184,true
ZSMPB,2026-09-10T18:10:00Z,49.1179,49.1582,49.0682,49.1085,23415,true
ZSMPB,2026-09-10T18:15:00Z,49.1085,49.1513,48.9906,49.0335,20141,true
ZSMPB,2026-09-10T18:20:00Z,49.0335,49.1293,48.9869,49.0828,29239,true
ZSMPB,2026-09-10T18:25:00Z,49.0828,49.1748,49.0245,49.1165,27838,true
ZSMPB,2026-09-10T18:30:00Z,49.1165,49.1551,49.043,49.0816,28052,true
ZSMPB,2026-09-10T18:35:00Z,49.0816,49.0955,49.0315,49.0453,15318,true
ZSMPB,2026-09-10T18:40:00Z,49.0453,49.1669,48.998,49.1196,36967,true
ZSMPB,2026-09-10T18:45:00Z,49.1196,49.1287,49.0514,49.0605,32780,true
ZSMPB,2026-09-10T18:50:00Z,49.0605,49.1016,48.9736,49.0146,29181,true
ZSMPB,2026-09-10T18:55:00Z,49.0146,49.1378,49.0016,49.1247,34959,true
ZSMPB,2026-09-10T19:00:00Z,49.1247,49.16,49.0218,49.0571,21359,true
ZSMPB,2026-09-10T19:05:00Z,49.0571,49.0666,48.9731,48.9826,23767,true
ZSMPB,2026-09-10T19:10:00Z,48.9826,49.0395,48.8844,48.9414,19639,true
ZSMPB,2026-09-10T19:15:00Z,48.9414,48.9606,48.8842,48.9034,42341,true
ZSMPB,2026-09-10T19:20:00Z,48.9034,48.9236,48.8387,48.8589,31637,true
ZSMPB,2026-09-10T19:25:00Z,48.8589,48.8744,48.8151,48.8306,27174,true
ZSMPB,2026-09-10T19:30:00Z,48.8306,48.8999,48.7871,48.8564,50023,true
ZSMPB,2026-09-10T19:35:00Z,48.8564,48.8962,48.7635,48.8033,53898,true
ZSMPB,2026-09-10T19:40:00Z,48.8033,48.8741,48.7226,48.7935,28248,true
ZSMPB,2026-09-10T19:45:00Z,48.7935,48.8156,48.7026,48.7247,44276,true
ZSMPB,2026-09-10T19:50:00Z,48.7247,48.8246,48.6876,48.7875,69696,true
ZSMPB,2026-09-10T19:55:00Z,48.7875,48.7908,48.7438,48.7471,44866,true
ZSMPB,2026-09-11T13:30:00Z,48.7471,48.7824,48.7445,48.7799,58061,true
ZSMPB,2026-09-11T13:35:00Z,48.7799,48.8112,48.6784,48.7097,51398,true
ZSMPB,2026-09-11T13:40:00Z,48.7097,48.734,48.6714,48.6956,53374,true
ZSMPB,2026-09-11T13:45:00Z,48.6956,48.75,48.6819,48.7362,50686,true
ZSMPB,2026-09-11T13:50:00Z,48.7362,48.7479,48.6073,48.619,44226,true
ZSMPB,2026-09-11T13:55:00Z,48.619,48.7024,48.5738,48.6572,60654,true
ZSMPB,2026-09-11T14:00:00Z,48.6572,48.7118,48.6567,48.7113,40447,true
ZSMPB,2026-09-11T14:05:00Z,48.7113,48.8196,48.6989,48.8072,33250,true
ZSMPB,2026-09-11T14:10:00Z,48.8072,48.8138,48.7856,48.7923,24546,true
ZSMPB,2026-09-11T14:15:00Z,48.7923,48.8499,48.7422,48.7998,22900,true
ZSMPB,2026-09-11T14:20:00Z,48.7998,48.8794,48.7767,48.8563,41957,true
ZSMPB,2026-09-11T14:25:00Z,48.8563,48.9432,48.848,48.9349,29401,true
ZSMPB,2026-09-11T14:30:00Z,48.9349,49.0181,48.7737,48.8569,39246,true
ZSMPB,2026-09-11T14:35:00Z,48.8569,48.9807,48.81,48.9338,33198,true
ZSMPB,2026-09-11T14:40:00Z,48.9338,48.9464,48.8331,48.8456,26101,true
ZSMPB,2026-09-11T14:45:00Z,48.8456,48.9633,48.8251,48.9427,29823,true
ZSMPB,2026-09-11T14:50:00Z,48.9427,49.0118,48.9414,49.0105,20708,true
ZSMPB,2026-09-11T14:55:00Z,49.0105,49.0111,48.9863,48.9869,30364,true
ZSMPB,2026-09-11T15:00:00Z,48.9869,49.0037,48.9388,48.9556,33027,true
ZSMPB,2026-09-11T15:05:00Z,48.9556,49.0022,48.9408,48.9875,25461,true
ZSMPB,2026-09-11T15:10:00Z,48.9875,49.084,48.9666,49.0631,36600,true
ZSMPB,2026-09-11T15:15:00Z,49.0631,49.1298,49.0592,49.126,13469,true
ZSMPB,2026-09-11T15:20:00Z,49.126,49.1459,49.1062,49.1262,26723,true
ZSMPB,2026-09-11T15:25:00Z,49.1262,49.2994,49.0812,49.2544,29872,true
ZSMPB,2026-09-11T15:30:00Z,49.2544,49.3561,49.2498,49.3516,17691,true
ZSMPB,2026-09-11T15:35:00Z,49.3516,49.3691,49.3408,49.3583,21461,true
ZSMPB,2026-09-11T15:40:00Z,49.3583,49.3646,49.3451,49.3514,31384,true
ZSMPB,2026-09-11T15:45:00Z,49.3514,49.3878,49.1856,49.222,18985,true
ZSMPB,2026-09-11T15:50:00Z,49.222,49.2276,49.2123,49.2179,26168,true
ZSMPB,2026-09-11T15:55:00Z,49.2179,49.3326,49.1674,49.2821,25293,true
ZSMPB,2026-09-11T16:00:00Z,49.2821,49.2999,49.2103,49.2282,29462,true
ZSMPB,2026-09-11T16:05:00Z,49.2282,49.2796,49.2084,49.2598,22911,true
ZSMPB,2026-09-11T16:10:00Z,49.2598,49.2685,49.2348,49.2435,14310,true
ZSMPB,2026-09-11T16:15:00Z,49.2435,49.2467,49.212,49.2152,25581,true
ZSMPB,2026-09-11T16:20:00Z,49.2152,49.2267,49.193,49.2044,43972,true
ZSMPB,2026-09-11T16:25:00Z,49.2044,49.2473,49.127,49.1698,24318,true
ZSMPB,2026-09-11T16:30:00Z,49.1698,49.3248,49.1482,49.3031,16530,true
ZSMPB,2026-09-11T16:35:00Z,49.3031,49.3077,49.1397,49.1443,21258,true
ZSMPB,2026-09-11T16:40:00Z,49.1443,49.174,49.1355,49.1652,17649,true
ZSMPB,2026-09-11T16:45:00Z,49.1652,49.2052,49.1592,49.1992,23193,true
ZSMPB,2026-09-11T16:50:00Z,49.1992,49.2107,49.1979,49.2095,18133,true
ZSMPB,2026-09-11T16:55:00Z,49.2095,49.2722,49.1964,49.2591,22952,true
ZSMPB,2026-09-11T17:00:00Z,49.2591,49.3561,49.234,49.331,28531,true
ZSMPB,2026-09-11T17:05:00Z,49.331,49.3665,49.3287,49.3642,19408,true
ZSMPB,2026-09-11T17:10:00Z,49.3642,49.3744,49.2769,49.287,27519,true
ZSMPB,2026-09-11T17:15:00Z,49.287,49.3246,49.2121,49.2497,19372,true
ZSMPB,2026-09-11T17:20:00Z,49.2497,49.3104,49.2204,49.2811,28280,true
ZSMPB,2026-09-11T17:25:00Z,49.2811,49.3187,49.2725,49.3101,31434,true
ZSMPB,2026-09-11T17:30:00Z,49.3101,49.3346,49.2892,49.3137,26016,true
ZSMPB,2026-09-11T17:35:00Z,49.3137,49.351,49.2597,49.297,23613,true
ZSMPB,2026-09-11T17:40:00Z,49.297,49.3342,49.0933,49.1306,24742,true
ZSMPB,2026-09-11T17:45:00Z,49.1306,49.1419,49.036,49.0473,19181,true
ZSMPB,2026-09-11T17:50:00Z,49.0473,49.0857,48.8582,48.8966,29927,true
ZSMPB,2026-09-11T17:55:00Z,48.8966,48.9264,48.829,48.8588,23406,true
ZSMPB,2026-09-11T18:00:00Z,48.8588,48.8628,48.7726,48.7766,23640,true
ZSMPB,2026-09-11T18:05:00Z,48.7766,48.8231,48.7085,48.755,32408,true
ZSMPB,2026-09-11T18:10:00Z,48.755,48.8014,48.754,48.8004,23784,true
ZSMPB,2026-09-11T18:15:00Z,48.8004,48.8406,48.7801,48.8204,33395,true
ZSMPB,2026-09-11T18:20:00Z,48.8204,48.8536,48.8035,48.8368,21705,true
ZSMPB,2026-09-11T18:25:00Z,48.8368,48.8459,48.8253,48.8345,24037,true
ZSMPB,2026-09-11T18:30:00Z,48.8345,48.907,48.7893,48.8618,26484,true
ZSMPB,2026-09-11T18:35:00Z,48.8618,48.9809,48.8158,48.9349,20183,true
ZSMPB,2026-09-11T18:40:00Z,48.9349,49.0488,48.9293,49.0432,36795,true
ZSMPB,2026-09-11T18:45:00Z,49.0432,49.0844,48.9209,48.9621,37052,true
ZSMPB,2026-09-11T18:50:00Z,48.9621,49.019,48.931,48.9879,25054,true
ZSMPB,2026-09-11T18:55:00Z,48.9879,49.0109,48.9769,48.9998,28898,true
ZSMPB,2026-09-11T19:00:00Z,48.9998,49.0068,48.9342,48.9411,37130,true
ZSMPB,2026-09-11T19:05:00Z,48.9411,49.1339,48.8633,49.0561,57362,true
ZSMPB,2026-09-11T19:10:00Z,49.0561,49.1603,49.0347,49.1389,26673,true
ZSMPB,2026-09-11T19:15:00Z,49.1389,49.1523,49.1069,49.1203,32072,true
ZSMPB,2026-09-11T19:20:00Z,49.1203,49.1276,49.0534,49.0607,36583,true
ZSMPB,2026-09-11T19:25:00Z,49.0607,49.0876,48.9563,48.9831,51711,true
ZSMPB,2026-09-11T19:30:00Z,48.9831,48.9831,48.8801,48.8801,37700,true
ZSMPB,2026-09-11T19:35:00Z,48.8801,48.93,48.8738,48.9237,34564,true
ZSMPB,2026-09-11T19:40:00Z,48.9237,48.9705,48.7634,48.8103,24770,true
ZSMPB,2026-09-11T19:45:00Z,48.8103,48.8878,48.7669,48.8444,47561,true
ZSMPB,2026-09-11T19:50:00Z,48.8444,48.9545,48.7976,48.9077,55935,true
ZSMPB,2026-09-11T19:55:00Z,48.9077,48.9499,48.8726,48.9148,49617,true
ZSMPB,2026-09-14T13:30:00Z,48.9148,48.9528,48.8938,48.9317,53968,true
ZSMPB,2026-09-14T13:35:00Z,48.9317,48.9724,48.919,48.9597,57429,true
ZSMPB,2026-09-14T13:40:00Z,48.9597,49.0056,48.8629,48.9088,53674,true
ZSMPB,2026-09-14T13:45:00Z,48.9088,48.9452,48.8042,48.8406,41897,true
ZSMPB,2026-09-14T13:50:00Z,48.8406,48.8529,48.7332,48.7454,39582,true
ZSMPB,2026-09-14T13:55:00Z,48.7454,48.7617,48.717,48.7332,60657,true
ZSMPB,2026-09-14T14:00:00Z,48.7332,48.8286,48.6842,48.7796,43325,true
ZSMPB,2026-09-14T14:05:00Z,48.7796,48.8422,48.711,48.7736,47809,true
ZSMPB,2026-09-14T14:10:00Z,48.7736,48.874,48.7337,48.834,30599,true
ZSMPB,2026-09-14T14:15:00Z,48.834,48.8536,48.6932,48.7127,24785,true
ZSMPB,2026-09-14T14:20:00Z,48.7127,48.7916,48.6937,48.7725,36083,true
ZSMPB,2026-09-14T14:25:00Z,48.7725,48.7999,48.5961,48.6235,33607,true
ZSMPB,2026-09-14T14:30:00Z,48.6235,48.6753,48.5762,48.6279,24805,true
ZSMPB,2026-09-14T14:35:00Z,48.6279,48.6672,48.5604,48.5997,31699,true
ZSMPB,2026-09-14T14:40:00Z,48.5997,48.6889,48.5701,48.6593,30572,true
ZSMPB,2026-09-14T14:45:00Z,48.6593,48.7004,48.626,48.667,27027,true
ZSMPB,2026-09-14T14:50:00Z,48.667,48.6684,48.6533,48.6547,24402,true
ZSMPB,2026-09-14T14:55:00Z,48.6547,48.6675,48.6433,48.6561,28625,true
ZSMPB,2026-09-14T15:00:00Z,48.6561,48.6862,48.6228,48.6528,18696,true
ZSMPB,2026-09-14T15:05:00Z,48.6528,48.6702,48.5803,48.5977,27883,true
ZSMPB,2026-09-14T15:10:00Z,48.5977,48.6035,48.5099,48.5156,29544,true
ZSMPB,2026-09-14T15:15:00Z,48.5156,48.5644,48.491,48.5398,25009,true
ZSMPB,2026-09-14T15:20:00Z,48.5398,48.6088,48.5319,48.6009,18742,true
ZSMPB,2026-09-14T15:25:00Z,48.6009,48.6313,48.5424,48.5728,42234,true
ZSMPB,2026-09-14T15:30:00Z,48.5728,48.6187,48.477,48.5229,25227,true
ZSMPB,2026-09-14T15:35:00Z,48.5229,48.5335,48.5074,48.518,29333,true
ZSMPB,2026-09-14T15:40:00Z,48.518,48.5242,48.5173,48.5235,17103,true
ZSMPB,2026-09-14T15:45:00Z,48.5235,48.5824,48.4682,48.5272,45604,true
ZSMPB,2026-09-14T15:50:00Z,48.5272,48.5594,48.4398,48.4721,26289,true
ZSMPB,2026-09-14T15:55:00Z,48.4721,48.5174,48.426,48.4712,17666,true
ZSMPB,2026-09-14T16:00:00Z,48.4712,48.4855,48.431,48.4453,23870,true
ZSMPB,2026-09-14T16:05:00Z,48.4453,48.4679,48.4141,48.4367,21261,true
ZSMPB,2026-09-14T16:10:00Z,48.4367,48.4501,48.3432,48.3566,22072,true
ZSMPB,2026-09-14T16:15:00Z,48.3566,48.379,48.342,48.3643,26261,true
ZSMPB,2026-09-14T16:20:00Z,48.3643,48.3949,48.3561,48.3867,27694,true
ZSMPB,2026-09-14T16:25:00Z,48.3867,48.4521,48.3733,48.4387,18780,true
ZSMPB,2026-09-14T16:30:00Z,48.4387,48.4587,48.4124,48.4325,16805,true
ZSMPB,2026-09-14T16:35:00Z,48.4325,48.4336,48.4241,48.4252,23011,true
ZSMPB,2026-09-14T16:40:00Z,48.4252,48.4765,48.3533,48.4046,22003,true
ZSMPB,2026-09-14T16:45:00Z,48.4046,48.4242,48.3919,48.4115,25963,true
ZSMPB,2026-09-14T16:50:00Z,48.4115,48.5277,48.4088,48.5251,34492,true
ZSMPB,2026-09-14T16:55:00Z,48.5251,48.6056,48.5006,48.5811,20326,true
ZSMPB,2026-09-14T17:00:00Z,48.5811,48.7104,48.5229,48.6522,16250,true
ZSMPB,2026-09-14T17:05:00Z,48.6522,48.6673,48.5527,48.5678,21855,true
ZSMPB,2026-09-14T17:10:00Z,48.5678,48.6387,48.4546,48.5255,27406,true
ZSMPB,2026-09-14T17:15:00Z,48.5255,48.5763,48.4879,48.5387,27186,true
ZSMPB,2026-09-14T17:20:00Z,48.5387,48.739,48.5065,48.7069,37498,true
ZSMPB,2026-09-14T17:25:00Z,48.7069,48.7174,48.653,48.6635,20393,true
ZSMPB,2026-09-14T17:30:00Z,48.6635,48.7466,48.6504,48.7335,40673,true
ZSMPB,2026-09-14T17:35:00Z,48.7335,48.8865,48.7196,48.8727,34650,true
ZSMPB,2026-09-14T17:40:00Z,48.8727,48.9285,48.8578,48.9136,27074,true
ZSMPB,2026-09-14T17:45:00Z,48.9136,48.9749,48.8672,48.9285,28461,true
ZSMPB,2026-09-14T17:50:00Z,48.9285,49.0607,48.8804,49.0126,31164,true
ZSMPB,2026-09-14T17:55:00Z,49.0126,49.046,48.9966,49.03,34452,true
ZSMPB,2026-09-14T18:00:00Z,49.03,49.0425,48.9639,48.9765,26865,true
ZSMPB,2026-09-14T18:05:00Z,48.9765,49.0831,48.9038,49.0104,17674,true
ZSMPB,2026-09-14T18:10:00Z,49.0104,49.0676,48.9382,48.9954,16375,true
ZSMPB,2026-09-14T18:15:00Z,48.9954,49.1005,48.9657,49.0707,21329,true
ZSMPB,2026-09-14T18:20:00Z,49.0707,49.1466,49.0422,49.1181,23294,true
ZSMPB,2026-09-14T18:25:00Z,49.1181,49.1663,49.1005,49.1487,29153,true
ZSMPB,2026-09-14T18:30:00Z,49.1487,49.1601,49.1227,49.1341,23986,true
ZSMPB,2026-09-14T18:35:00Z,49.1341,49.1962,49.0845,49.1466,20846,true
ZSMPB,2026-09-14T18:40:00Z,49.1466,49.2157,49.114,49.1832,36544,true
ZSMPB,2026-09-14T18:45:00Z,49.1832,49.2849,49.1584,49.2602,32401,true
ZSMPB,2026-09-14T18:50:00Z,49.2602,49.4192,49.2488,49.4078,20300,true
ZSMPB,2026-09-14T18:55:00Z,49.4078,49.4431,49.3872,49.4224,32680,true
ZSMPB,2026-09-14T19:00:00Z,49.4224,49.4659,49.3959,49.4394,48019,true
ZSMPB,2026-09-14T19:05:00Z,49.4394,49.4529,49.3344,49.348,23683,true
ZSMPB,2026-09-14T19:10:00Z,49.348,49.4047,49.3286,49.3853,31489,true
ZSMPB,2026-09-14T19:15:00Z,49.3853,49.459,49.3627,49.4364,40836,true
ZSMPB,2026-09-14T19:20:00Z,49.4364,49.4739,49.346,49.3835,41010,true
ZSMPB,2026-09-14T19:25:00Z,49.3835,49.4086,49.2848,49.3098,32729,true
ZSMPB,2026-09-14T19:30:00Z,49.3098,49.355,49.296,49.3412,34280,true
ZSMPB,2026-09-14T19:35:00Z,49.3412,49.385,49.2939,49.3377,45910,true
ZSMPB,2026-09-14T19:40:00Z,49.3377,49.4264,49.3334,49.4222,58883,true
ZSMPB,2026-09-14T19:45:00Z,49.4222,49.4958,49.3138,49.3875,33400,true
ZSMPB,2026-09-14T19:50:00Z,49.3875,49.4142,49.3237,49.3504,63392,true
ZSMPB,2026-09-14T19:55:00Z,49.3504,49.4009,49.2748,49.3253,48477,true
ZSMPB,2026-09-15T13:30:00Z,49.3253,49.3673,49.2094,49.2514,54455,true
ZSMPB,2026-09-15T13:35:00Z,49.2514,49.2802,49.2174,49.2462,49660,true
ZSMPB,2026-09-15T13:40:00Z,49.2462,49.3314,49.2016,49.2868,59577,true
ZSMPB,2026-09-15T13:45:00Z,49.2868,49.3331,49.2219,49.2682,55472,true
ZSMPB,2026-09-15T13:50:00Z,49.2682,49.2742,49.2191,49.2252,35392,true
ZSMPB,2026-09-15T13:55:00Z,49.2252,49.3158,49.1586,49.2493,33305,true
ZSMPB,2026-09-15T14:00:00Z,49.2493,49.3442,49.2241,49.319,30140,true
ZSMPB,2026-09-15T14:05:00Z,49.319,49.3809,49.2577,49.3197,41302,true
ZSMPB,2026-09-15T14:10:00Z,49.3197,49.3711,49.2516,49.303,23627,true
ZSMPB,2026-09-15T14:15:00Z,49.303,49.3347,49.2439,49.2756,38432,true
ZSMPB,2026-09-15T14:20:00Z,49.2756,49.3309,49.2355,49.2908,19452,true
ZSMPB,2026-09-15T14:25:00Z,49.2908,49.3175,49.1972,49.2238,31880,true
ZSMPB,2026-09-15T14:30:00Z,49.2238,49.273,49.0223,49.0715,26931,true
ZSMPB,2026-09-15T14:35:00Z,49.0715,49.1341,49.071,49.1336,16081,true
ZSMPB,2026-09-15T14:40:00Z,49.1336,49.1592,49.0871,49.1126,20561,true
ZSMPB,2026-09-15T14:45:00Z,49.1126,49.1183,49.091,49.0966,36390,true
ZSMPB,2026-09-15T14:50:00Z,49.0966,49.198,49.0461,49.1476,37983,true
ZSMPB,2026-09-15T14:55:00Z,49.1476,49.2214,49.1135,49.1872,26592,true
ZSMPB,2026-09-15T15:00:00Z,49.1872,49.1879,49.0666,49.0673,24459,true
ZSMPB,2026-09-15T15:05:00Z,49.0673,49.1913,49.0473,49.1713,31710,true
ZSMPB,2026-09-15T15:10:00Z,49.1713,49.2032,49.1615,49.1934,17717,true
ZSMPB,2026-09-15T15:15:00Z,49.1934,49.2595,49.1746,49.2406,21902,true
ZSMPB,2026-09-15T15:20:00Z,49.2406,49.4005,49.208,49.3679,32263,true
ZSMPB,2026-09-15T15:25:00Z,49.3679,49.4389,49.3583,49.4293,30545,true
ZSMPB,2026-09-15T15:30:00Z,49.4293,49.4851,49.3338,49.3896,32244,true
ZSMPB,2026-09-15T15:35:00Z,49.3896,49.4652,49.3741,49.4497,26895,true
ZSMPB,2026-09-15T15:40:00Z,49.4497,49.5312,49.4281,49.5096,22107,true
ZSMPB,2026-09-15T15:45:00Z,49.5096,49.5131,49.4578,49.4613,19979,true
ZSMPB,2026-09-15T15:50:00Z,49.4613,49.4862,49.3918,49.4167,29591,true
ZSMPB,2026-09-15T15:55:00Z,49.4167,49.4333,49.3309,49.3475,29493,true
ZSMPB,2026-09-15T16:00:00Z,49.3475,49.3593,49.3192,49.331,43130,true
ZSMPB,2026-09-15T16:05:00Z,49.331,49.3319,49.2724,49.2733,24919,true
ZSMPB,2026-09-15T16:10:00Z,49.2733,49.303,49.2244,49.254,28774,true
ZSMPB,2026-09-15T16:15:00Z,49.254,49.3324,49.2352,49.3135,36682,true
ZSMPB,2026-09-15T16:20:00Z,49.3135,49.3845,49.2948,49.3657,24973,true
ZSMPB,2026-09-15T16:25:00Z,49.3657,49.4554,49.349,49.4387,14750,true
ZSMPB,2026-09-15T16:30:00Z,49.4387,49.4799,49.4318,49.4731,20986,true
ZSMPB,2026-09-15T16:35:00Z,49.4731,49.4811,49.4338,49.4418,27904,true
ZSMPB,2026-09-15T16:40:00Z,49.4418,49.4954,49.4296,49.4832,18882,true
ZSMPB,2026-09-15T16:45:00Z,49.4832,49.5004,49.4791,49.4963,20223,true
ZSMPB,2026-09-15T16:50:00Z,49.4963,49.5596,49.4582,49.5215,38293,true
ZSMPB,2026-09-15T16:55:00Z,49.5215,49.6642,49.5092,49.6519,25065,true
ZSMPB,2026-09-15T17:00:00Z,49.6519,49.6559,49.6315,49.6355,26635,true
ZSMPB,2026-09-15T17:05:00Z,49.6355,49.6388,49.6208,49.6241,18682,true
ZSMPB,2026-09-15T17:10:00Z,49.6241,49.7711,49.5788,49.7258,24724,true
ZSMPB,2026-09-15T17:15:00Z,49.7258,49.813,49.6859,49.7732,26181,true
ZSMPB,2026-09-15T17:20:00Z,49.7732,49.7962,49.7506,49.7736,31862,true
ZSMPB,2026-09-15T17:25:00Z,49.7736,49.82,49.761,49.8074,24477,true
ZSMPB,2026-09-15T17:30:00Z,49.8074,49.8317,49.7803,49.8046,30622,true
ZSMPB,2026-09-15T17:35:00Z,49.8046,49.8594,49.7864,49.8412,19429,true
ZSMPB,2026-09-15T17:40:00Z,49.8412,49.842,49.7709,49.7717,22710,true
ZSMPB,2026-09-15T17:45:00Z,49.7717,49.8182,49.7557,49.8021,37030,true
ZSMPB,2026-09-15T17:50:00Z,49.8021,49.8115,49.762,49.7714,30444,true
ZSMPB,2026-09-15T17:55:00Z,49.7714,49.8662,49.7378,49.8326,26351,true
ZSMPB,2026-09-15T18:00:00Z,49.8326,49.9345,49.8112,49.9131,19747,true
ZSMPB,2026-09-15T18:05:00Z,49.9131,49.9749,49.8978,49.9596,22854,true
ZSMPB,2026-09-15T18:10:00Z,49.9596,49.9769,49.8246,49.8419,26136,true
ZSMPB,2026-09-15T18:15:00Z,49.8419,49.8425,49.787,49.7876,28215,true
ZSMPB,2026-09-15T18:20:00Z,49.7876,49.9143,49.7585,49.8851,29252,true
ZSMPB,2026-09-15T18:25:00Z,49.8851,49.9495,49.8334,49.8978,14358,true
ZSMPB,2026-09-15T18:30:00Z,49.8978,50.0205,49.8948,50.0175,16229,true
ZSMPB,2026-09-15T18:35:00Z,50.0175,50.0803,50.0172,50.0799,30066,true
ZSMPB,2026-09-15T18:40:00Z,50.0799,50.2114,50.0767,50.2081,25466,true
ZSMPB,2026-09-15T18:45:00Z,50.2081,50.2319,50.2024,50.2262,21015,true
ZSMPB,2026-09-15T18:50:00Z,50.2262,50.2751,50.2113,50.2603,29755,true
ZSMPB,2026-09-15T18:55:00Z,50.2603,50.3193,50.179,50.238,27274,true
ZSMPB,2026-09-15T19:00:00Z,50.2333,50.2808,50.0497,50.0876,29755,true
ZSMPB,2026-09-15T19:05:00Z,50.0829,50.1642,50.0681,50.1303,24917,true
ZSMPB,2026-09-15T19:10:00Z,50.1255,50.2098,50.1041,50.1598,40862,true
ZSMPB,2026-09-15T19:15:00Z,50.155,50.1902,50.155,50.1667,34412,true
ZSMPB,2026-09-15T19:20:00Z,50.162,50.1995,50.0683,50.0683,29891,true
ZSMPB,2026-09-15T19:25:00Z,50.0635,50.144,50.0635,50.0999,49011,true
ZSMPB,2026-09-15T19:30:00Z,50.0951,50.1286,50.0826,50.0826,42417,true
ZSMPB,2026-09-15T19:35:00Z,50.0778,50.1175,50.0464,50.0464,54014,true
ZSMPB,2026-09-15T19:40:00Z,50.0416,50.0904,49.9131,49.9131,38205,true
ZSMPB,2026-09-15T19:45:00Z,49.9083,49.9735,49.8677,49.8677,39226,true
ZSMPB,2026-09-15T19:50:00Z,49.8629,49.9881,49.8629,49.9128,47573,true
ZSMPB,2026-09-15T19:55:00Z,49.908,49.9924,49.869,49.869,48045,true
ZSMPB,2026-09-16T13:30:00Z,49.8642,49.9503,49.8641,49.8641,51469,true
ZSMPB,2026-09-16T13:35:00Z,49.8593,50.0511,49.8593,49.937,53881,true
ZSMPB,2026-09-16T13:40:00Z,49.9322,50.0944,49.9322,50.0159,55712,true
ZSMPB,2026-09-16T13:45:00Z,50.0111,50.1619,50.0111,50.0406,36968,true
ZSMPB,2026-09-16T13:50:00Z,50.0358,50.1183,50.0291,50.0291,48772,true
ZSMPB,2026-09-16T13:55:00Z,50.0244,50.1527,49.9324,49.9324,50650,true
ZSMPB,2026-09-16T14:00:00Z,49.9276,50.09,49.9276,49.9395,43908,true
ZSMPB,2026-09-16T14:05:00Z,49.9348,50.1834,49.9348,50.0369,33403,true
ZSMPB,2026-09-16T14:10:00Z,50.0321,50.1353,49.9404,49.9404,33777,true
ZSMPB,2026-09-16T14:15:00Z,49.9356,50.0512,49.9175,49.9175,21797,true
ZSMPB,2026-09-16T14:20:00Z,49.9127,50.0606,49.9127,49.9399,23439,true
ZSMPB,2026-09-16T14:25:00Z,49.9351,50.0549,49.889,49.889,39773,true
ZSMPB,2026-09-16T14:30:00Z,49.8843,50.0052,49.8236,49.8236,31495,true
ZSMPB,2026-09-16T14:35:00Z,49.8188,49.9614,49.8188,49.822,19686,true
ZSMPB,2026-09-16T14:40:00Z,49.8173,49.9669,49.8139,49.8139,30297,true
ZSMPB,2026-09-16T14:45:00Z,49.8091,49.9654,49.8091,49.8287,22976,true
ZSMPB,2026-09-16T14:50:00Z,49.8239,50.0064,49.7084,49.7084,21892,true
ZSMPB,2026-09-16T14:55:00Z,49.7037,49.8799,49.7037,49.7331,22469,true
ZSMPB,2026-09-16T15:00:00Z,49.7283,49.8889,49.6746,49.6746,27877,true
ZSMPB,2026-09-16T15:05:00Z,49.6698,49.8594,49.6305,49.6305,27374,true
ZSMPB,2026-09-16T15:10:00Z,49.6257,49.8345,49.5613,49.5613,27326,true
ZSMPB,2026-09-16T15:15:00Z,49.5565,49.794,49.5565,49.6193,22436,true
ZSMPB,2026-09-16T15:20:00Z,49.6145,49.8707,49.6145,49.6313,31833,true
ZSMPB,2026-09-16T15:25:00Z,49.6266,49.8062,49.559,49.559,27590,true
ZSMPB,2026-09-16T15:30:00Z,49.5542,49.7689,49.5542,49.5716,28908,true
ZSMPB,2026-09-16T15:35:00Z,49.5668,49.8091,49.5668,49.6053,29634,true
ZSMPB,2026-09-16T15:40:00Z,49.6005,49.7974,49.5308,49.5308,26073,true
ZSMPB,2026-09-16T15:45:00Z,49.526,49.7306,49.4921,49.4921,29720,true
ZSMPB,2026-09-16T15:50:00Z,49.4874,49.6845,49.3819,49.3819,31772,true
ZSMPB,2026-09-16T15:55:00Z,49.3771,49.6279,49.3771,49.4044,31838,true
ZSMPB,2026-09-16T16:00:00Z,49.3996,49.6577,49.3872,49.3872,23739,true
ZSMPB,2026-09-16T16:05:00Z,49.3824,49.5931,49.2992,49.2992,26147,true
ZSMPB,2026-09-16T16:10:00Z,49.2944,49.6561,49.2944,49.3965,23131,true
ZSMPB,2026-09-16T16:15:00Z,49.3917,49.6832,49.3874,49.3874,31257,true
ZSMPB,2026-09-16T16:20:00Z,49.3826,49.6345,49.3475,49.3475,19054,true
ZSMPB,2026-09-16T16:25:00Z,49.3427,49.5965,49.3427,49.353,26331,true
ZSMPB,2026-09-16T16:30:00Z,49.3482,49.5856,49.2881,49.2881,19962,true
ZSMPB,2026-09-16T16:35:00Z,49.2833,49.5473,49.2675,49.2675,22075,true
ZSMPB,2026-09-16T16:40:00Z,49.2627,49.5112,49.1714,49.1714,28345,true
ZSMPB,2026-09-16T16:45:00Z,49.1666,49.4247,49.1507,49.1507,34978,true
ZSMPB,2026-09-16T16:50:00Z,49.146,49.4423,49.0664,49.0664,35133,true
ZSMPB,2026-09-16T16:55:00Z,49.0617,49.4272,49.0617,49.1177,17847,true
ZSMPB,2026-09-16T17:00:00Z,49.1129,49.5174,49.1129,49.1968,23535,true
ZSMPB,2026-09-16T17:05:00Z,49.192,49.5202,49.192,49.1941,31726,true
ZSMPB,2026-09-16T17:10:00Z,49.1893,49.5357,49.1893,49.2554,31949,true
ZSMPB,2026-09-16T17:15:00Z,49.2507,49.5415,49.1543,49.1543,24945,true
ZSMPB,2026-09-16T17:20:00Z,49.1495,49.4677,49.068,49.068,37088,true
ZSMPB,2026-09-16T17:25:00Z,49.0632,49.4434,49.0632,49.1545,19837,true
ZSMPB,2026-09-16T17:30:00Z,49.1545,49.1745,49.1345,49.1545,27840,true
ZSMPB,2026-09-16T17:35:00Z,49.1545,49.1745,48.6446,48.6646,28817,true
ZSMPB,2026-09-16T17:40:00Z,48.6646,48.6846,48.3753,48.4253,38119,true
ZSMPB,2026-09-16T17:45:00Z,48.4253,48.5684,48.4053,48.5484,23340,true
ZSMPB,2026-09-16T17:50:00Z,48.5484,48.9965,48.5284,48.9765,18657,true
ZSMPB,2026-09-16T17:55:00Z,48.9765,49.5291,48.9565,49.5091,27335,true
ZSMPB,2026-09-16T18:00:00Z,49.5091,49.9171,49.4891,49.8971,14351,true
ZSMPB,2026-09-16T18:05:00Z,49.8971,49.9789,49.8771,49.9589,16750,true
ZSMPB,2026-09-16T18:10:00Z,49.9589,49.9789,49.6456,49.6656,24328,true
ZSMPB,2026-09-16T18:15:00Z,49.6656,49.6856,49.1345,49.1545,23033,true
ZSMPB,2026-09-16T18:20:00Z,49.1545,49.1745,48.6446,48.6646,33112,true
ZSMPB,2026-09-16T18:25:00Z,48.6646,48.6846,48.3753,48.4253,22482,true
ZSMPB,2026-09-16T18:30:00Z,48.4253,48.5684,48.4053,48.5484,32477,true
ZSMPB,2026-09-16T18:35:00Z,48.5484,48.9965,48.5284,48.9765,19050,true
ZSMPB,2026-09-16T18:40:00Z,48.9765,49.5291,48.9565,49.5091,30977,true
ZSMPB,2026-09-16T18:45:00Z,49.5091,49.9171,49.4891,49.8971,36125,true
ZSMPB,2026-09-16T18:50:00Z,49.8971,49.9789,49.8771,49.9589,22194,true
ZSMPB,2026-09-16T18:55:00Z,49.9589,49.9789,49.6456,49.6656,28353,true
ZSMPB,2026-09-16T19:00:00Z,49.6656,49.6856,49.1345,49.1545,24046,true
ZSMPB,2026-09-16T19:05:00Z,49.1545,49.1745,48.6446,48.6646,19252,true
ZSMPB,2026-09-16T19:10:00Z,48.6646,48.6846,48.3753,48.4253,26974,true
ZSMPB,2026-09-16T19:15:00Z,48.4253,48.5684,48.4053,48.5484,29459,true
ZSMPB,2026-09-16T19:20:00Z,48.5484,48.9965,48.5284,48.9765,31324,true
ZSMPB,2026-09-16T19:25:00Z,48.9765,49.5291,48.9565,49.5091,33512,true
ZSMPB,2026-09-16T19:30:00Z,49.5091,49.5291,49.35,49.4,38398,true
ZSMPB,2026-09-16T19:35:00Z,49.4,49.6159,49.38,49.5959,40292,true
ZSMPB,2026-09-16T19:40:00Z,49.5959,49.7,49.5759,49.68,35079,true
ZSMPB,2026-09-16T19:45:00Z,49.68,49.7,49.6,49.62,49079,true
ZSMPB,2026-09-16T19:50:00Z,49.62,49.64,49.448,49.468,49131,true
ZSMPB,2026-09-16T19:55:00Z,49.468,49.488,49.3059,49.3259,38196,true
ZSMPB,2026-09-17T13:30:00Z,49.3259,49.3459,49.234,49.284,72706,true
ZSMPB,2026-09-17T13:35:00Z,49.284,49.3898,49.264,49.3698,47790,true
ZSMPB,2026-09-17T13:40:00Z,49.3698,49.556,49.3498,49.536,51646,true
ZSMPB,2026-09-17T13:45:00Z,49.536,49.7123,49.516,49.6923,39957,true
ZSMPB,2026-09-17T13:50:00Z,49.6923,49.78,49.6723,49.76,40854,true
ZSMPB,2026-09-17T13:55:00Z,49.76,49.78,49.6964,49.7164,40786,true
ZSMPB,2026-09-17T14:00:00Z,49.7164,49.7364,49.584,49.604,24131,true
ZSMPB,2026-09-17T14:05:00Z,49.604,49.624,49.4815,49.5015,53590,true
ZSMPB,2026-09-17T14:10:00Z,49.5015,49.5215,49.426,49.476,63485,true
ZSMPB,2026-09-17T14:15:00Z,49.476,49.5654,49.456,49.5454,34215,true
ZSMPB,2026-09-17T14:20:00Z,49.5454,49.692,49.5254,49.672,35024,true
ZSMPB,2026-09-17T14:25:00Z,49.672,49.8087,49.652,49.7887,30479,true
ZSMPB,2026-09-17T14:30:00Z,49.7887,49.86,49.7687,49.84,25994,true
ZSMPB,2026-09-17T14:35:00Z,49.84,49.86,49.7928,49.8128,52499,true
ZSMPB,2026-09-17T14:40:00Z,49.8128,49.8328,49.72,49.74,32925,true
ZSMPB,2026-09-17T14:45:00Z,49.74,49.76,49.6571,49.6771,27138,true
ZSMPB,2026-09-17T14:50:00Z,49.6771,49.6971,49.618,49.668,28966,true
ZSMPB,2026-09-17T14:55:00Z,49.668,49.86,49.648,49.84,35729,true
ZSMPB,2026-09-17T15:00:00Z,49.84,49.8572,49.7658,49.8115,7435,false
ZSMPC,2026-08-26T13:30:00Z,15.0,15.0176,14.9493,14.9669,70828,true
ZSMPC,2026-08-26T13:35:00Z,14.9669,14.9689,14.9599,14.962,101373,true
ZSMPC,2026-08-26T13:40:00Z,14.962,14.963,14.9492,14.9502,64285,true
ZSMPC,2026-08-26T13:45:00Z,14.9502,14.9556,14.929,14.9344,64632,true
ZSMPC,2026-08-26T13:50:00Z,14.9344,14.9662,14.9229,14.9547,74063,true
ZSMPC,2026-08-26T13:55:00Z,14.9547,14.9646,14.9506,14.9605,71703,true
ZSMPC,2026-08-26T14:00:00Z,14.9605,14.9606,14.9371,14.9372,57247,true
ZSMPC,2026-08-26T14:05:00Z,14.9372,14.9465,14.876,14.8853,59740,true
ZSMPC,2026-08-26T14:10:00Z,14.8853,14.8973,14.8849,14.8969,51517,true
ZSMPC,2026-08-26T14:15:00Z,14.8969,14.9157,14.8646,14.8835,41120,true
ZSMPC,2026-08-26T14:20:00Z,14.8835,14.8929,14.8694,14.8788,38559,true
ZSMPC,2026-08-26T14:25:00Z,14.8788,14.9145,14.8613,14.8969,80861,true
ZSMPC,2026-08-26T14:30:00Z,14.8969,14.9066,14.8754,14.885,59243,true
ZSMPC,2026-08-26T14:35:00Z,14.885,14.9302,14.8654,14.9106,59710,true
ZSMPC,2026-08-26T14:40:00Z,14.9106,14.9302,14.87,14.8895,40086,true
ZSMPC,2026-08-26T14:45:00Z,14.8895,14.9095,14.8813,14.9013,54341,true
ZSMPC,2026-08-26T14:50:00Z,14.9013,14.9381,14.8849,14.9217,31272,true
ZSMPC,2026-08-26T14:55:00Z,14.9217,14.9271,14.8674,14.8727,42988,true
ZSMPC,2026-08-26T15:00:00Z,14.8727,14.8731,14.8657,14.8661,39181,true
ZSMPC,2026-08-26T15:05:00Z,14.8661,14.8726,14.835,14.8415,37847,true
ZSMPC,2026-08-26T15:10:00Z,14.8415,14.8453,14.8283,14.8321,43587,true
ZSMPC,2026-08-26T15:15:00Z,14.8321,14.843,14.8092,14.8201,33274,true
ZSMPC,2026-08-26T15:20:00Z,14.8201,14.8468,14.8128,14.8395,28583,true
ZSMPC,2026-08-26T15:25:00Z,14.8395,14.8405,14.8386,14.8396,40011,true
ZSMPC,2026-08-26T15:30:00Z,14.8396,14.8714,14.8344,14.8662,45301,true
ZSMPC,2026-08-26T15:35:00Z,14.8662,14.8763,14.8625,14.8725,51719,true
ZSMPC,2026-08-26T15:40:00Z,14.8725,14.8982,14.8717,14.8974,32273,true
ZSMPC,2026-08-26T15:45:00Z,14.8974,14.8974,14.8961,14.8961,32105,true
ZSMPC,2026-08-26T15:50:00Z,14.8961,14.9235,14.89,14.9174,35997,true
ZSMPC,2026-08-26T15:55:00Z,14.9174,14.9245,14.9035,14.9106,47401,true
ZSMPC,2026-08-26T16:00:00Z,14.9106,14.9303,14.9073,14.927,42886,true
ZSMPC,2026-08-26T16:05:00Z,14.927,14.9677,14.9236,14.9642,53919,true
ZSMPC,2026-08-26T16:10:00Z,14.9642,14.9832,14.9628,14.9817,45884,true
ZSMPC,2026-08-26T16:15:00Z,14.9817,14.9934,14.9615,14.9732,46576,true
ZSMPC,2026-08-26T16:20:00Z,14.9732,15.0064,14.9533,14.9865,36907,true
ZSMPC,2026-08-26T16:25:00Z,14.9865,15.0005,14.9702,14.9842,49700,true
ZSMPC,2026-08-26T16:30:00Z,14.9842,15.0059,14.9386,14.9603,30493,true
ZSMPC,2026-08-26T16:35:00Z,14.9603,14.9645,14.9499,14.9541,35867,true
ZSMPC,2026-08-26T16:40:00Z,14.9541,14.9695,14.9477,14.9631,42768,true
ZSMPC,2026-08-26T16:45:00Z,14.9631,14.9888,14.9465,14.9722,45270,true
ZSMPC,2026-08-26T16:50:00Z,14.9722,14.9964,14.9649,14.9892,38239,true
ZSMPC,2026-08-26T16:55:00Z,14.9892,14.9986,14.9815,14.9909,40857,true
ZSMPC,2026-08-26T17:00:00Z,14.9909,15.0165,14.9872,15.0128,39282,true
ZSMPC,2026-08-26T17:05:00Z,15.0128,15.0246,15.0048,15.0166,87870,true
ZSMPC,2026-08-26T17:10:00Z,15.0166,15.0239,14.9997,15.007,52935,true
ZSMPC,2026-08-26T17:15:00Z,15.007,15.0567,15.0055,15.0551,48122,true
ZSMPC,2026-08-26T17:20:00Z,15.0551,15.0794,15.0157,15.0399,34360,true
ZSMPC,2026-08-26T17:25:00Z,15.0399,15.0712,15.0328,15.064,32015,true
ZSMPC,2026-08-26T17:30:00Z,15.064,15.0698,15.0353,15.0411,42267,true
ZSMPC,2026-08-26T17:35:00Z,15.0411,15.0429,15.0331,15.0349,39269,true
ZSMPC,2026-08-26T17:40:00Z,15.0349,15.0577,14.9875,15.0103,41813,true
ZSMPC,2026-08-26T17:45:00Z,15.0103,15.0194,14.9954,15.0045,40006,true
ZSMPC,2026-08-26T17:50:00Z,15.0045,15.0162,15.0016,15.0133,47077,true
ZSMPC,2026-08-26T17:55:00Z,15.0133,15.0185,15.0018,15.007,49189,true
ZSMPC,2026-08-26T18:00:00Z,15.007,15.0221,14.9621,14.9772,35277,true
ZSMPC,2026-08-26T18:05:00Z,14.9772,14.982,14.9655,14.9703,39054,true
ZSMPC,2026-08-26T18:10:00Z,14.9703,15.0127,14.9618,15.0042,64321,true
ZSMPC,2026-08-26T18:15:00Z,15.0042,15.0211,14.9804,14.9973,53570,true
ZSMPC,2026-08-26T18:20:00Z,14.9973,15.0011,14.9779,14.9816,41196,true
ZSMPC,2026-08-26T18:25:00Z,14.9816,14.9852,14.9709,14.9745,57997,true
ZSMPC,2026-08-26T18:30:00Z,14.9745,14.9795,14.9685,14.9734,33044,true
ZSMPC,2026-08-26T18:35:00Z,14.9734,15.0249,14.9601,15.0116,29699,true
ZSMPC,2026-08-26T18:40:00Z,15.0116,15.0321,14.9996,15.0201,44652,true
ZSMPC,2026-08-26T18:45:00Z,15.0201,15.0409,15.0133,15.034,36998,true
ZSMPC,2026-08-26T18:50:00Z,15.034,15.0395,15.0101,15.0156,28585,true
ZSMPC,2026-08-26T18:55:00Z,15.0156,15.0163,14.9856,14.9863,52394,true
ZSMPC,2026-08-26T19:00:00Z,14.9863,14.9968,14.9708,14.9813,48486,true
ZSMPC,2026-08-26T19:05:00Z,14.9813,15.019,14.975,15.0127,48469,true
ZSMPC,2026-08-26T19:10:00Z,15.0127,15.0183,14.984,14.9897,53657,true
ZSMPC,2026-08-26T19:15:00Z,14.9897,15.022,14.9887,15.021,48051,true
ZSMPC,2026-08-26T19:20:00Z,15.021,15.0687,14.9985,15.0462,57880,true
ZSMPC,2026-08-26T19:25:00Z,15.0462,15.0521,15.032,15.0379,44595,true
ZSMPC,2026-08-26T19:30:00Z,15.0379,15.0824,15.0266,15.0712,38370,true
ZSMPC,2026-08-26T19:35:00Z,15.0712,15.0943,15.0478,15.0709,73705,true
ZSMPC,2026-08-26T19:40:00Z,15.0709,15.0994,15.063,15.0915,94742,true
ZSMPC,2026-08-26T19:45:00Z,15.0915,15.128,15.0903,15.1269,93184,true
ZSMPC,2026-08-26T19:50:00Z,15.1269,15.1491,15.1135,15.1357,58548,true
ZSMPC,2026-08-26T19:55:00Z,15.1357,15.155,15.0839,15.1032,69103,true
ZSMPC,2026-08-27T13:30:00Z,15.1032,15.1039,15.0742,15.0748,99660,true
ZSMPC,2026-08-27T13:35:00Z,15.0748,15.0815,15.0666,15.0732,85701,true
ZSMPC,2026-08-27T13:40:00Z,15.0732,15.0749,15.0726,15.0743,97221,true
ZSMPC,2026-08-27T13:45:00Z,15.0743,15.077,15.0384,15.0411,98649,true
ZSMPC,2026-08-27T13:50:00Z,15.0411,15.046,15.026,15.0309,64079,true
ZSMPC,2026-08-27T13:55:00Z,15.0309,15.057,14.9894,15.0155,92148,true
ZSMPC,2026-08-27T14:00:00Z,15.0155,15.0198,15.005,15.0093,93694,true
ZSMPC,2026-08-27T14:05:00Z,15.0093,15.0105,14.9963,14.9975,125225,true
ZSMPC,2026-08-27T14:10:00Z,14.9975,14.9996,14.9898,14.9919,72610,true
ZSMPC,2026-08-27T14:15:00Z,14.9919,15.0033,14.9634,14.9749,86928,true
ZSMPC,2026-08-27T14:20:00Z,14.9749,15.0223,14.9678,15.0152,71474,true
ZSMPC,2026-08-27T14:25:00Z,15.0152,15.0193,14.977,14.9811,45572,true
ZSMPC,2026-08-27T14:30:00Z,14.9811,14.9982,14.9698,14.9869,44154,true
ZSMPC,2026-08-27T14:35:00Z,14.9869,15.0042,14.9865,15.0038,40922,true
ZSMPC,2026-08-27T14:40:00Z,15.0038,15.0097,15.0038,15.0097,37420,true
ZSMPC,2026-08-27T14:45:00Z,15.0097,15.0371,14.999,15.0264,54366,true
ZSMPC,2026-08-27T14:50:00Z,15.0264,15.0277,15.0173,15.0186,38382,true
ZSMPC,2026-08-27T14:55:00Z,15.0186,15.0267,15.0178,15.0259,36425,true
ZSMPC,2026-08-27T15:00:00Z,15.0259,15.0389,14.9857,14.9986,49923,true
ZSMPC,2026-08-27T15:05:00Z,14.9986,15.0038,14.9982,15.0034,36328,true
ZSMPC,2026-08-27T15:10:00Z,15.0034,15.0047,14.9996,15.0009,49268,true
ZSMPC,2026-08-27T15:15:00Z,15.0009,15.0064,14.9854,14.991,104471,true
ZSMPC,2026-08-27T15:20:00Z,14.991,14.9954,14.9884,14.9928,23196,true
ZSMPC,2026-08-27T15:25:00Z,14.9928,15.0014,14.9616,14.9702,35744,true
ZSMPC,2026-08-27T15:30:00Z,14.9702,14.9981,14.9432,14.971,26208,true
ZSMPC,2026-08-27T15:35:00Z,14.971,14.9715,14.9421,14.9427,67577,true
ZSMPC,2026-08-27T15:40:00Z,14.9427,14.9579,14.9322,14.9474,26335,true
ZSMPC,2026-08-27T15:45:00Z,14.9474,14.9523,14.9326,14.9376,35770,true
ZSMPC,2026-08-27T15:50:00Z,14.9376,14.9703,14.9234,14.9562,31275,true
ZSMPC,2026-08-27T15:55:00Z,14.9562,14.9725,14.9121,14.9284,78036,true
ZSMPC,2026-08-27T16:00:00Z,14.9284,14.9553,14.9198,14.9467,38950,true
ZSMPC,2026-08-27T16:05:00Z,14.9467,14.9478,14.9215,14.9226,43069,true
ZSMPC,2026-08-27T16:10:00Z,14.9226,14.9643,14.9206,14.9623,42281,true
ZSMPC,2026-08-27T16:15:00Z,14.9623,14.9689,14.9422,14.9487,32279,true
ZSMPC,2026-08-27T16:20:00Z,14.9487,14.9729,14.946,14.9702,29157,true
ZSMPC,2026-08-27T16:25:00Z,14.9702,15.0092,14.9688,15.0078,34965,true
ZSMPC,2026-08-27T16:30:00Z,15.0078,15.015,14.9903,14.9975,26841,true
ZSMPC,2026-08-27T16:35:00Z,14.9975,15.0003,14.9643,14.9671,32039,true
ZSMPC,2026-08-27T16:40:00Z,14.9671,14.972,14.9608,14.9656,31478,true
ZSMPC,2026-08-27T16:45:00Z,14.9656,14.976,14.9553,14.9657,44552,true
ZSMPC,2026-08-27T16:50:00Z,14.9657,14.9747,14.9554,14.9644,46946,true
ZSMPC,2026-08-27T16:55:00Z,14.9644,15.003,14.9554,14.994,40019,true
ZSMPC,2026-08-27T17:00:00Z,14.994,15.023,14.9803,15.0093,49656,true
ZSMPC,2026-08-27T17:05:00Z,15.0093,15.0352,15.0042,15.0301,46981,true
ZSMPC,2026-08-27T17:10:00Z,15.0301,15.0828,15.0245,15.0772,38679,true
ZSMPC,2026-08-27T17:15:00Z,15.0772,15.0833,15.005,15.0112,29869,true
ZSMPC,2026-08-27T17:20:00Z,15.0112,15.0448,14.9973,15.0309,25337,true
ZSMPC,2026-08-27T17:25:00Z,15.0309,15.0537,15.0243,15.0471,48745,true
ZSMPC,2026-08-27T17:30:00Z,15.0471,15.0532,15.0408,15.0469,39597,true
ZSMPC,2026-08-27T17:35:00Z,15.0469,15.0503,15.0403,15.0437,44601,true
ZSMPC,2026-08-27T17:40:00Z,15.0437,15.0656,15.0351,15.057,64032,true
ZSMPC,2026-08-27T17:45:00Z,15.057,15.0606,15.0217,15.0253,47462,true
ZSMPC,2026-08-27T17:50:00Z,15.0253,15.0461,14.979,14.9998,36879,true
ZSMPC,2026-08-27T17:55:00Z,14.9998,15.0363,14.9873,15.0238,40816,true
ZSMPC,2026-08-27T18:00:00Z,15.0238,15.0265,15.018,15.0206,53171,true
ZSMPC,2026-08-27T18:05:00Z,15.0206,15.0458,15.0199,15.0451,37966,true
ZSMPC,2026-08-27T18:10:00Z,15.0451,15.0492,15.0,15.0041,25293,true
ZSMPC,2026-08-27T18:15:00Z,15.0041,15.0226,14.9933,15.0118,43514,true
ZSMPC,2026-08-27T18:20:00Z,15.0118,15.0361,14.9881,15.0125,69302,true
ZSMPC,2026-08-27T18:25:00Z,15.0125,15.0788,15.0045,15.0708,39984,true
ZSMPC,2026-08-27T18:30:00Z,15.0708,15.082,15.0691,15.0803,33342,true
ZSMPC,2026-08-27T18:35:00Z,15.0803,15.1061,15.0374,15.0632,56068,true
ZSMPC,2026-08-27T18:40:00Z,15.0632,15.0753,15.0255,15.0376,68406,true
ZSMPC,2026-08-27T18:45:00Z,15.0376,15.0394,15.0269,15.0287,54060,true
ZSMPC,2026-08-27T18:50:00Z,15.0287,15.0477,15.0247,15.0438,48200,true
ZSMPC,2026-08-27T18:55:00Z,15.0438,15.0801,15.0342,15.0706,47414,true
ZSMPC,2026-08-27T19:00:00Z,15.0706,15.0726,15.0644,15.0665,36262,true
ZSMPC,2026-08-27T19:05:00Z,15.0665,15.0674,15.0455,15.0464,56508,true
ZSMPC,2026-08-27T19:10:00Z,15.0464,15.0734,15.0351,15.0621,43592,true
ZSMPC,2026-08-27T19:15:00Z,15.0621,15.0667,15.0429,15.0475,57360,true
ZSMPC,2026-08-27T19:20:00Z,15.0475,15.061,15.0304,15.0439,77323,true
ZSMPC,2026-08-27T19:25:00Z,15.0439,15.0781,15.0355,15.0698,59574,true
ZSMPC,2026-08-27T19:30:00Z,15.0698,15.0811,15.0513,15.0626,51393,true
ZSMPC,2026-08-27T19:35:00Z,15.0626,15.0753,15.0532,15.066,54517,true
ZSMPC,2026-08-27T19:40:00Z,15.066,15.0784,14.9897,15.0022,47938,true
ZSMPC,2026-08-27T19:45:00Z,15.0022,15.0438,14.9929,15.0346,54956,true
ZSMPC,2026-08-27T19:50:00Z,15.0346,15.0618,15.0344,15.0616,54283,true
ZSMPC,2026-08-27T19:55:00Z,15.0616,15.0704,15.0259,15.0346,115979,true
ZSMPC,2026-08-28T13:30:00Z,15.0346,15.041,14.9629,14.9693,110377,true
ZSMPC,2026-08-28T13:35:00Z,14.9693,14.9765,14.9289,14.9361,64142,true
ZSMPC,2026-08-28T13:40:00Z,14.9361,14.94,14.9004,14.9043,63857,true
ZSMPC,2026-08-28T13:45:00Z,14.9043,14.9246,14.8557,14.8759,70154,true
ZSMPC,2026-08-28T13:50:00Z,14.8759,14.8779,14.8572,14.8592,70850,true
ZSMPC,2026-08-28T13:55:00Z,14.8592,14.8764,14.8162,14.8333,85979,true
ZSMPC,2026-08-28T14:00:00Z,14.8333,14.8681,14.8315,14.8662,72124,true
ZSMPC,2026-08-28T14:05:00Z,14.8662,14.9097,14.8598,14.9032,60531,true
ZSMPC,2026-08-28T14:10:00Z,14.9032,14.9062,14.87,14.8731,65753,true
ZSMPC,2026-08-28T14:15:00Z,14.8731,14.9031,14.86,14.89,53318,true
ZSMPC,2026-08-28T14:20:00Z,14.89,14.9185,14.7994,14.8279,37469,true
ZSMPC,2026-08-28T14:25:00Z,14.8279,14.8413,14.7723,14.7856,38835,true
ZSMPC,2026-08-28T14:30:00Z,14.7856,14.8161,14.7698,14.8003,62075,true
ZSMPC,2026-08-28T14:35:00Z,14.8003,14.811,14.7775,14.7882,52632,true
ZSMPC,2026-08-28T14:40:00Z,14.7882,14.7982,14.7732,14.7831,39476,true
ZSMPC,2026-08-28T14:45:00Z,14.7831,14.7858,14.7804,14.7832,48975,true
ZSMPC,2026-08-28T14:50:00Z,14.7832,14.8081,14.7761,14.801,44382,true
ZSMPC,2026-08-28T14:55:00Z,14.801,14.8261,14.7618,14.7868,55411,true
ZSMPC,2026-08-28T15:00:00Z,14.7868,14.8007,14.7769,14.7907,58792,true
ZSMPC,2026-08-28T15:05:00Z,14.7907,14.7932,14.7501,14.7525,49158,true
ZSMPC,2026-08-28T15:10:00Z,14.7525,14.7526,14.7113,14.7113,60299,true
ZSMPC,2026-08-28T15:15:00Z,14.7113,14.7248,14.708,14.7215,40857,true
ZSMPC,2026-08-28T15:20:00Z,14.7215,14.7549,14.7139,14.7472,51557,true
ZSMPC,2026-08-28T15:25:00Z,14.7472,14.7483,14.7342,14.7353,28829,true
ZSMPC,2026-08-28T15:30:00Z,14.7353,14.7484,14.7106,14.7237,32793,true
ZSMPC,2026-08-28T15:35:00Z,14.7237,14.7532,14.7194,14.7489,57220,true
ZSMPC,2026-08-28T15:40:00Z,14.7489,14.778,14.7452,14.7743,55087,true
ZSMPC,2026-08-28T15:45:00Z,14.7743,14.7965,14.7625,14.7846,60950,true
ZSMPC,2026-08-28T15:50:00Z,14.7846,14.7906,14.7652,14.7712,29464,true
ZSMPC,2026-08-28T15:55:00Z,14.7712,14.7729,14.7649,14.7666,75011,true
ZSMPC,2026-08-28T16:00:00Z,14.7666,14.7716,14.7159,14.7209,36505,true
ZSMPC,2026-08-28T16:05:00Z,14.7209,14.7595,14.7148,14.7534,40536,true
ZSMPC,2026-08-28T16:10:00Z,14.7534,14.762,14.735,14.7437,30348,true
ZSMPC,2026-08-28T16:15:00Z,14.7437,14.7628,14.7394,14.7586,50288,true
ZSMPC,2026-08-28T16:20:00Z,14.7586,14.7758,14.719,14.7362,42780,true
ZSMPC,2026-08-28T16:25:00Z,14.7362,14.7627,14.7233,14.7498,34977,true
ZSMPC,2026-08-28T16:30:00Z,14.7498,14.7789,14.7392,14.7682,26618,true
ZSMPC,2026-08-28T16:35:00Z,14.7682,14.7876,14.7492,14.7685,42651,true
ZSMPC,2026-08-28T16:40:00Z,14.7685,14.7782,14.7466,14.7563,36303,true
ZSMPC,2026-08-28T16:45:00Z,14.7563,14.7604,14.7443,14.7483,60550,true
ZSMPC,2026-08-28T16:50:00Z,14.7483,14.7594,14.7457,14.7568,27276,true
ZSMPC,2026-08-28T16:55:00Z,14.7568,14.79,14.7548,14.7879,31374,true
ZSMPC,2026-08-28T17:00:00Z,14.7879,14.7903,14.7866,14.789,29603,true
ZSMPC,2026-08-28T17:05:00Z,14.789,14.7942,14.7568,14.7621,32329,true
ZSMPC,2026-08-28T17:10:00Z,14.7621,14.7694,14.7339,14.7413,34509,true
ZSMPC,2026-08-28T17:15:00Z,14.7413,14.7505,14.7205,14.7297,34991,true
ZSMPC,2026-08-28T17:20:00Z,14.7297,14.7575,14.7268,14.7546,41473,true
ZSMPC,2026-08-28T17:25:00Z,14.7546,14.7619,14.7536,14.7608,58302,true
ZSMPC,2026-08-28T17:30:00Z,14.7608,14.7688,14.7464,14.7544,31249,true
ZSMPC,2026-08-28T17:35:00Z,14.7544,14.7643,14.7171,14.727,32391,true
ZSMPC,2026-08-28T17:40:00Z,14.727,14.7402,14.6959,14.7091,41320,true
ZSMPC,2026-08-28T17:45:00Z,14.7091,14.7458,14.7047,14.7414,41446,true
ZSMPC,2026-08-28T17:50:00Z,14.7414,14.766,14.7274,14.752,47493,true
ZSMPC,2026-08-28T17:55:00Z,14.752,14.7796,14.7453,14.7729,76529,true
ZSMPC,2026-08-28T18:00:00Z,14.7729,14.8041,14.7704,14.8015,36272,true
ZSMPC,2026-08-28T18:05:00Z,14.8015,14.8036,14.7939,14.7959,34489,true
ZSMPC,2026-08-28T18:10:00Z,14.7959,14.7967,14.7905,14.7913,44395,true
ZSMPC,2026-08-28T18:15:00Z,14.7913,14.8234,14.7839,14.8159,37699,true
ZSMPC,2026-08-28T18:20:00Z,14.8159,14.8208,14.8149,14.8197,39877,true
ZSMPC,2026-08-28T18:25:00Z,14.8197,14.8296,14.8053,14.8152,37958,true
ZSMPC,2026-08-28T18:30:00Z,14.8152,14.8264,14.7999,14.8111,51175,true
ZSMPC,2026-08-28T18:35:00Z,14.8111,14.835,14.7925,14.8164,34930,true
ZSMPC,2026-08-28T18:40:00Z,14.8164,14.8273,14.7876,14.7985,52069,true
ZSMPC,2026-08-28T18:45:00Z,14.7985,14.8052,14.7485,14.7552,39133,true
ZSMPC,2026-08-28T18:50:00Z,14.7552,14.7759,14.752,14.7727,45624,true
ZSMPC,2026-08-28T18:55:00Z,14.7727,14.8165,14.7707,14.8146,36702,true
ZSMPC,2026-08-28T19:00:00Z,14.8146,14.8383,14.8041,14.8278,51748,true
ZSMPC,2026-08-28T19:05:00Z,14.8278,14.8305,14.8041,14.8067,79120,true
ZSMPC,2026-08-28T19:10:00Z,14.8067,14.8164,14.7962,14.8059,38788,true
ZSMPC,2026-08-28T19:15:00Z,14.8059,14.8149,14.8003,14.8093,53719,true
ZSMPC,2026-08-28T19:20:00Z,14.8093,14.8179,14.7801,14.7887,40297,true
ZSMPC,2026-08-28T19:25:00Z,14.7887,14.8111,14.786,14.8084,41553,true
ZSMPC,2026-08-28T19:30:00Z,14.8084,14.8159,14.7977,14.8052,40118,true
ZSMPC,2026-08-28T19:35:00Z,14.8052,14.8323,14.7462,14.7733,80812,true
ZSMPC,2026-08-28T19:40:00Z,14.7733,14.7954,14.75,14.7721,64887,true
ZSMPC,2026-08-28T19:45:00Z,14.7721,14.7923,14.7568,14.7771,119594,true
ZSMPC,2026-08-28T19:50:00Z,14.7771,14.7878,14.7708,14.7816,51146,true
ZSMPC,2026-08-28T19:55:00Z,14.7816,14.7853,14.7589,14.7626,77316,true
ZSMPC,2026-08-31T13:30:00Z,14.7626,14.7865,14.7534,14.7773,86234,true
ZSMPC,2026-08-31T13:35:00Z,14.7773,14.7998,14.7671,14.7897,91447,true
ZSMPC,2026-08-31T13:40:00Z,14.7897,14.8094,14.7872,14.8069,108783,true
ZSMPC,2026-08-31T13:45:00Z,14.8069,14.8241,14.7965,14.8137,61854,true
ZSMPC,2026-08-31T13:50:00Z,14.8137,14.8361,14.8084,14.8308,74195,true
ZSMPC,2026-08-31T13:55:00Z,14.8308,14.8459,14.8253,14.8404,56887,true
ZSMPC,2026-08-31T14:00:00Z,14.8404,14.8566,14.8364,14.8526,65988,true
ZSMPC,2026-08-31T14:05:00Z,14.8526,14.8705,14.8488,14.8667,52300,true
ZSMPC,2026-08-31T14:10:00Z,14.8667,14.921,14.8479,14.9023,49512,true
ZSMPC,2026-08-31T14:15:00Z,14.9023,14.9206,14.8622,14.8805,41056,true
ZSMPC,2026-08-31T14:20:00Z,14.8805,14.92,14.8746,14.9141,63584,true
ZSMPC,2026-08-31T14:25:00Z,14.9141,14.9593,14.9095,14.9547,51410,true
ZSMPC,2026-08-31T14:30:00Z,14.9547,14.977,14.9481,14.9704,30522,true
ZSMPC,2026-08-31T14:35:00Z,14.9704,14.9993,14.9518,14.9807,34774,true
ZSMPC,2026-08-31T14:40:00Z,14.9807,15.0021,14.9757,14.9971,34148,true
ZSMPC,2026-08-31T14:45:00Z,14.9971,15.0149,14.9865,15.0044,41946,true
ZSMPC,2026-08-31T14:50:00Z,15.0044,15.0181,14.9705,14.9841,39278,true
ZSMPC,2026-08-31T14:55:00Z,14.9841,14.9869,14.9506,14.9533,52265,true
ZSMPC,2026-08-31T15:00:00Z,14.9533,14.9533,14.9374,14.9374,23036,true
ZSMPC,2026-08-31T15:05:00Z,14.9374,14.9714,14.9368,14.9708,47337,true
ZSMPC,2026-08-31T15:10:00Z,14.9708,14.9987,14.9557,14.9837,42188,true
ZSMPC,2026-08-31T15:15:00Z,14.9837,14.9851,14.9676,14.969,41048,true
ZSMPC,2026-08-31T15:20:00Z,14.969,14.975,14.9212,14.9272,40148,true
ZSMPC,2026-08-31T15:25:00Z,14.9272,14.9388,14.9141,14.9257,43031,true
ZSMPC,2026-08-31T15:30:00Z,14.9257,14.9424,14.8877,14.9043,45179,true
ZSMPC,2026-08-31T15:35:00Z,14.9043,14.9365,14.8853,14.9175,40353,true
ZSMPC,2026-08-31T15:40:00Z,14.9175,14.9227,14.9157,14.9208,40523,true
ZSMPC,2026-08-31T15:45:00Z,14.9208,14.9219,14.9058,14.9069,33358,true
ZSMPC,2026-08-31T15:50:00Z,14.9069,14.9149,14.9059,14.914,37979,true
ZSMPC,2026-08-31T15:55:00Z,14.914,14.9178,14.9048,14.9086,42802,true
ZSMPC,2026-08-31T16:00:00Z,14.9086,14.9141,14.8917,14.8972,36724,true
ZSMPC,2026-08-31T16:05:00Z,14.8972,14.9038,14.8884,14.8951,37932,true
ZSMPC,2026-08-31T16:10:00Z,14.8951,14.9272,14.8948,14.927,46305,true
ZSMPC,2026-08-31T16:15:00Z,14.927,14.9458,14.9188,14.9377,34865,true
ZSMPC,2026-08-31T16:20:00Z,14.9377,14.95,14.9218,14.9341,35987,true
ZSMPC,2026-08-31T16:25:00Z,14.9341,14.9347,14.9328,14.9335,48536,true
ZSMPC,2026-08-31T16:30:00Z,14.9335,14.9453,14.9189,14.9307,36639,true
ZSMPC,2026-08-31T16:35:00Z,14.9307,14.9502,14.9164,14.9359,38395,true
ZSMPC,2026-08-31T16:40:00Z,14.9359,14.94,14.9081,14.9122,33518,true
ZSMPC,2026-08-31T16:45:00Z,14.9122,14.9155,14.8965,14.8999,36296,true
ZSMPC,2026-08-31T16:50:00Z,14.8999,14.9037,14.8771,14.8809,49154,true
ZSMPC,2026-08-31T16:55:00Z,14.8809,14.89,14.8493,14.8584,30705,true
ZSMPC,2026-08-31T17:00:00Z,14.8584,14.8822,14.8364,14.8602,48716,true
ZSMPC,2026-08-31T17:05:00Z,14.8602,14.8614,14.8338,14.835,33613,true
ZSMPC,2026-08-31T17:10:00Z,14.835,14.8851,14.7949,14.8451,64090,true
ZSMPC,2026-08-31T17:15:00Z,14.8451,14.8469,14.8306,14.8325,37416,true
ZSMPC,2026-08-31T17:20:00Z,14.8325,14.8435,14.8255,14.8365,38158,true
ZSMPC,2026-08-31T17:25:00Z,14.8365,14.8427,14.8232,14.8294,49550,true
ZSMPC,2026-08-31T17:30:00Z,14.8294,14.8427,14.7968,14.8101,54085,true
ZSMPC,2026-08-31T17:35:00Z,14.8101,14.834,14.7662,14.7902,26550,true
ZSMPC,2026-08-31T17:40:00Z,14.7902,14.7968,14.7885,14.7951,37513,true
ZSMPC,2026-08-31T17:45:00Z,14.7951,14.8068,14.7818,14.7935,60489,true
ZSMPC,2026-08-31T17:50:00Z,14.7935,14.7937,14.7529,14.753,55485,true
ZSMPC,2026-08-31T17:55:00Z,14.753,14.7564,14.7312,14.7346,36893,true
ZSMPC,2026-08-31T18:00:00Z,14.7346,14.7652,14.7283,14.7589,41593,true
ZSMPC,2026-08-31T18:05:00Z,14.7589,14.7627,14.7477,14.7515,41334,true
ZSMPC,2026-08-31T18:10:00Z,14.7515,14.8042,14.7417,14.7944,44762,true
ZSMPC,2026-08-31T18:15:00Z,14.7944,14.8009,14.7889,14.7953,41797,true
ZSMPC,2026-08-31T18:20:00Z,14.7953,14.8119,14.756,14.7726,27247,true
ZSMPC,2026-08-31T18:25:00Z,14.7726,14.7748,14.7501,14.7522,61330,true
ZSMPC,2026-08-31T18:30:00Z,14.7522,14.7535,14.7509,14.7522,30560,true
ZSMPC,2026-08-31T18:35:00Z,14.7522,14.7962,14.7305,14.7746,49035,true
ZSMPC,2026-08-31T18:40:00Z,14.7746,14.7826,14.7696,14.7775,47461,true
ZSMPC,2026-08-31T18:45:00Z,14.7775,14.7815,14.7434,14.7473,45182,true
ZSMPC,2026-08-31T18:50:00Z,14.7473,14.7738,14.746,14.7725,49914,true
ZSMPC,2026-08-31T18:55:00Z,14.7725,14.78,14.7197,14.7272,72513,true
ZSMPC,2026-08-31T19:00:00Z,14.7272,14.7449,14.7211,14.7388,38047,true
ZSMPC,2026-08-31T19:05:00Z,14.7388,14.7472,14.6964,14.7049,60856,true
ZSMPC,2026-08-31T19:10:00Z,14.7049,14.7054,14.6871,14.6876,61399,true
ZSMPC,2026-08-31T19:15:00Z,14.6876,14.6976,14.6576,14.6675,85110,true
ZSMPC,2026-08-31T19:20:00Z,14.6675,14.6811,14.6498,14.6634,49680,true
ZSMPC,2026-08-31T19:25:00Z,14.6634,14.6703,14.6489,14.6558,43410,true
ZSMPC,2026-08-31T19:30:00Z,14.6558,14.657,14.6223,14.6235,31998,true
ZSMPC,2026-08-31T19:35:00Z,14.6235,14.6532,14.6205,14.6502,76751,true
ZSMPC,2026-08-31T19:40:00Z,14.6502,14.6665,14.6404,14.6567,60675,true
ZSMPC,2026-08-31T19:45:00Z,14.6567,14.6791,14.6448,14.6672,71038,true
ZSMPC,2026-08-31T19:50:00Z,14.6672,14.6974,14.6508,14.681,58121,true
ZSMPC,2026-08-31T19:55:00Z,14.681,14.6831,14.6673,14.6694,96709,true
ZSMPC,2026-09-01T13:30:00Z,14.6694,14.6791,14.6558,14.6654,97265,true
ZSMPC,2026-09-01T13:35:00Z,14.6654,14.6761,14.6628,14.6734,96396,true
ZSMPC,2026-09-01T13:40:00Z,14.6734,14.6864,14.6162,14.6293,85490,true
ZSMPC,2026-09-01T13:45:00Z,14.6293,14.6407,14.626,14.6374,58327,true
ZSMPC,2026-09-01T13:50:00Z,14.6374,14.6377,14.625,14.6253,73775,true
ZSMPC,2026-09-01T13:55:00Z,14.6253,14.6394,14.6215,14.6356,63203,true
ZSMPC,2026-09-01T14:00:00Z,14.6356,14.6916,14.6266,14.6827,45562,true
ZSMPC,2026-09-01T14:05:00Z,14.6827,14.7014,14.6791,14.6978,58059,true
ZSMPC,2026-09-01T14:10:00Z,14.6978,14.711,14.6907,14.7039,68674,true
ZSMPC,2026-09-01T14:15:00Z,14.7039,14.722,14.6842,14.7023,47425,true
ZSMPC,2026-09-01T14:20:00Z,14.7023,14.7084,14.6937,14.6998,63628,true
ZSMPC,2026-09-01T14:25:00Z,14.6998,14.7089,14.6809,14.69,54690,true
ZSMPC,2026-09-01T14:30:00Z,14.69,14.7324,14.6698,14.7121,55463,true
ZSMPC,2026-09-01T14:35:00Z,14.7121,14.7393,14.6896,14.7168,37614,true
ZSMPC,2026-09-01T14:40:00Z,14.7168,14.7409,14.7063,14.7305,55217,true
ZSMPC,2026-09-01T14:45:00Z,14.7305,14.7469,14.6697,14.6861,39804,true
ZSMPC,2026-09-01T14:50:00Z,14.6861,14.6867,14.6612,14.6618,30369,true
ZSMPC,2026-09-01T14:55:00Z,14.6618,14.666,14.6285,14.6328,36374,true
ZSMPC,2026-09-01T15:00:00Z,14.6328,14.6355,14.604,14.6068,52831,true
ZSMPC,2026-09-01T15:05:00Z,14.6068,14.6162,14.5857,14.5952,47233,true
ZSMPC,2026-09-01T15:10:00Z,14.5952,14.6326,14.5804,14.6178,40277,true
ZSMPC,2026-09-01T15:15:00Z,14.6178,14.6675,14.6013,14.651,39517,true
ZSMPC,2026-09-01T15:20:00Z,14.651,14.6577,14.6216,14.6283,51420,true
ZSMPC,2026-09-01T15:25:00Z,14.6283,14.6458,14.5855,14.603,56641,true
ZSMPC,2026-09-01T15:30:00Z,14.603,14.6248,14.5894,14.6112,52178,true
ZSMPC,2026-09-01T15:35:00Z,14.6112,14.6286,14.5911,14.6085,18125,true
ZSMPC,2026-09-01T15:40:00Z,14.6085,14.6151,14.5939,14.6005,47219,true
ZSMPC,2026-09-01T15:45:00Z,14.6005,14.6417,14.599,14.6403,40966,true
ZSMPC,2026-09-01T15:50:00Z,14.6403,14.663,14.6367,14.6595,46607,true
ZSMPC,2026-09-01T15:55:00Z,14.6595,14.685,14.6564,14.6819,29497,true
ZSMPC,2026-09-01T16:00:00Z,14.6819,14.6922,14.6639,14.6743,28587,true
ZSMPC,2026-09-01T16:05:00Z,14.6743,14.7161,14.6689,14.7107,47235,true
ZSMPC,2026-09-01T16:10:00Z,14.7107,14.7446,14.7106,14.7446,24287,true
ZSMPC,2026-09-01T16:15:00Z,14.7446,14.7488,14.7165,14.7207,30365,true
ZSMPC,2026-09-01T16:20:00Z,14.7207,14.7263,14.7073,14.7129,41649,true
ZSMPC,2026-09-01T16:25:00Z,14.7129,14.7242,14.7121,14.7235,32746,true
ZSMPC,2026-09-01T16:30:00Z,14.7235,14.7502,14.7149,14.7417,51160,true
ZSMPC,2026-09-01T16:35:00Z,14.7417,14.7764,14.7298,14.7645,52654,true
ZSMPC,2026-09-01T16:40:00Z,14.7645,14.7649,14.7591,14.7595,50633,true
ZSMPC,2026-09-01T16:45:00Z,14.7595,14.7644,14.7441,14.749,29596,true
ZSMPC,2026-09-01T16:50:00Z,14.749,14.7685,14.7273,14.7468,36736,true
ZSMPC,2026-09-01T16:55:00Z,14.7468,14.7517,14.7219,14.7268,52720,true
ZSMPC,2026-09-01T17:00:00Z,14.7268,14.7314,14.6969,14.7015,28267,true
ZSMPC,2026-09-01T17:05:00Z,14.7015,14.7211,14.6464,14.6659,36884,true
ZSMPC,2026-09-01T17:10:00Z,14.6659,14.6798,14.6249,14.6388,38053,true
ZSMPC,2026-09-01T17:15:00Z,14.6388,14.6591,14.6292,14.6495,31692,true
ZSMPC,2026-09-01T17:20:00Z,14.6495,14.653,14.6326,14.6361,48714,true
ZSMPC,2026-09-01T17:25:00Z,14.6361,14.6591,14.6242,14.6472,37567,true
ZSMPC,2026-09-01T17:30:00Z,14.6472,14.6848,14.6209,14.6585,33373,true
ZSMPC,2026-09-01T17:35:00Z,14.6585,14.6693,14.624,14.6348,29151,true
ZSMPC,2026-09-01T17:40:00Z,14.6348,14.6407,14.6176,14.6235,38543,true
ZSMPC,2026-09-01T17:45:00Z,14.6235,14.6376,14.6033,14.6175,35912,true
ZSMPC,2026-09-01T17:50:00Z,14.6175,14.637,14.614,14.6335,39203,true
ZSMPC,2026-09-01T17:55:00Z,14.6335,14.6427,14.628,14.6372,37124,true
ZSMPC,2026-09-01T18:00:00Z,14.6372,14.6498,14.6146,14.6272,50630,true
ZSMPC,2026-09-01T18:05:00Z,14.6272,14.6518,14.6086,14.6332,46052,true
ZSMPC,2026-09-01T18:10:00Z,14.6332,14.6373,14.6009,14.605,37418,true
ZSMPC,2026-09-01T18:15:00Z,14.605,14.6452,14.5972,14.6373,42201,true
ZSMPC,2026-09-01T18:20:00Z,14.6373,14.6554,14.5961,14.6143,48373,true
ZSMPC,2026-09-01T18:25:00Z,14.6143,14.641,14.607,14.6337,55743,true
ZSMPC,2026-09-01T18:30:00Z,14.6337,14.6344,14.6138,14.6144,28593,true
ZSMPC,2026-09-01T18:35:00Z,14.6144,14.6762,14.6075,14.6693,34274,true
ZSMPC,2026-09-01T18:40:00Z,14.6693,14.6773,14.6468,14.6548,45869,true
ZSMPC,2026-09-01T18:45:00Z,14.6548,14.6681,14.6162,14.6295,40800,true
ZSMPC,2026-09-01T18:50:00Z,14.6295,14.6558,14.629,14.6553,42848,true
ZSMPC,2026-09-01T18:55:00Z,14.6553,14.6588,14.6135,14.6169,47211,true
ZSMPC,2026-09-01T19:00:00Z,14.6169,14.6189,14.6162,14.6182,41980,true
ZSMPC,2026-09-01T19:05:00Z,14.6182,14.6562,14.618,14.656,67875,true
ZSMPC,2026-09-01T19:10:00Z,14.656,14.6565,14.6439,14.6444,52420,true
ZSMPC,2026-09-01T19:15:00Z,14.6444,14.6572,14.619,14.6318,44614,true
ZSMPC,2026-09-01T19:20:00Z,14.6318,14.6465,14.6013,14.616,61007,true
ZSMPC,2026-09-01T19:25:00Z,14.616,14.6372,14.5697,14.591,50831,true
ZSMPC,2026-09-01T19:30:00Z,14.591,14.6156,14.5805,14.6052,51022,true
ZSMPC,2026-09-01T19:35:00Z,14.6052,14.6128,14.5657,14.5734,54042,true
ZSMPC,2026-09-01T19:40:00Z,14.5734,14.5813,14.5446,14.5525,70085,true
ZSMPC,2026-09-01T19:45:00Z,14.5525,14.5617,14.5325,14.5418,78478,true
ZSMPC,2026-09-01T19:50:00Z,14.5418,14.569,14.5407,14.5679,109253,true
ZSMPC,2026-09-01T19:55:00Z,14.5679,14.5913,14.5671,14.5906,63582,true
ZSMPC,2026-09-02T13:30:00Z,14.5906,14.6253,14.5795,14.6143,84474,true
ZSMPC,2026-09-02T13:35:00Z,14.6143,14.6243,14.5999,14.61,95399,true
ZSMPC,2026-09-02T13:40:00Z,14.61,14.6314,14.5884,14.6098,57704,true
ZSMPC,2026-09-02T13:45:00Z,14.6098,14.622,14.6081,14.6203,61822,true
ZSMPC,2026-09-02T13:50:00Z,14.6203,14.638,14.6004,14.6181,43929,true
ZSMPC,2026-09-02T13:55:00Z,14.6181,14.6314,14.5837,14.597,79438,true
ZSMPC,2026-09-02T14:00:00Z,14.597,14.618,14.5662,14.5871,56188,true
ZSMPC,2026-09-02T14:05:00Z,14.5871,14.5931,14.5595,14.5655,43240,true
ZSMPC,2026-09-02T14:10:00Z,14.5655,14.5702,14.5641,14.5689,66991,true
ZSMPC,2026-09-02T14:15:00Z,14.5689,14.5853,14.5605,14.577,64190,true
ZSMPC,2026-09-02T14:20:00Z,14.577,14.6021,14.5371,14.5622,53611,true
ZSMPC,2026-09-02T14:25:00Z,14.5622,14.5723,14.5514,14.5615,61084,true
ZSMPC,2026-09-02T14:30:00Z,14.5615,14.5632,14.5608,14.5625,47307,true
ZSMPC,2026-09-02T14:35:00Z,14.5625,14.5722,14.4895,14.4992,62408,true
ZSMPC,2026-09-02T14:40:00Z,14.4992,14.5054,14.4951,14.5013,40827,true
ZSMPC,2026-09-02T14:45:00Z,14.5013,14.5095,14.4565,14.4646,36322,true
ZSMPC,2026-09-02T14:50:00Z,14.4646,14.4687,14.456,14.4601,52437,true
ZSMPC,2026-09-02T14:55:00Z,14.4601,14.4983,14.4504,14.4886,25831,true
ZSMPC,2026-09-02T15:00:00Z,14.4886,14.5288,14.4766,14.5168,44647,true
ZSMPC,2026-09-02T15:05:00Z,14.5168,14.5253,14.4633,14.4718,31139,true
ZSMPC,2026-09-02T15:10:00Z,14.4718,14.4735,14.464,14.4657,49862,true
ZSMPC,2026-09-02T15:15:00Z,14.4657,14.4827,14.4596,14.4765,28072,true
ZSMPC,2026-09-02T15:20:00Z,14.4765,14.4938,14.476,14.4933,45321,true
ZSMPC,2026-09-02T15:25:00Z,14.4933,14.5071,14.4839,14.4976,23920,true
ZSMPC,2026-09-02T15:30:00Z,14.4976,14.5189,14.4841,14.5054,53695,true
ZSMPC,2026-09-02T15:35:00Z,14.5054,14.5207,14.4588,14.4741,34909,true
ZSMPC,2026-09-02T15:40:00Z,14.4741,14.4776,14.4708,14.4743,56198,true
ZSMPC,2026-09-02T15:45:00Z,14.4743,14.4859,14.4582,14.4698,38325,true
ZSMPC,2026-09-02T15:50:00Z,14.4698,14.4738,14.4548,14.4589,35383,true
ZSMPC,2026-09-02T15:55:00Z,14.4589,14.4805,14.4081,14.4296,33138,true
ZSMPC,2026-09-02T16:00:00Z,14.4296,14.4383,14.42,14.4286,43851,true
ZSMPC,2026-09-02T16:05:00Z,14.4286,14.4491,14.4216,14.4421,38469,true
ZSMPC,2026-09-02T16:10:00Z,14.4421,14.4665,14.4416,14.466,55945,true
ZSMPC,2026-09-02T16:15:00Z,14.466,14.4691,14.4476,14.4506,67041,true
ZSMPC,2026-09-02T16:20:00Z,14.4506,14.4544,14.4439,14.4477,45266,true
ZSMPC,2026-09-02T16:25:00Z,14.4477,14.4586,14.4076,14.4186,31094,true
ZSMPC,2026-09-02T16:30:00Z,14.4186,14.4733,14.4002,14.4549,48489,true
ZSMPC,2026-09-02T16:35:00Z,14.4549,14.4568,14.4303,14.4322,30779,true
ZSMPC,2026-09-02T16:40:00Z,14.4322,14.4354,14.3963,14.3995,49927,true
ZSMPC,2026-09-02T16:45:00Z,14.3995,14.4197,14.3903,14.4105,43032,true
ZSMPC,2026-09-02T16:50:00Z,14.4105,14.4144,14.4019,14.4058,33580,true
ZSMPC,2026-09-02T16:55:00Z,14.4058,14.4299,14.4025,14.4266,39418,true
ZSMPC,2026-09-02T17:00:00Z,14.4266,14.4509,14.4192,14.4436,33589,true
ZSMPC,2026-09-02T17:05:00Z,14.4436,14.4636,14.4428,14.4629,36128,true
ZSMPC,2026-09-02T17:10:00Z,14.4629,14.4932,14.4602,14.4905,34587,true
ZSMPC,2026-09-02T17:15:00Z,14.4905,14.5125,14.4488,14.4709,43297,true
ZSMPC,2026-09-02T17:20:00Z,14.4709,14.4817,14.458,14.4689,40685,true
ZSMPC,2026-09-02T17:25:00Z,14.4689,14.4837,14.4615,14.4763,38702,true
ZSMPC,2026-09-02T17:30:00Z,14.4763,14.5081,14.4603,14.4921,40382,true
ZSMPC,2026-09-02T17:35:00Z,14.4921,14.507,14.4762,14.4911,39388,true
ZSMPC,2026-09-02T17:40:00Z,14.4911,14.514,14.4767,14.4995,51907,true
ZSMPC,2026-09-02T17:45:00Z,14.4995,14.5789,14.4763,14.5557,41969,true
ZSMPC,2026-09-02T17:50:00Z,14.5557,14.5685,14.5336,14.5464,50737,true
ZSMPC,2026-09-02T17:55:00Z,14.5464,14.572,14.545,14.5706,51820,true
ZSMPC,2026-09-02T18:00:00Z,14.5706,14.612,14.5532,14.5946,50690,true
ZSMPC,2026-09-02T18:05:00Z,14.5946,14.6003,14.5642,14.5699,36304,true
ZSMPC,2026-09-02T18:10:00Z,14.5699,14.574,14.5504,14.5545,26273,true
ZSMPC,2026-09-02T18:15:00Z,14.5545,14.5753,14.5404,14.5612,48658,true
ZSMPC,2026-09-02T18:20:00Z,14.5612,14.5662,14.5582,14.5632,58052,true
ZSMPC,2026-09-02T18:25:00Z,14.5632,14.5657,14.5528,14.5553,36239,true
ZSMPC,2026-09-02T18:30:00Z,14.5553,14.5718,14.5519,14.5684,42863,true
ZSMPC,2026-09-02T18:35:00Z,14.5684,14.5899,14.5542,14.5757,37615,true
ZSMPC,2026-09-02T18:40:00Z,14.5757,14.5799,14.5478,14.5519,36940,true
ZSMPC,2026-09-02T18:45:00Z,14.5519,14.5595,14.5348,14.5424,38244,true
ZSMPC,2026-09-02T18:50:00Z,14.5424,14.5427,14.5224,14.5227,79054,true
ZSMPC,2026-09-02T18:55:00Z,14.5227,14.5447,14.5211,14.5432,52287,true
ZSMPC,2026-09-02T19:00:00Z,14.5432,14.5669,14.5425,14.5661,43398,true
ZSMPC,2026-09-02T19:05:00Z,14.5661,14.5867,14.5599,14.5805,49266,true
ZSMPC,2026-09-02T19:10:00Z,14.5805,14.6499,14.5695,14.6389,52385,true
ZSMPC,2026-09-02T19:15:00Z,14.6389,14.6836,14.6305,14.6752,38996,true
ZSMPC,2026-09-02T19:20:00Z,14.6752,14.6988,14.6626,14.6862,31712,true
ZSMPC,2026-09-02T19:25:00Z,14.6862,14.7003,14.663,14.6771,55607,true
ZSMPC,2026-09-02T19:30:00Z,14.6771,14.7236,14.6748,14.7213,41537,true
ZSMPC,2026-09-02T19:35:00Z,14.7213,14.7553,14.7129,14.747,73822,true
ZSMPC,2026-09-02T19:40:00Z,14.747,14.7579,14.7046,14.7155,60048,true
ZSMPC,2026-09-02T19:45:00Z,14.7155,14.7518,14.7086,14.745,93997,true
ZSMPC,2026-09-02T19:50:00Z,14.745,14.7526,14.734,14.7417,82193,true
ZSMPC,2026-09-02T19:55:00Z,14.7417,14.7515,14.7156,14.7254,103618,true
ZSMPC,2026-09-03T13:30:00Z,14.7254,14.769,14.7167,14.7602,96341,true
ZSMPC,2026-09-03T13:35:00Z,14.7602,14.7655,14.7547,14.76,103288,true
ZSMPC,2026-09-03T13:40:00Z,14.76,14.7857,14.7425,14.7682,72280,true
ZSMPC,2026-09-03T13:45:00Z,14.7682,14.7684,14.7571,14.7573,43636,true
ZSMPC,2026-09-03T13:50:00Z,14.7573,14.7725,14.7186,14.7338,67265,true
ZSMPC,2026-09-03T13:55:00Z,14.7338,14.7382,14.6797,14.684,45366,true
ZSMPC,2026-09-03T14:00:00Z,14.684,14.6934,14.6557,14.6652,52879,true
ZSMPC,2026-09-03T14:05:00Z,14.6652,14.6706,14.6452,14.6507,75436,true
ZSMPC,2026-09-03T14:10:00Z,14.6507,14.6603,14.6491,14.6587,39526,true
ZSMPC,2026-09-03T14:15:00Z,14.6587,14.6839,14.6526,14.6777,54843,true
ZSMPC,2026-09-03T14:20:00Z,14.6777,14.6905,14.6666,14.6794,34188,true
ZSMPC,2026-09-03T14:25:00Z,14.6794,14.6899,14.6341,14.6445,40026,true
ZSMPC,2026-09-03T14:30:00Z,14.6445,14.6849,14.6345,14.6749,77979,true
ZSMPC,2026-09-03T14:35:00Z,14.6749,14.6805,14.6477,14.6533,46325,true
ZSMPC,2026-09-03T14:40:00Z,14.6533,14.6699,14.6437,14.6603,32527,true
ZSMPC,2026-09-03T14:45:00Z,14.6603,14.6707,14.6589,14.6693,59141,true
ZSMPC,2026-09-03T14:50:00Z,14.6693,14.6772,14.6657,14.6736,45326,true
ZSMPC,2026-09-03T14:55:00Z,14.6736,14.678,14.6265,14.6309,35126,true
ZSMPC,2026-09-03T15:00:00Z,14.6309,14.6436,14.5852,14.5979,48419,true
ZSMPC,2026-09-03T15:05:00Z,14.5979,14.6411,14.5907,14.6339,43767,true
ZSMPC,2026-09-03T15:10:00Z,14.6339,14.6365,14.624,14.6267,51119,true
ZSMPC,2026-09-03T15:15:00Z,14.6267,14.6355,14.6026,14.6114,65299,true
ZSMPC,2026-09-03T15:20:00Z,14.6114,14.6298,14.55,14.5684,34007,true
ZSMPC,2026-09-03T15:25:00Z,14.5684,14.5827,14.563,14.5772,34152,true
ZSMPC,2026-09-03T15:30:00Z,14.5772,14.6459,14.5605,14.6291,61303,true
ZSMPC,2026-09-03T15:35:00Z,14.6291,14.6324,14.6059,14.6092,43192,true
ZSMPC,2026-09-03T15:40:00Z,14.6092,14.6096,14.5653,14.5656,43174,true
ZSMPC,2026-09-03T15:45:00Z,14.5656,14.5824,14.5532,14.57,36352,true
ZSMPC,2026-09-03T15:50:00Z,14.57,14.586,14.5637,14.5797,51899,true
ZSMPC,2026-09-03T15:55:00Z,14.5797,14.5801,14.5724,14.5728,34366,true
ZSMPC,2026-09-03T16:00:00Z,14.5728,14.583,14.5414,14.5516,52616,true
ZSMPC,2026-09-03T16:05:00Z,14.5516,14.6025,14.5353,14.5862,36062,true
ZSMPC,2026-09-03T16:10:00Z,14.5862,14.6285,14.5715,14.6138,57548,true
ZSMPC,2026-09-03T16:15:00Z,14.6138,14.6343,14.6081,14.6285,48915,true
ZSMPC,2026-09-03T16:20:00Z,14.6285,14.6747,14.6215,14.6676,35974,true
ZSMPC,2026-09-03T16:25:00Z,14.6676,14.7019,14.6466,14.6808,44839,true
ZSMPC,2026-09-03T16:30:00Z,14.6808,14.6903,14.6693,14.6787,43727,true
ZSMPC,2026-09-03T16:35:00Z,14.6787,14.6963,14.6693,14.6868,41661,true
ZSMPC,2026-09-03T16:40:00Z,14.6868,14.695,14.6672,14.6754,29533,true
ZSMPC,2026-09-03T16:45:00Z,14.6754,14.6795,14.6671,14.6711,29074,true
ZSMPC,2026-09-03T16:50:00Z,14.6711,14.7373,14.6623,14.7284,36825,true
ZSMPC,2026-09-03T16:55:00Z,14.7284,14.7455,14.7192,14.7364,36468,true
ZSMPC,2026-09-03T17:00:00Z,14.7364,14.7463,14.6897,14.6997,35335,true
ZSMPC,2026-09-03T17:05:00Z,14.6997,14.7501,14.6982,14.7487,45857,true
ZSMPC,2026-09-03T17:10:00Z,14.7487,14.8141,14.7336,14.799,33831,true
ZSMPC,2026-09-03T17:15:00Z,14.799,14.8029,14.7739,14.7778,64402,true
ZSMPC,2026-09-03T17:20:00Z,14.7778,14.7856,14.7706,14.7784,30425,true
ZSMPC,2026-09-03T17:25:00Z,14.7784,14.7972,14.7667,14.7855,31383,true
ZSMPC,2026-09-03T17:30:00Z,14.7855,14.7937,14.7606,14.7687,40526,true
ZSMPC,2026-09-03T17:35:00Z,14.7687,14.8023,14.7541,14.7878,26155,true
ZSMPC,2026-09-03T17:40:00Z,14.7878,14.8368,14.7804,14.8294,38852,true
ZSMPC,2026-09-03T17:45:00Z,14.8294,14.8379,14.8213,14.8298,44155,true
ZSMPC,2026-09-03T17:50:00Z,14.8298,14.8679,14.8284,14.8665,36792,true
ZSMPC,2026-09-03T17:55:00Z,14.8665,14.8841,14.8139,14.8315,42739,true
ZSMPC,2026-09-03T18:00:00Z,14.8315,14.8599,14.8269,14.8552,33914,true
ZSMPC,2026-09-03T18:05:00Z,14.8552,14.896,14.8412,14.8819,53117,true
ZSMPC,2026-09-03T18:10:00Z,14.8819,14.8868,14.8799,14.8847,44496,true
ZSMPC,2026-09-03T18:15:00Z,14.8847,14.9247,14.8702,14.9102,36675,true
ZSMPC,2026-09-03T18:20:00Z,14.9102,14.9359,14.8996,14.9253,33436,true
ZSMPC,2026-09-03T18:25:00Z,14.9253,14.9286,14.9136,14.9169,35572,true
ZSMPC,2026-09-03T18:30:00Z,14.9169,14.9515,14.9157,14.9503,40939,true
ZSMPC,2026-09-03T18:35:00Z,14.9503,14.961,14.922,14.9326,34611,true
ZSMPC,2026-09-03T18:40:00Z,14.9326,14.9448,14.9039,14.916,54854,true
ZSMPC,2026-09-03T18:45:00Z,14.916,14.9253,14.897,14.9063,76279,true
ZSMPC,2026-09-03T18:50:00Z,14.9063,14.9148,14.8764,14.8849,37853,true
ZSMPC,2026-09-03T18:55:00Z,14.8849,14.8859,14.8603,14.8613,87556,true
ZSMPC,2026-09-03T19:00:00Z,14.8613,14.8893,14.8228,14.8508,45947,true
ZSMPC,2026-09-03T19:05:00Z,14.8508,14.8651,14.8493,14.8636,48092,true
ZSMPC,2026-09-03T19:10:00Z,14.8636,14.8673,14.8596,14.8632,41058,true
ZSMPC,2026-09-03T19:15:00Z,14.8632,14.873,14.8614,14.8712,52178,true
ZSMPC,2026-09-03T19:20:00Z,14.8712,14.895,14.8708,14.8946,48566,true
ZSMPC,2026-09-03T19:25:00Z,14.8946,14.904,14.8607,14.8701,39853,true
ZSMPC,2026-09-03T19:30:00Z,14.8701,14.9363,14.8407,14.9068,49206,true
ZSMPC,2026-09-03T19:35:00Z,14.9068,14.9328,14.9016,14.9275,56723,true
ZSMPC,2026-09-03T19:40:00Z,14.9275,14.9731,14.9236,14.9691,58242,true
ZSMPC,2026-09-03T19:45:00Z,14.9691,14.9807,14.9344,14.9461,68612,true
ZSMPC,2026-09-03T19:50:00Z,14.9461,14.9568,14.9372,14.9479,89711,true
ZSMPC,2026-09-03T19:55:00Z,14.9479,14.9673,14.9257,14.945,95265,true
ZSMPC,2026-09-04T13:30:00Z,14.945,14.9736,14.9362,14.9647,108755,true
ZSMPC,2026-09-04T13:35:00Z,14.9647,14.9654,14.9529,14.9536,74480,true
ZSMPC,2026-09-04T13:40:00Z,14.9536,14.9572,14.9448,14.9485,51861,true
ZSMPC,2026-09-04T13:45:00Z,14.9485,14.9681,14.9257,14.9452,88154,true
ZSMPC,2026-09-04T13:50:00Z,14.9452,14.987,14.9254,14.9672,66076,true
ZSMPC,2026-09-04T13:55:00Z,14.9672,14.9737,14.9577,14.9642,44336,true
ZSMPC,2026-09-04T14:00:00Z,14.9642,14.9881,14.9633,14.9872,54730,true
ZSMPC,2026-09-04T14:05:00Z,14.9872,14.9993,14.9821,14.9942,60810,true
ZSMPC,2026-09-04T14:10:00Z,14.9942,14.997,14.9558,14.9586,53006,true
ZSMPC,2026-09-04T14:15:00Z,14.9586,14.9745,14.939,14.9549,57687,true
ZSMPC,2026-09-04T14:20:00Z,14.9549,14.9834,14.9522,14.9806,60956,true
ZSMPC,2026-09-04T14:25:00Z,14.9806,14.9847,14.9643,14.9683,34570,true
ZSMPC,2026-09-04T14:30:00Z,14.9683,14.9981,14.9631,14.9929,40738,true
ZSMPC,2026-09-04T14:35:00Z,14.9929,15.0093,14.9513,14.9677,49524,true
ZSMPC,2026-09-04T14:40:00Z,14.9677,14.9681,14.9603,14.9608,53998,true
ZSMPC,2026-09-04T14:45:00Z,14.9608,14.9746,14.9317,14.9454,29484,true
ZSMPC,2026-09-04T14:50:00Z,14.9454,14.9663,14.9119,14.9328,30104,true
ZSMPC,2026-09-04T14:55:00Z,14.9328,14.984,14.9147,14.9659,53461,true
ZSMPC,2026-09-04T15:00:00Z,14.9659,14.9748,14.9231,14.9319,49572,true
ZSMPC,2026-09-04T15:05:00Z,14.9319,14.9523,14.9109,14.9313,48848,true
ZSMPC,2026-09-04T15:10:00Z,14.9313,14.9479,14.8999,14.9165,33137,true
ZSMPC,2026-09-04T15:15:00Z,14.9165,14.9182,14.9001,14.9018,27391,true
ZSMPC,2026-09-04T15:20:00Z,14.9018,14.9296,14.8506,14.8784,45625,true
ZSMPC,2026-09-04T15:25:00Z,14.8784,14.8923,14.842,14.8559,46866,true
ZSMPC,2026-09-04T15:30:00Z,14.8559,14.8652,14.8466,14.8559,50568,true
ZSMPC,2026-09-04T15:35:00Z,14.8559,14.8649,14.8459,14.8549,36551,true
ZSMPC,2026-09-04T15:40:00Z,14.8549,14.8879,14.8469,14.88,42003,true
ZSMPC,2026-09-04T15:45:00Z,14.88,14.8863,14.8746,14.881,40091,true
ZSMPC,2026-09-04T15:50:00Z,14.881,14.8902,14.8794,14.8887,45672,true
ZSMPC,2026-09-04T15:55:00Z,14.8887,14.9048,14.8806,14.8968,44036,true
ZSMPC,2026-09-04T16:00:00Z,14.8968,14.9072,14.8894,14.8998,47269,true
ZSMPC,2026-09-04T16:05:00Z,14.8998,14.9066,14.8888,14.8956,48346,true
ZSMPC,2026-09-04T16:10:00Z,14.8956,14.8985,14.88,14.8829,34833,true
ZSMPC,2026-09-04T16:15:00Z,14.8829,14.8952,14.8322,14.8445,32966,true
ZSMPC,2026-09-04T16:20:00Z,14.8445,14.8634,14.8072,14.8261,44790,true
ZSMPC,2026-09-04T16:25:00Z,14.8261,14.8439,14.8099,14.8277,31033,true
ZSMPC,2026-09-04T16:30:00Z,14.8277,14.8487,14.8254,14.8464,27420,true
ZSMPC,2026-09-04T16:35:00Z,14.8464,14.8913,14.8331,14.878,28211,true
ZSMPC,2026-09-04T16:40:00Z,14.878,14.8991,14.8627,14.8838,34572,true
ZSMPC,2026-09-04T16:45:00Z,14.8838,14.9302,14.8685,14.9148,27078,true
ZSMPC,2026-09-04T16:50:00Z,14.9148,14.9563,14.9129,14.9544,59406,true
ZSMPC,2026-09-04T16:55:00Z,14.9544,14.9559,14.9516,14.9531,44082,true
ZSMPC,2026-09-04T17:00:00Z,14.9531,14.9944,14.9309,14.9722,22076,true
ZSMPC,2026-09-04T17:05:00Z,14.9722,14.9779,14.971,14.9768,40498,true
ZSMPC,2026-09-04T17:10:00Z,14.9768,14.9939,14.9563,14.9734,42921,true
ZSMPC,2026-09-04T17:15:00Z,14.9734,15.0116,14.9622,15.0004,29868,true
ZSMPC,2026-09-04T17:20:00Z,15.0004,15.0241,14.9921,15.0158,72310,true
ZSMPC,2026-09-04T17:25:00Z,15.0158,15.0203,15.0101,15.0146,37478,true
ZSMPC,2026-09-04T17:30:00Z,15.0146,15.0564,14.9902,15.032,59050,true
ZSMPC,2026-09-04T17:35:00Z,15.032,15.0481,15.0203,15.0364,37789,true
ZSMPC,2026-09-04T17:40:00Z,15.0364,15.0742,15.0318,15.0695,31898,true
ZSMPC,2026-09-04T17:45:00Z,15.0695,15.0965,15.0566,15.0836,37425,true
ZSMPC,2026-09-04T17:50:00Z,15.0836,15.0874,15.0781,15.0819,67264,true
ZSMPC,2026-09-04T17:55:00Z,15.0819,15.1268,15.0577,15.1026,37457,true
ZSMPC,2026-09-04T18:00:00Z,15.1026,15.1367,15.0928,15.1269,34940,true
ZSMPC,2026-09-04T18:05:00Z,15.1269,15.1632,15.1239,15.1602,34247,true
ZSMPC,2026-09-04T18:10:00Z,15.1602,15.1695,15.1419,15.1512,41185,true
ZSMPC,2026-09-04T18:15:00Z,15.1512,15.18,15.1447,15.1736,38949,true
ZSMPC,2026-09-04T18:20:00Z,15.1736,15.1796,15.1647,15.1707,45655,true
ZSMPC,2026-09-04T18:25:00Z,15.1707,15.206,15.0758,15.1112,45505,true
ZSMPC,2026-09-04T18:30:00Z,15.1112,15.1187,15.0747,15.0823,54625,true
ZSMPC,2026-09-04T18:35:00Z,15.0823,15.1003,15.0498,15.0678,60784,true
ZSMPC,2026-09-04T18:40:00Z,15.0678,15.1646,15.043,15.1399,39903,true
ZSMPC,2026-09-04T18:45:00Z,15.1399,15.1555,15.1354,15.151,33784,true
ZSMPC,2026-09-04T18:50:00Z,15.151,15.2087,15.1375,15.1953,56630,true
ZSMPC,2026-09-04T18:55:00Z,15.1953,15.2071,15.1694,15.1812,66267,true
ZSMPC,2026-09-04T19:00:00Z,15.1812,15.1948,15.1733,15.1869,30206,true
ZSMPC,2026-09-04T19:05:00Z,15.1869,15.2002,15.1313,15.1446,68359,true
ZSMPC,2026-09-04T19:10:00Z,15.1446,15.1472,15.1438,15.1464,38396,true
ZSMPC,2026-09-04T19:15:00Z,15.1464,15.1539,15.1317,15.1392,52804,true
ZSMPC,2026-09-04T19:20:00Z,15.1392,15.1537,15.0955,15.1101,34936,true
ZSMPC,2026-09-04T19:25:00Z,15.1101,15.1187,15.0692,15.0778,45957,true
ZSMPC,2026-09-04T19:30:00Z,15.0778,15.1008,15.0686,15.0916,43750,true
ZSMPC,2026-09-04T19:35:00Z,15.0916,15.1098,15.0624,15.0806,62241,true
ZSMPC,2026-09-04T19:40:00Z,15.0806,15.099,15.0719,15.0904,35723,true
ZSMPC,2026-09-04T19:45:00Z,15.0904,15.1136,15.0814,15.1046,68681,true
ZSMPC,2026-09-04T19:50:00Z,15.1046,15.1067,15.0935,15.0956,93044,true
ZSMPC,2026-09-04T19:55:00Z,15.0956,15.1109,15.0655,15.0808,88612,true
ZSMPC,2026-09-08T13:30:00Z,15.0808,15.1017,15.0133,15.0342,61664,true
ZSMPC,2026-09-08T13:35:00Z,15.0342,15.0656,15.0075,15.0389,87296,true
ZSMPC,2026-09-08T13:40:00Z,15.0389,15.0457,15.0163,15.0232,104421,true
ZSMPC,2026-09-08T13:45:00Z,15.0232,15.0342,14.9742,14.9853,72170,true
ZSMPC,2026-09-08T13:50:00Z,14.9853,15.0354,14.9777,15.0279,59385,true
ZSMPC,2026-09-08T13:55:00Z,15.0279,15.0379,15.0084,15.0185,69141,true
ZSMPC,2026-09-08T14:00:00Z,15.0185,15.0586,15.0152,15.0554,52572,true
ZSMPC,2026-09-08T14:05:00Z,15.0554,15.0783,15.0548,15.0777,60189,true
ZSMPC,2026-09-08T14:10:00Z,15.0777,15.0862,15.063,15.0715,45856,true
ZSMPC,2026-09-08T14:15:00Z,15.0715,15.0852,15.06,15.0738,31476,true
ZSMPC,2026-09-08T14:20:00Z,15.0738,15.0944,15.0485,15.0691,52680,true
ZSMPC,2026-09-08T14:25:00Z,15.0691,15.0835,15.0587,15.0731,43646,true
ZSMPC,2026-09-08T14:30:00Z,15.0731,15.0946,15.0713,15.0928,52192,true
ZSMPC,2026-09-08T14:35:00Z,15.0928,15.0953,15.0497,15.0523,72291,true
ZSMPC,2026-09-08T14:40:00Z,15.0523,15.0769,15.0498,15.0744,43888,true
ZSMPC,2026-09-08T14:45:00Z,15.0744,15.0918,15.0427,15.0602,71565,true
ZSMPC,2026-09-08T14:50:00Z,15.0602,15.0639,15.0382,15.0419,53818,true
ZSMPC,2026-09-08T14:55:00Z,15.0419,15.0538,15.0408,15.0526,39086,true
ZSMPC,2026-09-08T15:00:00Z,15.0526,15.0656,15.0471,15.0601,29730,true
ZSMPC,2026-09-08T15:05:00Z,15.0601,15.0624,15.0143,15.0167,36398,true
ZSMPC,2026-09-08T15:10:00Z,15.0167,15.0293,15.0131,15.0257,42587,true
ZSMPC,2026-09-08T15:15:00Z,15.0257,15.0408,14.9955,15.0106,34795,true
ZSMPC,2026-09-08T15:20:00Z,15.0106,15.0138,14.9955,14.9987,34785,true
ZSMPC,2026-09-08T15:25:00Z,14.9987,15.0139,14.9497,14.9648,49143,true
ZSMPC,2026-09-08T15:30:00Z,14.9648,14.9671,14.9462,14.9485,29627,true
ZSMPC,2026-09-08T15:35:00Z,14.9485,14.9655,14.9455,14.9625,50220,true
ZSMPC,2026-09-08T15:40:00Z,14.9625,14.9698,14.9422,14.9495,35180,true
ZSMPC,2026-09-08T15:45:00Z,14.9495,14.9771,14.8807,14.9083,31264,true
ZSMPC,2026-09-08T15:50:00Z,14.9083,14.9111,14.9077,14.9105,52855,true
ZSMPC,2026-09-08T15:55:00Z,14.9105,14.9274,14.8848,14.9017,46780,true
ZSMPC,2026-09-08T16:00:00Z,14.9017,14.943,14.8744,14.9157,42970,true
ZSMPC,2026-09-08T16:05:00Z,14.9157,14.9208,14.903,14.9081,35769,true
ZSMPC,2026-09-08T16:10:00Z,14.9081,14.9304,14.8373,14.8596,50104,true
ZSMPC,2026-09-08T16:15:00Z,14.8596,14.8857,14.8465,14.8727,39029,true
ZSMPC,2026-09-08T16:20:00Z,14.8727,14.8841,14.8653,14.8767,30351,true
ZSMPC,2026-09-08T16:25:00Z,14.8767,14.8815,14.8671,14.8719,37216,true
ZSMPC,2026-09-08T16:30:00Z,14.8719,14.8993,14.8302,14.8576,51048,true
ZSMPC,2026-09-08T16:35:00Z,14.8576,14.8585,14.8366,14.8375,46650,true
ZSMPC,2026-09-08T16:40:00Z,14.8375,14.8477,14.8259,14.8361,33601,true
ZSMPC,2026-09-08T16:45:00Z,14.8361,14.8891,14.8317,14.8847,37251,true
ZSMPC,2026-09-08T16:50:00Z,14.8847,14.9005,14.8839,14.8998,31095,true
ZSMPC,2026-09-08T16:55:00Z,14.8998,14.9164,14.872,14.8886,41810,true
ZSMPC,2026-09-08T17:00:00Z,14.8886,14.8981,14.8699,14.8795,42962,true
ZSMPC,2026-09-08T17:05:00Z,14.8795,14.8861,14.8524,14.859,27045,true
ZSMPC,2026-09-08T17:10:00Z,14.859,14.8785,14.8575,14.877,49964,true
ZSMPC,2026-09-08T17:15:00Z,14.877,14.907,14.8632,14.8932,26886,true
ZSMPC,2026-09-08T17:20:00Z,14.8932,14.9142,14.8462,14.8673,57501,true
ZSMPC,2026-09-08T17:25:00Z,14.8673,14.884,14.8668,14.8835,43526,true
ZSMPC,2026-09-08T17:30:00Z,14.8835,14.9042,14.8387,14.8595,47102,true
ZSMPC,2026-09-08T17:35:00Z,14.8595,14.8638,14.8538,14.8582,29467,true
ZSMPC,2026-09-08T17:40:00Z,14.8582,14.8604,14.8484,14.8506,30745,true
ZSMPC,2026-09-08T17:45:00Z,14.8506,14.8518,14.8193,14.8205,38234,true
ZSMPC,2026-09-08T17:50:00Z,14.8205,14.8216,14.8075,14.8086,48550,true
ZSMPC,2026-09-08T17:55:00Z,14.8086,14.8175,14.7999,14.8088,35956,true
ZSMPC,2026-09-08T18:00:00Z,14.8088,14.8342,14.8059,14.8314,41743,true
ZSMPC,2026-09-08T18:05:00Z,14.8314,14.8535,14.8248,14.847,46865,true
ZSMPC,2026-09-08T18:10:00Z,14.847,14.8772,14.8226,14.8528,49677,true
ZSMPC,2026-09-08T18:15:00Z,14.8528,14.8732,14.8465,14.8669,53930,true
ZSMPC,2026-09-08T18:20:00Z,14.8669,14.8734,14.8225,14.8291,54135,true
ZSMPC,2026-09-08T18:25:00Z,14.8291,14.8564,14.8254,14.8527,50829,true
ZSMPC,2026-09-08T18:30:00Z,14.8527,14.8722,14.8432,14.8626,43542,true
ZSMPC,2026-09-08T18:35:00Z,14.8626,14.8707,14.8478,14.8559,45336,true
ZSMPC,2026-09-08T18:40:00Z,14.8559,14.8798,14.8531,14.8771,36178,true
ZSMPC,2026-09-08T18:45:00Z,14.8771,14.8827,14.8688,14.8745,57228,true
ZSMPC,2026-09-08T18:50:00Z,14.8745,14.8936,14.8663,14.8854,68034,true
ZSMPC,2026-09-08T18:55:00Z,14.8854,14.8868,14.8709,14.8724,37605,true
ZSMPC,2026-09-08T19:00:00Z,14.8724,14.8809,14.8407,14.8492,42370,true
ZSMPC,2026-09-08T19:05:00Z,14.8492,14.8569,14.8407,14.8483,96042,true
ZSMPC,2026-09-08T19:10:00Z,14.8483,14.8487,14.8474,14.8478,42969,true
ZSMPC,2026-09-08T19:15:00Z,14.8478,14.8722,14.8301,14.8545,33217,true
ZSMPC,2026-09-08T19:20:00Z,14.8545,14.8556,14.8469,14.8481,40281,true
ZSMPC,2026-09-08T19:25:00Z,14.8481,14.8514,14.8433,14.8467,52442,true
ZSMPC,2026-09-08T19:30:00Z,14.8467,14.8482,14.8363,14.8378,89263,true
ZSMPC,2026-09-08T19:35:00Z,14.8378,14.8652,14.8288,14.8563,57527,true
ZSMPC,2026-09-08T19:40:00Z,14.8563,14.8722,14.8446,14.8605,56487,true
ZSMPC,2026-09-08T19:45:00Z,14.8605,14.8947,14.84,14.8741,62386,true
ZSMPC,2026-09-08T19:50:00Z,14.8741,14.8836,14.8617,14.8711,50020,true
ZSMPC,2026-09-08T19:55:00Z,14.8711,14.8804,14.84,14.8492,86779,true
ZSMPC,2026-09-09T13:30:00Z,14.8492,14.8711,14.8475,14.8694,67682,true
ZSMPC,2026-09-09T13:35:00Z,14.8694,14.8705,14.8617,14.8628,97166,true
ZSMPC,2026-09-09T13:40:00Z,14.8628,14.8725,14.8162,14.826,69270,true
ZSMPC,2026-09-09T13:45:00Z,14.826,14.8314,14.8144,14.8199,78876,true
ZSMPC,2026-09-09T13:50:00Z,14.8199,14.8681,14.8086,14.8568,66476,true
ZSMPC,2026-09-09T13:55:00Z,14.8568,14.8875,14.8425,14.8733,55139,true
ZSMPC,2026-09-09T14:00:00Z,14.8733,14.8941,14.8472,14.8681,61924,true
ZSMPC,2026-09-09T14:05:00Z,14.8681,14.8813,14.8596,14.8728,56391,true
ZSMPC,2026-09-09T14:10:00Z,14.8728,14.9037,14.8565,14.8874,60843,true
ZSMPC,2026-09-09T14:15:00Z,14.8874,14.9064,14.8724,14.8914,47593,true
ZSMPC,2026-09-09T14:20:00Z,14.8914,14.9045,14.8694,14.8825,55778,true
ZSMPC,2026-09-09T14:25:00Z,14.8825,14.8888,14.8736,14.8799,59055,true
ZSMPC,2026-09-09T14:30:00Z,14.8799,14.8841,14.8227,14.8268,32859,true
ZSMPC,2026-09-09T14:35:00Z,14.8268,14.8306,14.8233,14.8272,48060,true
ZSMPC,2026-09-09T14:40:00Z,14.8272,14.8361,14.7944,14.8034,28236,true
ZSMPC,2026-09-09T14:45:00Z,14.8034,14.8161,14.7987,14.8115,44939,true
ZSMPC,2026-09-09T14:50:00Z,14.8115,14.8325,14.8025,14.8235,42612,true
ZSMPC,2026-09-09T14:55:00Z,14.8235,14.8568,14.8108,14.8442,47941,true
ZSMPC,2026-09-09T15:00:00Z,14.8442,14.8526,14.8431,14.8516,49825,true
ZSMPC,2026-09-09T15:05:00Z,14.8516,14.8693,14.8271,14.8448,42323,true
ZSMPC,2026-09-09T15:10:00Z,14.8448,14.8645,14.8338,14.8534,44065,true
ZSMPC,2026-09-09T15:15:00Z,14.8534,14.8535,14.8499,14.85,28353,true
ZSMPC,2026-09-09T15:20:00Z,14.85,14.8695,14.8443,14.8638,40775,true
ZSMPC,2026-09-09T15:25:00Z,14.8638,14.9143,14.841,14.8915,29587,true
ZSMPC,2026-09-09T15:30:00Z,14.8915,14.8946,14.8841,14.8872,61237,true
ZSMPC,2026-09-09T15:35:00Z,14.8872,14.8958,14.8245,14.8331,28670,true
ZSMPC,2026-09-09T15:40:00Z,14.8331,14.8381,14.8156,14.8206,39016,true
ZSMPC,2026-09-09T15:45:00Z,14.8206,14.8585,14.8129,14.8508,24869,true
ZSMPC,2026-09-09T15:50:00Z,14.8508,14.8577,14.833,14.8399,44044,true
ZSMPC,2026-09-09T15:55:00Z,14.8399,14.8405,14.8296,14.8302,39661,true
ZSMPC,2026-09-09T16:00:00Z,14.8302,14.8721,14.8216,14.8635,44959,true
ZSMPC,2026-09-09T16:05:00Z,14.8635,14.8816,14.8451,14.8632,55613,true
ZSMPC,2026-09-09T16:10:00Z,14.8632,14.8687,14.8441,14.8496,38068,true
ZSMPC,2026-09-09T16:15:00Z,14.8496,14.8616,14.7917,14.8037,44100,true
ZSMPC,2026-09-09T16:20:00Z,14.8037,14.8124,14.8036,14.8123,34598,true
ZSMPC,2026-09-09T16:25:00Z,14.8123,14.8258,14.7867,14.8002,43267,true
ZSMPC,2026-09-09T16:30:00Z,14.8002,14.8285,14.7927,14.8211,62133,true
ZSMPC,2026-09-09T16:35:00Z,14.8211,14.8507,14.8029,14.8325,38088,true
ZSMPC,2026-09-09T16:40:00Z,14.8325,14.8954,14.8173,14.8802,38625,true
ZSMPC,2026-09-09T16:45:00Z,14.8802,14.897,14.8752,14.892,29647,true
ZSMPC,2026-09-09T16:50:00Z,14.892,14.9315,14.8844,14.9239,44189,true
ZSMPC,2026-09-09T16:55:00Z,14.9239,14.9296,14.8945,14.9002,53156,true
ZSMPC,2026-09-09T17:00:00Z,14.9002,14.9163,14.8601,14.8762,34943,true
ZSMPC,2026-09-09T17:05:00Z,14.8762,14.8975,14.8387,14.86,35780,true
ZSMPC,2026-09-09T17:10:00Z,14.86,14.8662,14.8497,14.856,40320,true
ZSMPC,2026-09-09T17:15:00Z,14.856,14.8576,14.8549,14.8564,36052,true
ZSMPC,2026-09-09T17:20:00Z,14.8564,14.9113,14.8351,14.89,42404,true
ZSMPC,2026-09-09T17:25:00Z,14.89,14.8968,14.8764,14.8832,40117,true
ZSMPC,2026-09-09T17:30:00Z,14.8832,14.905,14.8578,14.8796,36310,true
ZSMPC,2026-09-09T17:35:00Z,14.8796,14.891,14.8719,14.8833,37177,true
ZSMPC,2026-09-09T17:40:00Z,14.8833,14.9124,14.8746,14.9037,39072,true
ZSMPC,2026-09-09T17:45:00Z,14.9037,14.9401,14.8701,14.9065,47555,true
ZSMPC,2026-09-09T17:50:00Z,14.9065,14.9276,14.8923,14.9133,60357,true
ZSMPC,2026-09-09T17:55:00Z,14.9133,14.9277,14.9057,14.9201,48960,true
ZSMPC,2026-09-09T18:00:00Z,14.9201,14.9463,14.9105,14.9367,42132,true
ZSMPC,2026-09-09T18:05:00Z,14.9367,14.9684,14.9181,14.9498,58334,true
ZSMPC,2026-09-09T18:10:00Z,14.9498,14.9596,14.9398,14.9496,32997,true
ZSMPC,2026-09-09T18:15:00Z,14.9496,14.9783,14.9354,14.9641,41397,true
ZSMPC,2026-09-09T18:20:00Z,14.9641,14.9853,14.9181,14.9392,55228,true
ZSMPC,2026-09-09T18:25:00Z,14.9392,14.9464,14.9073,14.9145,48219,true
ZSMPC,2026-09-09T18:30:00Z,14.9145,14.9471,14.914,14.9466,33293,true
ZSMPC,2026-09-09T18:35:00Z,14.9466,14.9493,14.9345,14.9372,32410,true
ZSMPC,2026-09-09T18:40:00Z,14.9372,14.9374,14.9367,14.9369,36032,true
ZSMPC,2026-09-09T18:45:00Z,14.9369,14.9553,14.9276,14.946,48549,true
ZSMPC,2026-09-09T18:50:00Z,14.946,14.9512,14.9295,14.9348,47931,true
ZSMPC,2026-09-09T18:55:00Z,14.9348,14.9675,14.8939,14.9266,50456,true
ZSMPC,2026-09-09T19:00:00Z,14.9266,14.932,14.8941,14.8995,61764,true
ZSMPC,2026-09-09T19:05:00Z,14.8995,14.9177,14.8899,14.9081,42387,true
ZSMPC,2026-09-09T19:10:00Z,14.9081,14.9294,14.8988,14.9201,50182,true
ZSMPC,2026-09-09T19:15:00Z,14.9201,14.921,14.9142,14.9151,79220,true
ZSMPC,2026-09-09T19:20:00Z,14.9151,14.9439,14.9077,14.9365,82411,true
ZSMPC,2026-09-09T19:25:00Z,14.9365,14.9801,14.924,14.9676,56752,true
ZSMPC,2026-09-09T19:30:00Z,14.9676,14.9872,14.9531,14.9728,65626,true
ZSMPC,2026-09-09T19:35:00Z,14.9728,14.9859,14.968,14.9812,59475,true
ZSMPC,2026-09-09T19:40:00Z,14.9812,14.9973,14.9575,14.9736,53868,true
ZSMPC,2026-09-09T19:45:00Z,14.9736,14.9812,14.9511,14.9587,69197,true
ZSMPC,2026-09-09T19:50:00Z,14.9587,14.9937,14.9308,14.9658,52171,true
ZSMPC,2026-09-09T19:55:00Z,14.9658,14.9764,14.9408,14.9513,115572,true
ZSMPC,2026-09-10T13:30:00Z,14.9513,14.9673,14.9241,14.9401,107027,true
ZSMPC,2026-09-10T13:35:00Z,14.9401,14.9518,14.9126,14.9242,66507,true
ZSMPC,2026-09-10T13:40:00Z,14.9242,14.9736,14.905,14.9543,76611,true
ZSMPC,2026-09-10T13:45:00Z,14.9543,14.9761,14.9431,14.9649,97454,true
ZSMPC,2026-09-10T13:50:00Z,14.9649,14.9713,14.949,14.9553,78009,true
ZSMPC,2026-09-10T13:55:00Z,14.9553,14.9826,14.9527,14.9801,80682,true
ZSMPC,2026-09-10T14:00:00Z,14.9801,14.9945,14.9502,14.9647,90502,true
ZSMPC,2026-09-10T14:05:00Z,14.9647,15.0152,14.948,14.9986,54306,true
ZSMPC,2026-09-10T14:10:00Z,14.9986,15.0219,14.9802,15.0036,55107,true
ZSMPC,2026-09-10T14:15:00Z,15.0036,15.0056,14.998,15.0,70887,true
ZSMPC,2026-09-10T14:20:00Z,15.0,15.0052,14.98,14.9852,60013,true
ZSMPC,2026-09-10T14:25:00Z,14.9852,15.0126,14.9728,15.0002,38821,true
ZSMPC,2026-09-10T14:30:00Z,15.0002,15.0456,14.9933,15.0387,42139,true
ZSMPC,2026-09-10T14:35:00Z,15.0387,15.0531,15.0099,15.0243,60469,true
ZSMPC,2026-09-10T14:40:00Z,15.0243,15.0245,15.0078,15.0081,50828,true
ZSMPC,2026-09-10T14:45:00Z,15.0081,15.0462,14.9995,15.0377,43780,true
ZSMPC,2026-09-10T14:50:00Z,15.0377,15.0431,15.0049,15.0102,27637,true
ZSMPC,2026-09-10T14:55:00Z,15.0102,15.0386,14.9913,15.0196,44957,true
ZSMPC,2026-09-10T15:00:00Z,15.0196,15.0513,15.0144,15.0461,32668,true
ZSMPC,2026-09-10T15:05:00Z,15.0461,15.0484,15.0247,15.027,36199,true
ZSMPC,2026-09-10T15:10:00Z,15.027,15.0351,15.0056,15.0137,87707,true
ZSMPC,2026-09-10T15:15:00Z,15.0137,15.0333,14.9963,15.0159,72625,true
ZSMPC,2026-09-10T15:20:00Z,15.0159,15.0308,14.9774,14.9923,65070,true
ZSMPC,2026-09-10T15:25:00Z,14.9923,15.0193,14.9772,15.0041,38550,true
ZSMPC,2026-09-10T15:30:00Z,15.0041,15.0082,14.9868,14.9909,50895,true
ZSMPC,2026-09-10T15:35:00Z,14.9909,15.009,14.9854,15.0035,43394,true
ZSMPC,2026-09-10T15:40:00Z,15.0035,15.0175,14.9819,14.9958,31057,true
ZSMPC,2026-09-10T15:45:00Z,14.9958,15.0245,14.9775,15.0061,69364,true
ZSMPC,2026-09-10T15:50:00Z,15.0061,15.0392,14.9897,15.0228,41305,true
ZSMPC,2026-09-10T15:55:00Z,15.0228,15.028,15.0116,15.0168,69061,true
ZSMPC,2026-09-10T16:00:00Z,15.0168,15.0277,14.9893,15.0002,35862,true
ZSMPC,2026-09-10T16:05:00Z,15.0002,15.021,14.9737,14.9946,42207,true
ZSMPC,2026-09-10T16:10:00Z,14.9946,15.0039,14.9257,14.935,32605,true
ZSMPC,2026-09-10T16:15:00Z,14.935,14.936,14.9028,14.9038,26610,true
ZSMPC,2026-09-10T16:20:00Z,14.9038,14.9307,14.9006,14.9275,25874,true
ZSMPC,2026-09-10T16:25:00Z,14.9275,14.935,14.9006,14.908,46415,true
ZSMPC,2026-09-10T16:30:00Z,14.908,14.9352,14.8916,14.9187,34470,true
ZSMPC,2026-09-10T16:35:00Z,14.9187,14.932,14.8895,14.9028,43154,true
ZSMPC,2026-09-10T16:40:00Z,14.9028,14.9145,14.8534,14.8651,50777,true
ZSMPC,2026-09-10T16:45:00Z,14.8651,14.8796,14.8592,14.8737,39458,true
ZSMPC,2026-09-10T16:50:00Z,14.8737,14.8746,14.8405,14.8415,42252,true
ZSMPC,2026-09-10T16:55:00Z,14.8415,14.8825,14.8352,14.8763,41499,true
ZSMPC,2026-09-10T17:00:00Z,14.8763,14.8797,14.8756,14.879,52745,true
ZSMPC,2026-09-10T17:05:00Z,14.879,14.926,14.8741,14.921,37204,true
ZSMPC,2026-09-10T17:10:00Z,14.921,14.9318,14.9149,14.9257,69892,true
ZSMPC,2026-09-10T17:15:00Z,14.9257,14.9423,14.8923,14.909,68601,true
ZSMPC,2026-09-10T17:20:00Z,14.909,14.9316,14.8888,14.9114,41304,true
ZSMPC,2026-09-10T17:25:00Z,14.9114,14.9616,14.8887,14.9389,42575,true
ZSMPC,2026-09-10T17:30:00Z,14.9389,14.9392,14.922,14.9222,23262,true
ZSMPC,2026-09-10T17:35:00Z,14.9222,14.9228,14.9162,14.9168,36937,true
ZSMPC,2026-09-10T17:40:00Z,14.9168,14.9319,14.847,14.8622,31091,true
ZSMPC,2026-09-10T17:45:00Z,14.8622,14.8864,14.8494,14.8737,21332,true
ZSMPC,2026-09-10T17:50:00Z,14.8737,14.8812,14.8671,14.8746,35533,true
ZSMPC,2026-09-10T17:55:00Z,14.8746,14.8912,14.8311,14.8477,37041,true
ZSMPC,2026-09-10T18:00:00Z,14.8477,14.8565,14.8082,14.817,45665,true
ZSMPC,2026-09-10T18:05:00Z,14.817,14.8483,14.8028,14.834,51450,true
ZSMPC,2026-09-10T18:10:00Z,14.834,14.8495,14.8324,14.8479,41421,true
ZSMPC,2026-09-10T18:15:00Z,14.8479,14.8529,14.8085,14.8134,39469,true
ZSMPC,2026-09-10T18:20:00Z,14.8134,14.8143,14.7687,14.7696,42586,true
ZSMPC,2026-09-10T18:25:00Z,14.7696,14.7807,14.742,14.7532,43696,true
ZSMPC,2026-09-10T18:30:00Z,14.7532,14.7663,14.7249,14.738,65628,true
ZSMPC,2026-09-10T18:35:00Z,14.738,14.7595,14.7363,14.7577,44685,true
ZSMPC,2026-09-10T18:40:00Z,14.7577,14.7712,14.7282,14.7417,33908,true
ZSMPC,2026-09-10T18:45:00Z,14.7417,14.7678,14.7366,14.7627,34448,true
ZSMPC,2026-09-10T18:50:00Z,14.7627,14.7929,14.7523,14.7825,62087,true
ZSMPC,2026-09-10T18:55:00Z,14.7825,14.809,14.7761,14.8025,31185,true
ZSMPC,2026-09-10T19:00:00Z,14.8025,14.8183,14.7929,14.8087,52953,true
ZSMPC,2026-09-10T19:05:00Z,14.8087,14.8221,14.7836,14.7969,42885,true
ZSMPC,2026-09-10T19:10:00Z,14.7969,14.7997,14.7643,14.7671,51231,true
ZSMPC,2026-09-10T19:15:00Z,14.7671,14.7764,14.7535,14.7629,45708,true
ZSMPC,2026-09-10T19:20:00Z,14.7629,14.7996,14.7625,14.7992,55065,true
ZSMPC,2026-09-10T19:25:00Z,14.7992,14.8009,14.7708,14.7724,57409,true
ZSMPC,2026-09-10T19:30:00Z,14.7724,14.7798,14.7689,14.7762,46513,true
ZSMPC,2026-09-10T19:35:00Z,14.7762,14.7943,14.7676,14.7857,61768,true
ZSMPC,2026-09-10T19:40:00Z,14.7857,14.8042,14.7476,14.7661,130606,true
ZSMPC,2026-09-10T19:45:00Z,14.7661,14.7704,14.746,14.7504,85905,true
ZSMPC,2026-09-10T19:50:00Z,14.7504,14.7664,14.7437,14.7597,79043,true
ZSMPC,2026-09-10T19:55:00Z,14.7597,14.7781,14.7587,14.7771,91103,true
ZSMPC,2026-09-11T13:30:00Z,14.7771,14.7837,14.7433,14.7498,132433,true
ZSMPC,2026-09-11T13:35:00Z,14.7498,14.7581,14.7413,14.7496,122064,true
ZSMPC,2026-09-11T13:40:00Z,14.7496,14.7501,14.7386,14.7391,64280,true
ZSMPC,2026-09-11T13:45:00Z,14.7391,14.7467,14.7062,14.7138,90773,true
ZSMPC,2026-09-11T13:50:00Z,14.7138,14.728,14.691,14.7052,79601,true
ZSMPC,2026-09-11T13:55:00Z,14.7052,14.7054,14.6826,14.6828,46110,true
ZSMPC,2026-09-11T14:00:00Z,14.6828,14.6832,14.6721,14.6724,57702,true
ZSMPC,2026-09-11T14:05:00Z,14.6724,14.6843,14.6717,14.6836,41131,true
ZSMPC,2026-09-11T14:10:00Z,14.6836,14.6871,14.6609,14.6645,59599,true
ZSMPC,2026-09-11T14:15:00Z,14.6645,14.6678,14.6444,14.6478,69832,true
ZSMPC,2026-09-11T14:20:00Z,14.6478,14.6604,14.6426,14.6552,75046,true
ZSMPC,2026-09-11T14:25:00Z,14.6552,14.6679,14.6111,14.6237,36828,true
ZSMPC,2026-09-11T14:30:00Z,14.6237,14.6356,14.6123,14.6241,46005,true
ZSMPC,2026-09-11T14:35:00Z,14.6241,14.6306,14.5711,14.5776,62240,true
ZSMPC,2026-09-11T14:40:00Z,14.5776,14.6146,14.5608,14.5979,57989,true
ZSMPC,2026-09-11T14:45:00Z,14.5979,14.6354,14.5739,14.6114,54811,true
ZSMPC,2026-09-11T14:50:00Z,14.6114,14.6248,14.6033,14.6167,45706,true
ZSMPC,2026-09-11T14:55:00Z,14.6167,14.6275,14.5973,14.6081,40591,true
ZSMPC,2026-09-11T15:00:00Z,14.6081,14.6115,14.5686,14.572,37571,true
ZSMPC,2026-09-11T15:05:00Z,14.572,14.5795,14.5383,14.5458,40196,true
ZSMPC,2026-09-11T15:10:00Z,14.5458,14.5663,14.5328,14.5533,62106,true
ZSMPC,2026-09-11T15:15:00Z,14.5533,14.5612,14.5333,14.5411,26397,true
ZSMPC,2026-09-11T15:20:00Z,14.5411,14.5539,14.5203,14.5331,45146,true
ZSMPC,2026-09-11T15:25:00Z,14.5331,14.5698,14.5191,14.5559,33966,true
ZSMPC,2026-09-11T15:30:00Z,14.5559,14.5667,14.515,14.5258,39445,true
ZSMPC,2026-09-11T15:35:00Z,14.5258,14.5285,14.4885,14.4912,38379,true
ZSMPC,2026-09-11T15:40:00Z,14.4912,14.5242,14.4741,14.5071,28287,true
ZSMPC,2026-09-11T15:45:00Z,14.5071,14.5165,14.4595,14.4689,34250,true
ZSMPC,2026-09-11T15:50:00Z,14.4689,14.4757,14.4486,14.4555,48947,true
ZSMPC,2026-09-11T15:55:00Z,14.4555,14.4709,14.4494,14.4648,52514,true
ZSMPC,2026-09-11T16:00:00Z,14.4648,14.4695,14.4563,14.461,27329,true
ZSMPC,2026-09-11T16:05:00Z,14.461,14.4625,14.4505,14.4521,48207,true
ZSMPC,2026-09-11T16:10:00Z,14.4521,14.4617,14.4424,14.452,45759,true
ZSMPC,2026-09-11T16:15:00Z,14.452,14.465,14.4085,14.4214,33685,true
ZSMPC,2026-09-11T16:20:00Z,14.4214,14.4478,14.4011,14.4275,27289,true
ZSMPC,2026-09-11T16:25:00Z,14.4275,14.4366,14.4056,14.4148,39595,true
ZSMPC,2026-09-11T16:30:00Z,14.4148,14.416,14.4087,14.4099,58819,true
ZSMPC,2026-09-11T16:35:00Z,14.4099,14.4237,14.3825,14.3963,33191,true
ZSMPC,2026-09-11T16:40:00Z,14.3963,14.4722,14.3813,14.4571,53332,true
ZSMPC,2026-09-11T16:45:00Z,14.4571,14.4785,14.4524,14.4737,27873,true
ZSMPC,2026-09-11T16:50:00Z,14.4737,14.4943,14.4539,14.4745,69587,true
ZSMPC,2026-09-11T16:55:00Z,14.4745,14.4923,14.4455,14.4633,39794,true
ZSMPC,2026-09-11T17:00:00Z,14.4633,14.4764,14.4316,14.4446,59050,true
ZSMPC,2026-09-11T17:05:00Z,14.4446,14.4495,14.4282,14.4331,36449,true
ZSMPC,2026-09-11T17:10:00Z,14.4331,14.4818,14.4243,14.473,26249,true
ZSMPC,2026-09-11T17:15:00Z,14.473,14.4878,14.4637,14.4785,39590,true
ZSMPC,2026-09-11T17:20:00Z,14.4785,14.4865,14.433,14.441,39435,true
ZSMPC,2026-09-11T17:25:00Z,14.441,14.495,14.4402,14.4941,35012,true
ZSMPC,2026-09-11T17:30:00Z,14.4941,14.5238,14.4865,14.5161,42378,true
ZSMPC,2026-09-11T17:35:00Z,14.5161,14.5458,14.5058,14.5355,65069,true
ZSMPC,2026-09-11T17:40:00Z,14.5355,14.5355,14.5346,14.5346,53650,true
ZSMPC,2026-09-11T17:45:00Z,14.5346,14.5538,14.5339,14.5531,43295,true
ZSMPC,2026-09-11T17:50:00Z,14.5531,14.5622,14.5158,14.5249,37871,true
ZSMPC,2026-09-11T17:55:00Z,14.5249,14.5315,14.5007,14.5073,26319,true
ZSMPC,2026-09-11T18:00:00Z,14.5073,14.5262,14.4865,14.5054,44373,true
ZSMPC,2026-09-11T18:05:00Z,14.5054,14.5224,14.4855,14.5025,37908,true
ZSMPC,2026-09-11T18:10:00Z,14.5025,14.5324,14.4761,14.506,35550,true
ZSMPC,2026-09-11T18:15:00Z,14.506,14.5643,14.4955,14.5538,46937,true
ZSMPC,2026-09-11T18:20:00Z,14.5538,14.5692,14.5112,14.5266,43980,true
ZSMPC,2026-09-11T18:25:00Z,14.5266,14.5609,14.5067,14.541,43575,true
ZSMPC,2026-09-11T18:30:00Z,14.541,14.5624,14.54,14.5614,39409,true
ZSMPC,2026-09-11T18:35:00Z,14.5614,14.5685,14.5553,14.5624,35505,true
ZSMPC,2026-09-11T18:40:00Z,14.5624,14.5913,14.517,14.5459,39954,true
ZSMPC,2026-09-11T18:45:00Z,14.5459,14.5488,14.5294,14.5323,14890,true
ZSMPC,2026-09-11T18:50:00Z,14.5323,14.5759,14.5268,14.5704,83231,true
ZSMPC,2026-09-11T18:55:00Z,14.5704,14.583,14.5482,14.5607,32207,true
ZSMPC,2026-09-11T19:00:00Z,14.5607,14.5758,14.5341,14.5492,37977,true
ZSMPC,2026-09-11T19:05:00Z,14.5492,14.5593,14.5456,14.5558,46463,true
ZSMPC,2026-09-11T19:10:00Z,14.5558,14.5587,14.5457,14.5486,64425,true
ZSMPC,2026-09-11T19:15:00Z,14.5486,14.5821,14.5442,14.5777,56138,true
ZSMPC,2026-09-11T19:20:00Z,14.5777,14.5847,14.5759,14.5829,56404,true
ZSMPC,2026-09-11T19:25:00Z,14.5829,14.5923,14.5445,14.554,83028,true
ZSMPC,2026-09-11T19:30:00Z,14.554,14.5544,14.5413,14.5417,57142,true
ZSMPC,2026-09-11T19:35:00Z,14.5417,14.562,14.5236,14.5439,41771,true
ZSMPC,2026-09-11T19:40:00Z,14.5439,14.5457,14.5426,14.5444,51470,true
ZSMPC,2026-09-11T19:45:00Z,14.5444,14.5651,14.5155,14.5362,82862,true
ZSMPC,2026-09-11T19:50:00Z,14.5362,14.5738,14.5297,14.5674,95662,true
ZSMPC,2026-09-11T19:55:00Z,14.5674,14.5762,14.5565,14.5654,63709,true
ZSMPC,2026-09-14T13:30:00Z,14.5654,14.5692,14.5358,14.5397,83590,true
ZSMPC,2026-09-14T13:35:00Z,14.5397,14.5431,14.5351,14.5385,113719,true
ZSMPC,2026-09-14T13:40:00Z,14.5385,14.545,14.5061,14.5127,63642,true
ZSMPC,2026-09-14T13:45:00Z,14.5127,14.5172,14.5097,14.5143,96013,true
ZSMPC,2026-09-14T13:50:00Z,14.5143,14.5282,14.4989,14.5128,55059,true
ZSMPC,2026-09-14T13:55:00Z,14.5128,14.5302,14.4684,14.4857,62820,true
ZSMPC,2026-09-14T14:00:00Z,14.4857,14.5025,14.4826,14.4993,48784,true
ZSMPC,2026-09-14T14:05:00Z,14.4993,14.5148,14.4971,14.5126,53180,true
ZSMPC,2026-09-14T14:10:00Z,14.5126,14.5142,14.5117,14.5133,49296,true
ZSMPC,2026-09-14T14:15:00Z,14.5133,14.5328,14.5132,14.5327,65462,true
ZSMPC,2026-09-14T14:20:00Z,14.5327,14.5338,14.5311,14.5322,67054,true
ZSMPC,2026-09-14T14:25:00Z,14.5322,14.5419,14.4845,14.4942,63435,true
ZSMPC,2026-09-14T14:30:00Z,14.4942,14.5021,14.4771,14.4851,45663,true
ZSMPC,2026-09-14T14:35:00Z,14.4851,14.4951,14.4502,14.4602,41779,true
ZSMPC,2026-09-14T14:40:00Z,14.4602,14.4623,14.4145,14.4166,27342,true
ZSMPC,2026-09-14T14:45:00Z,14.4166,14.442,14.4155,14.441,46527,true
ZSMPC,2026-09-14T14:50:00Z,14.441,14.4585,14.425,14.4426,47374,true
ZSMPC,2026-09-14T14:55:00Z,14.4426,14.4788,14.4366,14.4729,58287,true
ZSMPC,2026-09-14T15:00:00Z,14.4729,14.4861,14.4642,14.4774,58590,true
ZSMPC,2026-09-14T15:05:00Z,14.4774,14.4993,14.4287,14.4507,38952,true
ZSMPC,2026-09-14T15:10:00Z,14.4507,14.4589,14.3869,14.3951,30966,true
ZSMPC,2026-09-14T15:15:00Z,14.3951,14.4132,14.3667,14.3848,29825,true
ZSMPC,2026-09-14T15:20:00Z,14.3848,14.3977,14.3802,14.3932,50403,true
ZSMPC,2026-09-14T15:25:00Z,14.3932,14.4221,14.3826,14.4115,40927,true
ZSMPC,2026-09-14T15:30:00Z,14.4115,14.4165,14.3519,14.3569,54789,true
ZSMPC,2026-09-14T15:35:00Z,14.3569,14.3792,14.3478,14.37,38178,true
ZSMPC,2026-09-14T15:40:00Z,14.37,14.3835,14.3634,14.3769,30034,true
ZSMPC,2026-09-14T15:45:00Z,14.3769,14.3937,14.3435,14.3604,73150,true
ZSMPC,2026-09-14T15:50:00Z,14.3604,14.3883,14.3236,14.3515,52670,true
ZSMPC,2026-09-14T15:55:00Z,14.3515,14.363,14.3077,14.3191,61544,true
ZSMPC,2026-09-14T16:00:00Z,14.3191,14.3415,14.3048,14.3272,38771,true
ZSMPC,2026-09-14T16:05:00Z,14.3272,14.3581,14.3263,14.3572,56367,true
ZSMPC,2026-09-14T16:10:00Z,14.3572,14.3836,14.3556,14.382,67256,true
ZSMPC,2026-09-14T16:15:00Z,14.382,14.3985,14.3802,14.3966,35950,true
ZSMPC,2026-09-14T16:20:00Z,14.3966,14.4075,14.3866,14.3974,61337,true
ZSMPC,2026-09-14T16:25:00Z,14.3974,14.3995,14.3776,14.3797,24137,true
ZSMPC,2026-09-14T16:30:00Z,14.3797,14.4061,14.3695,14.3958,41052,true
ZSMPC,2026-09-14T16:35:00Z,14.3958,14.3975,14.3896,14.3913,37420,true
ZSMPC,2026-09-14T16:40:00Z,14.3913,14.4031,14.3536,14.3654,45579,true
ZSMPC,2026-09-14T16:45:00Z,14.3654,14.3683,14.344,14.3468,51984,true
ZSMPC,2026-09-14T16:50:00Z,14.3468,14.3646,14.322,14.3398,43717,true
ZSMPC,2026-09-14T16:55:00Z,14.3398,14.3588,14.3003,14.3193,47913,true
ZSMPC,2026-09-14T17:00:00Z,14.3193,14.3258,14.3005,14.307,24158,true
ZSMPC,2026-09-14T17:05:00Z,14.307,14.3085,14.2832,14.2847,35330,true
ZSMPC,2026-09-14T17:10:00Z,14.2847,14.2889,14.2788,14.283,49393,true
ZSMPC,2026-09-14T17:15:00Z,14.283,14.2959,14.2786,14.2915,44274,true
ZSMPC,2026-09-14T17:20:00Z,14.2915,14.3061,14.2856,14.3003,35097,true
ZSMPC,2026-09-14T17:25:00Z,14.3003,14.3263,14.298,14.324,35445,true
ZSMPC,2026-09-14T17:30:00Z,14.324,14.3425,14.2739,14.2924,29625,true
ZSMPC,2026-09-14T17:35:00Z,14.2924,14.2972,14.2888,14.2936,49980,true
ZSMPC,2026-09-14T17:40:00Z,14.2936,14.301,14.2879,14.2953,43240,true
ZSMPC,2026-09-14T17:45:00Z,14.2953,14.3202,14.2868,14.3117,53476,true
ZSMPC,2026-09-14T17:50:00Z,14.3117,14.3382,14.2833,14.3099,24908,true
ZSMPC,2026-09-14T17:55:00Z,14.3099,14.3255,14.2548,14.2704,48068,true
ZSMPC,2026-09-14T18:00:00Z,14.2704,14.278,14.2394,14.247,42117,true
ZSMPC,2026-09-14T18:05:00Z,14.247,14.3205,14.2295,14.3031,36506,true
ZSMPC,2026-09-14T18:10:00Z,14.3031,14.3125,14.2842,14.2937,42015,true
ZSMPC,2026-09-14T18:15:00Z,14.2937,14.3035,14.2702,14.28,34264,true
ZSMPC,2026-09-14T18:20:00Z,14.28,14.2868,14.2637,14.2704,52072,true
ZSMPC,2026-09-14T18:25:00Z,14.2704,14.2742,14.2632,14.267,30035,true
ZSMPC,2026-09-14T18:30:00Z,14.267,14.2827,14.2596,14.2753,33442,true
ZSMPC,2026-09-14T18:35:00Z,14.2753,14.2882,14.2624,14.2753,43790,true
ZSMPC,2026-09-14T18:40:00Z,14.2753,14.2913,14.2707,14.2868,56894,true
ZSMPC,2026-09-14T18:45:00Z,14.2868,14.3354,14.2807,14.3294,33591,true
ZSMPC,2026-09-14T18:50:00Z,14.3294,14.3525,14.3228,14.3459,42697,true
ZSMPC,2026-09-14T18:55:00Z,14.3459,14.3608,14.3144,14.3293,72902,true
ZSMPC,2026-09-14T19:00:00Z,14.3293,14.3432,14.2708,14.2847,50574,true
ZSMPC,2026-09-14T19:05:00Z,14.2847,14.296,14.2346,14.2459,113762,true
ZSMPC,2026-09-14T19:10:00Z,14.2459,14.3014,14.2354,14.2909,37727,true
ZSMPC,2026-09-14T19:15:00Z,14.2909,14.3492,14.2737,14.332,42153,true
ZSMPC,2026-09-14T19:20:00Z,14.332,14.3578,14.3119,14.3377,43957,true
ZSMPC,2026-09-14T19:25:00Z,14.3377,14.3409,14.3376,14.3409,48790,true
ZSMPC,2026-09-14T19:30:00Z,14.3409,14.3579,14.3222,14.3392,44823,true
ZSMPC,2026-09-14T19:35:00Z,14.3392,14.3611,14.3307,14.3526,71833,true
ZSMPC,2026-09-14T19:40:00Z,14.3526,14.3696,14.3405,14.3575,66945,true
ZSMPC,2026-09-14T19:45:00Z,14.3575,14.3693,14.3458,14.3576,60217,true
ZSMPC,2026-09-14T19:50:00Z,14.3576,14.3806,14.3532,14.3762,64915,true
ZSMPC,2026-09-14T19:55:00Z,14.3762,14.3798,14.3416,14.3452,82093,true
ZSMPC,2026-09-15T13:30:00Z,14.3452,14.3469,14.3024,14.304,125413,true
ZSMPC,2026-09-15T13:35:00Z,14.304,14.3199,14.2773,14.2932,64327,true
ZSMPC,2026-09-15T13:40:00Z,14.2932,14.3199,14.2619,14.2887,111660,true
ZSMPC,2026-09-15T13:45:00Z,14.2887,14.3035,14.2608,14.2755,105915,true
ZSMPC,2026-09-15T13:50:00Z,14.2755,14.294,14.2634,14.2818,86875,true
ZSMPC,2026-09-15T13:55:00Z,14.2818,14.304,14.2736,14.2958,53759,true
ZSMPC,2026-09-15T14:00:00Z,14.2958,14.3033,14.2945,14.3021,40704,true
ZSMPC,2026-09-15T14:05:00Z,14.3021,14.3084,14.2494,14.2557,71014,true
ZSMPC,2026-09-15T14:10:00Z,14.2557,14.2576,14.2477,14.2496,52670,true
ZSMPC,2026-09-15T14:15:00Z,14.2496,14.2574,14.2415,14.2493,49536,true
ZSMPC,2026-09-15T14:20:00Z,14.2493,14.2592,14.2362,14.246,46167,true
ZSMPC,2026-09-15T14:25:00Z,14.246,14.2604,14.2014,14.2157,53637,true
ZSMPC,2026-09-15T14:30:00Z,14.2157,14.2317,14.2033,14.2193,40421,true
ZSMPC,2026-09-15T14:35:00Z,14.2193,14.2677,14.2098,14.2582,48554,true
ZSMPC,2026-09-15T14:40:00Z,14.2582,14.2856,14.2493,14.2767,43386,true
ZSMPC,2026-09-15T14:45:00Z,14.2767,14.2817,14.2722,14.2772,47346,true
ZSMPC,2026-09-15T14:50:00Z,14.2772,14.3078,14.2692,14.2998,40856,true
ZSMPC,2026-09-15T14:55:00Z,14.2998,14.3087,14.2708,14.2797,25683,true
ZSMPC,2026-09-15T15:00:00Z,14.2797,14.3088,14.2687,14.2978,27517,true
ZSMPC,2026-09-15T15:05:00Z,14.2978,14.3025,14.2737,14.2784,38022,true
ZSMPC,2026-09-15T15:10:00Z,14.2784,14.2932,14.2764,14.2912,36195,true
ZSMPC,2026-09-15T15:15:00Z,14.2912,14.2948,14.2651,14.2687,61251,true
ZSMPC,2026-09-15T15:20:00Z,14.2687,14.2774,14.2598,14.2686,62973,true
ZSMPC,2026-09-15T15:25:00Z,14.2686,14.272,14.254,14.2574,36720,true
ZSMPC,2026-09-15T15:30:00Z,14.2574,14.26,14.2337,14.2363,46453,true
ZSMPC,2026-09-15T15:35:00Z,14.2363,14.2472,14.1681,14.179,39525,true
ZSMPC,2026-09-15T15:40:00Z,14.179,14.1853,14.1603,14.1666,40963,true
ZSMPC,2026-09-15T15:45:00Z,14.1666,14.1791,14.1535,14.166,39748,true
ZSMPC,2026-09-15T15:50:00Z,14.166,14.1683,14.1523,14.1546,29660,true
ZSMPC,2026-09-15T15:55:00Z,14.1546,14.1564,14.0997,14.1015,27216,true
ZSMPC,2026-09-15T16:00:00Z,14.1015,14.1231,14.0889,14.1105,48112,true
ZSMPC,2026-09-15T16:05:00Z,14.1105,14.1571,14.0951,14.1417,44061,true
ZSMPC,2026-09-15T16:10:00Z,14.1417,14.16,14.1269,14.1452,43261,true
ZSMPC,2026-09-15T16:15:00Z,14.1452,14.1675,14.1194,14.1417,40934,true
ZSMPC,2026-09-15T16:20:00Z,14.1417,14.1531,14.1287,14.1401,32619,true
ZSMPC,2026-09-15T16:25:00Z,14.1401,14.1671,14.1283,14.1553,38778,true
ZSMPC,2026-09-15T16:30:00Z,14.1553,14.1677,14.1076,14.12,32671,true
ZSMPC,2026-09-15T16:35:00Z,14.12,14.129,14.1122,14.1213,28037,true
ZSMPC,2026-09-15T16:40:00Z,14.1213,14.1353,14.1149,14.1289,18955,true
ZSMPC,2026-09-15T16:45:00Z,14.1289,14.1375,14.114,14.1226,50602,true
ZSMPC,2026-09-15T16:50:00Z,14.1226,14.1295,14.0788,14.0858,43373,true
ZSMPC,2026-09-15T16:55:00Z,14.0858,14.0886,14.022,14.0248,37446,true
ZSMPC,2026-09-15T17:00:00Z,14.0248,14.033,13.9935,14.0017,53493,true
ZSMPC,2026-09-15T17:05:00Z,14.0017,14.0301,13.9886,14.017,53916,true
ZSMPC,2026-09-15T17:10:00Z,14.017,14.0479,13.9752,14.0061,49084,true
ZSMPC,2026-09-15T17:15:00Z,14.0061,14.0319,13.9756,14.0014,47974,true
ZSMPC,2026-09-15T17:20:00Z,14.0014,14.0231,13.9858,14.0075,30732,true
ZSMPC,2026-09-15T17:25:00Z,14.0075,14.0194,13.9886,14.0005,49152,true
ZSMPC,2026-09-15T17:30:00Z,14.0005,14.0163,13.9761,13.9918,35254,true
ZSMPC,2026-09-15T17:35:00Z,13.9918,13.997,13.9666,13.9717,39546,true
ZSMPC,2026-09-15T17:40:00Z,13.9717,13.9756,13.968,13.9719,44662,true
ZSMPC,2026-09-15T17:45:00Z,13.9719,13.9805,13.9675,13.9761,33906,true
ZSMPC,2026-09-15T17:50:00Z,13.9761,14.0248,13.9543,14.003,33827,true
ZSMPC,2026-09-15T17:55:00Z,14.003,14.0126,13.9984,14.008,53552,true
ZSMPC,2026-09-15T18:00:00Z,14.008,14.0288,14.0063,14.0271,30419,true
ZSMPC,2026-09-15T18:05:00Z,14.0271,14.0387,14.0111,14.0227,37237,true
ZSMPC,2026-09-15T18:10:00Z,14.0227,14.04,14.0223,14.0396,51044,true
ZSMPC,2026-09-15T18:15:00Z,14.0396,14.0515,14.0257,14.0375,39589,true
ZSMPC,2026-09-15T18:20:00Z,14.0375,14.0383,14.0284,14.0293,56681,true
ZSMPC,2026-09-15T18:25:00Z,14.0293,14.041,13.9906,14.0023,51641,true
ZSMPC,2026-09-15T18:30:00Z,14.0023,14.0348,13.9775,14.01,56835,true
ZSMPC,2026-09-15T18:35:00Z,14.01,14.0166,14.0014,14.008,48744,true
ZSMPC,2026-09-15T18:40:00Z,14.008,14.009,13.9835,13.9845,69055,true
ZSMPC,2026-09-15T18:45:00Z,13.9845,14.0083,13.982,14.0058,24446,true
ZSMPC,2026-09-15T18:50:00Z,14.0058,14.0284,14.0005,14.0231,47417,true
ZSMPC,2026-09-15T18:55:00Z,14.0231,14.0303,14.0064,14.0136,50799,true
ZSMPC,2026-09-15T19:00:00Z,14.0136,14.0193,13.9908,13.9965,43630,true
ZSMPC,2026-09-15T19:05:00Z,13.9965,14.0308,13.9869,14.0213,31584,true
ZSMPC,2026-09-15T19:10:00Z,14.0213,14.028,14.009,14.0158,37073,true
ZSMPC,2026-09-15T19:15:00Z,14.0158,14.02,14.0005,14.0047,49978,true
ZSMPC,2026-09-15T19:20:00Z,14.0047,14.0132,13.9827,13.9912,51246,true
ZSMPC,2026-09-15T19:25:00Z,13.9912,13.9925,13.9835,13.9848,90272,true
ZSMPC,2026-09-15T19:30:00Z,13.9848,13.9862,13.9767,13.9782,47132,true
ZSMPC,2026-09-15T19:35:00Z,13.9782,13.9826,13.9726,13.977,46067,true
ZSMPC,2026-09-15T19:40:00Z,13.977,14.0077,13.966,13.9967,65264,true
ZSMPC,2026-09-15T19:45:00Z,13.9967,14.0019,13.9788,13.984,47749,true
ZSMPC,2026-09-15T19:50:00Z,13.984,13.9905,13.9548,13.9612,70786,true
ZSMPC,2026-09-15T19:55:00Z,13.9612,13.9825,13.9585,13.9797,94411,true
ZSMPC,2026-09-16T13:30:00Z,13.9797,14.0121,13.9681,14.0005,111021,true
ZSMPC,2026-09-16T13:35:00Z,14.0005,14.0257,13.9963,14.0215,97407,true
ZSMPC,2026-09-16T13:40:00Z,14.0215,14.0317,13.9936,14.0039,85590,true
ZSMPC,2026-09-16T13:45:00Z,14.0039,14.0398,13.9868,14.0227,106403,true
ZSMPC,2026-09-16T13:50:00Z,14.0227,14.0796,14.0,14.0568,97527,true
ZSMPC,2026-09-16T13:55:00Z,14.0568,14.0876,14.0552,14.086,46407,true
ZSMPC,2026-09-16T14:00:00Z,14.086,14.1048,14.0813,14.1002,89238,true
ZSMPC,2026-09-16T14:05:00Z,14.1002,14.1212,14.0799,14.101,67484,true
ZSMPC,2026-09-16T14:10:00Z,14.101,14.1017,14.0782,14.0789,100335,true
ZSMPC,2026-09-16T14:15:00Z,14.0789,14.1251,14.0615,14.1076,62839,true
ZSMPC,2026-09-16T14:20:00Z,14.1076,14.1248,14.1058,14.123,56352,true
ZSMPC,2026-09-16T14:25:00Z,14.123,14.1506,14.1194,14.147,31956,true
ZSMPC,2026-09-16T14:30:00Z,14.147,14.1548,14.1321,14.1399,50822,true
ZSMPC,2026-09-16T14:35:00Z,14.1399,14.1602,14.085,14.1053,29861,true
ZSMPC,2026-09-16T14:40:00Z,14.1053,14.1435,14.0899,14.1281,60224,true
ZSMPC,2026-09-16T14:45:00Z,14.1281,14.1382,14.1123,14.1225,41597,true
ZSMPC,2026-09-16T14:50:00Z,14.1225,14.1625,14.1057,14.1457,36221,true
ZSMPC,2026-09-16T14:55:00Z,14.1457,14.1762,14.1412,14.1718,34617,true
ZSMPC,2026-09-16T15:00:00Z,14.1718,14.219,14.1594,14.2066,29354,true
ZSMPC,2026-09-16T15:05:00Z,14.2066,14.2227,14.147,14.1631,37486,true
ZSMPC,2026-09-16T15:10:00Z,14.1631,14.1711,14.1377,14.1457,45490,true
ZSMPC,2026-09-16T15:15:00Z,14.1457,14.1705,14.1386,14.1635,49739,true
ZSMPC,2026-09-16T15:20:00Z,14.1635,14.1802,14.1399,14.1565,36524,true
ZSMPC,2026-09-16T15:25:00Z,14.1565,14.1634,14.1384,14.1453,46951,true
ZSMPC,2026-09-16T15:30:00Z,14.1453,14.1534,14.1224,14.1305,40056,true
ZSMPC,2026-09-16T15:35:00Z,14.1305,14.1378,14.0993,14.1066,39959,true
ZSMPC,2026-09-16T15:40:00Z,14.1066,14.1142,14.0877,14.0953,31172,true
ZSMPC,2026-09-16T15:45:00Z,14.0953,14.1007,14.0746,14.08,42212,true
ZSMPC,2026-09-16T15:50:00Z,14.08,14.0925,14.0588,14.0713,26974,true
ZSMPC,2026-09-16T15:55:00Z,14.0713,14.1201,14.0462,14.0949,63178,true
ZSMPC,2026-09-16T16:00:00Z,14.0949,14.103,14.0724,14.0805,36634,true
ZSMPC,2026-09-16T16:05:00Z,14.0805,14.089,14.0441,14.0526,31686,true
ZSMPC,2026-09-16T16:10:00Z,14.0526,14.063,14.017,14.0274,54735,true
ZSMPC,2026-09-16T16:15:00Z,14.0274,14.0329,13.9934,13.999,59784,true
ZSMPC,2026-09-16T16:20:00Z,13.999,14.0199,13.9609,13.9818,35152,true
ZSMPC,2026-09-16T16:25:00Z,13.9818,13.9967,13.9816,13.9964,45681,true
ZSMPC,2026-09-16T16:30:00Z,13.9964,14.0232,13.9921,14.0189,31934,true
ZSMPC,2026-09-16T16:35:00Z,14.0189,14.0287,14.0134,14.0232,40021,true
ZSMPC,2026-09-16T16:40:00Z,14.0232,14.0728,14.0094,14.059,47906,true
ZSMPC,2026-09-16T16:45:00Z,14.059,14.0749,14.0321,14.048,36838,true
ZSMPC,2026-09-16T16:50:00Z,14.048,14.0523,14.0161,14.0204,62498,true
ZSMPC,2026-09-16T16:55:00Z,14.0204,14.0229,14.0141,14.0166,42784,true
ZSMPC,2026-09-16T17:00:00Z,14.0166,14.0215,13.9959,14.0008,55147,true
ZSMPC,2026-09-16T17:05:00Z,14.0008,14.0078,13.9869,13.9939,38321,true
ZSMPC,2026-09-16T17:10:00Z,13.9939,14.0286,13.9784,14.0131,27258,true
ZSMPC,2026-09-16T17:15:00Z,14.0131,14.0222,13.9895,13.9986,22997,true
ZSMPC,2026-09-16T17:20:00Z,13.9986,14.0203,13.9901,14.0118,42733,true
ZSMPC,2026-09-16T17:25:00Z,14.0118,14.0153,14.0076,14.0112,56310,true
ZSMPC,2026-09-16T17:30:00Z,14.0112,14.0327,13.9968,14.0182,33891,true
ZSMPC,2026-09-16T17:35:00Z,14.0182,14.027,14.006,14.0147,63914,true
ZSMPC,2026-09-16T17:40:00Z,14.0147,14.03,14.0098,14.0251,40842,true
ZSMPC,2026-09-16T17:45:00Z,14.0251,14.049,14.0211,14.045,45269,true
ZSMPC,2026-09-16T17:50:00Z,14.045,14.0468,14.0415,14.0433,37386,true
ZSMPC,2026-09-16T17:55:00Z,14.0433,14.059,14.0392,14.0549,43295,true
ZSMPC,2026-09-16T18:00:00Z,14.0549,14.0601,14.0425,14.0476,28017,true
ZSMPC,2026-09-16T18:05:00Z,14.0476,14.0523,14.0439,14.0486,48227,true
ZSMPC,2026-09-16T18:10:00Z,14.0486,14.0814,14.0423,14.0752,36554,true
ZSMPC,2026-09-16T18:15:00Z,14.0752,14.0793,14.0671,14.0712,44800,true
ZSMPC,2026-09-16T18:20:00Z,14.0712,14.0975,14.0594,14.0858,63149,true
ZSMPC,2026-09-16T18:25:00Z,14.0858,14.0921,14.0572,14.0635,41719,true
ZSMPC,2026-09-16T18:30:00Z,14.0635,14.0722,14.0621,14.0707,38901,true
ZSMPC,2026-09-16T18:35:00Z,14.0707,14.0816,14.0683,14.0791,42329,true
ZSMPC,2026-09-16T18:40:00Z,14.0791,14.0929,14.0464,14.0601,51792,true
ZSMPC,2026-09-16T18:45:00Z,14.0601,14.0754,14.0244,14.0397,42716,true
ZSMPC,2026-09-16T18:50:00Z,14.0397,14.0738,14.0219,14.056,36230,true
ZSMPC,2026-09-16T18:55:00Z,14.056,14.0568,14.0447,14.0455,48861,true
ZSMPC,2026-09-16T19:00:00Z,14.0455,14.0567,14.0411,14.0524,36517,true
ZSMPC,2026-09-16T19:05:00Z,14.0524,14.06,14.0282,14.0358,69309,true
ZSMPC,2026-09-16T19:10:00Z,14.0358,14.0478,14.0267,14.0387,74255,true
ZSMPC,2026-09-16T19:15:00Z,14.0387,14.0571,14.0292,14.0476,43463,true
ZSMPC,2026-09-16T19:20:00Z,14.0476,14.0488,14.0284,14.0296,41704,true
ZSMPC,2026-09-16T19:25:00Z,14.0296,14.0462,14.008,14.0246,49799,true
ZSMPC,2026-09-16T19:30:00Z,14.0246,14.0708,14.0179,14.0641,68480,true
ZSMPC,2026-09-16T19:35:00Z,14.0641,14.0931,14.0605,14.0895,60890,true
ZSMPC,2026-09-16T19:40:00Z,14.0895,14.1229,14.0798,14.1133,60546,true
ZSMPC,2026-09-16T19:45:00Z,14.1133,14.1342,14.1073,14.1282,90814,true
ZSMPC,2026-09-16T19:50:00Z,14.1282,14.1653,14.1167,14.1538,51296,true
ZSMPC,2026-09-16T19:55:00Z,14.1538,14.164,14.1492,14.1594,81591,true
ZSMPC,2026-09-17T13:30:00Z,14.1594,14.1692,14.1558,14.1656,65965,true
ZSMPC,2026-09-17T13:35:00Z,14.1656,14.2077,14.1575,14.1996,80489,true
ZSMPC,2026-09-17T13:40:00Z,14.1996,14.226,14.1679,14.1943,113798,true
ZSMPC,2026-09-17T13:45:00Z,14.1943,14.2181,14.1858,14.2096,92121,true
ZSMPC,2026-09-17T13:50:00Z,14.2096,14.2203,14.1886,14.1993,64213,true
ZSMPC,2026-09-17T13:55:00Z,14.1993,14.2079,14.1923,14.2009,62613,true
ZSMPC,2026-09-17T14:00:00Z,14.2009,14.2245,14.1909,14.2146,68105,true
ZSMPC,2026-09-17T14:05:00Z,14.2146,14.2216,14.1902,14.1972,49724,true
ZSMPC,2026-09-17T14:10:00Z,14.1972,14.2368,14.1872,14.2267,70879,true
ZSMPC,2026-09-17T14:15:00Z,14.2267,14.2301,14.2205,14.2239,66364,true
ZSMPC,2026-09-17T14:20:00Z,14.2239,14.2578,14.1587,14.1926,78638,true
ZSMPC,2026-09-17T14:25:00Z,14.1926,14.2174,14.1797,14.2045,66265,true
ZSMPC,2026-09-17T14:30:00Z,14.2045,14.2296,14.1965,14.2217,40522,true
ZSMPC,2026-09-17T14:35:00Z,14.2217,14.2289,14.2204,14.2276,39698,true
ZSMPC,2026-09-17T14:40:00Z,14.2276,14.2689,14.2073,14.2486,41041,true
ZSMPC,2026-09-17T14:45:00Z,14.2486,14.2583,14.1878,14.1975,55101,true
ZSMPC,2026-09-17T14:50:00Z,14.1975,14.2083,14.1711,14.182,62471,true
ZSMPC,2026-09-17T14:55:00Z,14.182,14.1915,14.1578,14.1673,35262,true
ZSMPC,2026-09-17T15:00:00Z,14.1673,14.1793,14.1635,14.1714,9576,false
ZSMPD,2026-08-26T13:30:00Z,31.0,31.0483,30.9945,31.0428,37523,true
ZSMPD,2026-08-26T13:35:00Z,31.0428,31.0785,31.0321,31.0678,48351,true
ZSMPD,2026-08-26T13:40:00Z,31.0678,31.1117,31.0366,31.0804,53642,true
ZSMPD,2026-08-26T13:45:00Z,31.0804,31.1307,31.0728,31.123,28352,true
ZSMPD,2026-08-26T13:50:00Z,31.123,31.1471,31.0694,31.0935,42641,true
ZSMPD,2026-08-26T13:55:00Z,31.0935,31.1065,31.0644,31.0774,37697,true
ZSMPD,2026-08-26T14:00:00Z,31.0774,31.1017,30.949,30.9733,34299,true
ZSMPD,2026-08-26T14:05:00Z,30.9733,31.0233,30.9701,31.0201,25615,true
ZSMPD,2026-08-26T14:10:00Z,31.0201,31.0577,30.9405,30.9781,21168,true
ZSMPD,2026-08-26T14:15:00Z,30.9781,31.0916,30.9704,31.0839,25975,true
ZSMPD,2026-08-26T14:20:00Z,31.0839,31.0884,31.0637,31.0682,36995,true
ZSMPD,2026-08-26T14:25:00Z,31.0682,31.1253,31.0204,31.0775,45877,true
ZSMPD,2026-08-26T14:30:00Z,31.0775,31.082,30.9933,30.9978,29259,true
ZSMPD,2026-08-26T14:35:00Z,30.9978,31.0438,30.935,30.9811,20017,true
ZSMPD,2026-08-26T14:40:00Z,30.9811,30.9878,30.9685,30.9752,12646,true
ZSMPD,2026-08-26T14:45:00Z,30.9752,31.0083,30.9513,30.9844,18432,true
ZSMPD,2026-08-26T14:50:00Z,30.9844,31.032,30.9825,31.0301,20025,true
ZSMPD,2026-08-26T14:55:00Z,31.0301,31.0988,31.0085,31.0772,15067,true
ZSMPD,2026-08-26T15:00:00Z,31.0772,31.1888,31.0677,31.1793,22967,true
ZSMPD,2026-08-26T15:05:00Z,31.1793,31.2125,31.174,31.2072,26684,true
ZSMPD,2026-08-26T15:10:00Z,31.2072,31.2401,31.2053,31.2382,29569,true
ZSMPD,2026-08-26T15:15:00Z,31.2382,31.2437,31.1894,31.195,22839,true
ZSMPD,2026-08-26T15:20:00Z,31.195,31.2604,31.1516,31.2171,24773,true
ZSMPD,2026-08-26T15:25:00Z,31.2171,31.2675,31.2102,31.2607,23583,true
ZSMPD,2026-08-26T15:30:00Z,31.2607,31.2753,31.2476,31.2623,15090,true
ZSMPD,2026-08-26T15:35:00Z,31.2623,31.2673,31.2332,31.2383,17992,true
ZSMPD,2026-08-26T15:40:00Z,31.2383,31.2481,31.194,31.2038,26090,true
ZSMPD,2026-08-26T15:45:00Z,31.2038,31.2071,31.1407,31.144,17181,true
ZSMPD,2026-08-26T15:50:00Z,31.144,31.1528,31.1427,31.1515,24342,true
ZSMPD,2026-08-26T15:55:00Z,31.1515,31.2631,31.1327,31.2443,20322,true
ZSMPD,2026-08-26T16:00:00Z,31.2443,31.2593,31.2156,31.2306,16447,true
ZSMPD,2026-08-26T16:05:00Z,31.2306,31.2422,31.2284,31.24,23541,true
ZSMPD,2026-08-26T16:10:00Z,31.24,31.345,31.2164,31.3214,12854,true
ZSMPD,2026-08-26T16:15:00Z,31.3214,31.3396,31.3117,31.3299,10002,true
ZSMPD,2026-08-26T16:20:00Z,31.3299,31.3675,31.3218,31.3594,19734,true
ZSMPD,2026-08-26T16:25:00Z,31.3594,31.4204,31.3226,31.3837,20212,true
ZSMPD,2026-08-26T16:30:00Z,31.3837,31.4111,31.3376,31.3651,17796,true
ZSMPD,2026-08-26T16:35:00Z,31.3651,31.3965,31.3054,31.3369,19199,true
ZSMPD,2026-08-26T16:40:00Z,31.3369,31.3845,31.3095,31.3571,19140,true
ZSMPD,2026-08-26T16:45:00Z,31.3571,31.3634,31.3166,31.3228,18596,true
ZSMPD,2026-08-26T16:50:00Z,31.3228,31.3583,31.3209,31.3563,30105,true
ZSMPD,2026-08-26T16:55:00Z,31.3563,31.3576,31.3395,31.3408,21071,true
ZSMPD,2026-08-26T17:00:00Z,31.3408,31.3497,31.2969,31.3058,36113,true
ZSMPD,2026-08-26T17:05:00Z,31.3058,31.3292,31.291,31.3144,15498,true
ZSMPD,2026-08-26T17:10:00Z,31.3144,31.3488,31.3003,31.3347,29349,true
ZSMPD,2026-08-26T17:15:00Z,31.3347,31.347,31.3196,31.3319,21853,true
ZSMPD,2026-08-26T17:20:00Z,31.3319,31.4085,31.3283,31.4049,13695,true
ZSMPD,2026-08-26T17:25:00Z,31.4049,31.4205,31.4016,31.4172,18844,true
ZSMPD,2026-08-26T17:30:00Z,31.4172,31.4523,31.3302,31.3654,21250,true
ZSMPD,2026-08-26T17:35:00Z,31.3654,31.3864,31.2941,31.3151,16371,true
ZSMPD,2026-08-26T17:40:00Z,31.3151,31.329,31.2384,31.2523,23406,true
ZSMPD,2026-08-26T17:45:00Z,31.2523,31.2626,31.2342,31.2445,20884,true
ZSMPD,2026-08-26T17:50:00Z,31.2445,31.2556,31.2168,31.2279,29772,true
ZSMPD,2026-08-26T17:55:00Z,31.2279,31.2281,31.2121,31.2124,25266,true
ZSMPD,2026-08-26T18:00:00Z,31.2124,31.2354,31.212,31.2351,17395,true
ZSMPD,2026-08-26T18:05:00Z,31.2351,31.2354,31.235,31.2354,17125,true
ZSMPD,2026-08-26T18:10:00Z,31.2354,31.3245,31.2095,31.2986,18624,true
ZSMPD,2026-08-26T18:15:00Z,31.2986,31.3104,31.2834,31.2951,15151,true
ZSMPD,2026-08-26T18:20:00Z,31.2951,31.3207,31.2843,31.3099,23971,true
ZSMPD,2026-08-26T18:25:00Z,31.3099,31.3218,31.2777,31.2896,26566,true
ZSMPD,2026-08-26T18:30:00Z,31.2896,31.3075,31.253,31.2709,24262,true
ZSMPD,2026-08-26T18:35:00Z,31.2709,31.2911,31.2636,31.2837,21006,true
ZSMPD,2026-08-26T18:40:00Z,31.2837,31.3439,31.2827,31.3429,23039,true
ZSMPD,2026-08-26T18:45:00Z,31.3429,31.4216,31.2824,31.3612,16351,true
ZSMPD,2026-08-26T18:50:00Z,31.3612,31.3874,31.3566,31.3828,11029,true
ZSMPD,2026-08-26T18:55:00Z,31.3828,31.3846,31.3367,31.3385,24570,true
ZSMPD,2026-08-26T19:00:00Z,31.3385,31.4292,31.327,31.4177,20009,true
ZSMPD,2026-08-26T19:05:00Z,31.4177,31.4383,31.3415,31.3622,27301,true
ZSMPD,2026-08-26T19:10:00Z,31.3622,31.4117,31.3212,31.3707,20492,true
ZSMPD,2026-08-26T19:15:00Z,31.3707,31.4111,31.3524,31.3928,30345,true
ZSMPD,2026-08-26T19:20:00Z,31.3928,31.3998,31.39,31.397,44194,true
ZSMPD,2026-08-26T19:25:00Z,31.397,31.4299,31.2544,31.2874,24650,true
ZSMPD,2026-08-26T19:30:00Z,31.2874,31.3002,31.2713,31.2841,25565,true
ZSMPD,2026-08-26T19:35:00Z,31.2841,31.3283,31.2736,31.3177,24496,true
ZSMPD,2026-08-26T19:40:00Z,31.3177,31.3449,31.2461,31.2732,38275,true
ZSMPD,2026-08-26T19:45:00Z,31.2732,31.3413,31.2708,31.3389,36910,true
ZSMPD,2026-08-26T19:50:00Z,31.3389,31.3456,31.3192,31.3258,37104,true
ZSMPD,2026-08-26T19:55:00Z,31.3258,31.3547,31.3034,31.3322,41935,true
ZSMPD,2026-08-27T13:30:00Z,31.3322,31.4028,31.3108,31.3813,37814,true
ZSMPD,2026-08-27T13:35:00Z,31.3813,31.5125,31.3673,31.4985,55027,true
ZSMPD,2026-08-27T13:40:00Z,31.4985,31.5196,31.4176,31.4387,39358,true
ZSMPD,2026-08-27T13:45:00Z,31.4387,31.5004,31.4236,31.4852,42441,true
ZSMPD,2026-08-27T13:50:00Z,31.4852,31.5082,31.4802,31.5032,42384,true
ZSMPD,2026-08-27T13:55:00Z,31.5032,31.5377,31.4685,31.503,31187,true
ZSMPD,2026-08-27T14:00:00Z,31.503,31.5147,31.4404,31.452,21619,true
ZSMPD,2026-08-27T14:05:00Z,31.452,31.465,31.411,31.4239,40590,true
ZSMPD,2026-08-27T14:10:00Z,31.4239,31.4509,31.3758,31.4028,36033,true
ZSMPD,2026-08-27T14:15:00Z,31.4028,31.4045,31.3982,31.4,20531,true
ZSMPD,2026-08-27T14:20:00Z,31.4,31.5035,31.3686,31.4722,24302,true
ZSMPD,2026-08-27T14:25:00Z,31.4722,31.4929,31.4705,31.4912,25790,true
ZSMPD,2026-08-27T14:30:00Z,31.4912,31.4928,31.4763,31.4779,28473,true
ZSMPD,2026-08-27T14:35:00Z,31.4779,31.6169,31.4605,31.5995,24741,true
ZSMPD,2026-08-27T14:40:00Z,31.5995,31.6566,31.5738,31.631,17861,true
ZSMPD,2026-08-27T14:45:00Z,31.631,31.6719,31.6224,31.6634,19593,true
ZSMPD,2026-08-27T14:50:00Z,31.6634,31.7016,31.6222,31.6605,19947,true
ZSMPD,2026-08-27T14:55:00Z,31.6605,31.6883,31.6248,31.6527,20970,true
ZSMPD,2026-08-27T15:00:00Z,31.6527,31.7561,31.6266,31.73,33167,true
ZSMPD,2026-08-27T15:05:00Z,31.73,31.7626,31.706,31.7385,30696,true
ZSMPD,2026-08-27T15:10:00Z,31.7385,31.7479,31.6634,31.6728,19595,true
ZSMPD,2026-08-27T15:15:00Z,31.6728,31.7524,31.6687,31.7484,22649,true
ZSMPD,2026-08-27T15:20:00Z,31.7484,31.7826,31.7,31.7342,9430,true
ZSMPD,2026-08-27T15:25:00Z,31.7342,31.7939,31.6975,31.7571,22566,true
ZSMPD,2026-08-27T15:30:00Z,31.7571,31.8574,31.7058,31.8061,20388,true
ZSMPD,2026-08-27T15:35:00Z,31.8061,31.8384,31.7148,31.7472,32290,true
ZSMPD,2026-08-27T15:40:00Z,31.7472,31.7495,31.7464,31.7487,13388,true
ZSMPD,2026-08-27T15:45:00Z,31.7487,31.7789,31.7372,31.7674,12727,true
ZSMPD,2026-08-27T15:50:00Z,31.7674,31.7836,31.7073,31.7235,22833,true
ZSMPD,2026-08-27T15:55:00Z,31.7235,31.7347,31.7137,31.7249,18019,true
ZSMPD,2026-08-27T16:00:00Z,31.7249,31.7474,31.6977,31.7202,28687,true
ZSMPD,2026-08-27T16:05:00Z,31.7202,31.7983,31.6946,31.7727,29024,true
ZSMPD,2026-08-27T16:10:00Z,31.7727,31.8372,31.7375,31.802,17338,true
ZSMPD,2026-08-27T16:15:00Z,31.802,31.8273,31.7333,31.7586,10968,true
ZSMPD,2026-08-27T16:20:00Z,31.7586,31.8248,31.7398,31.806,16249,true
ZSMPD,2026-08-27T16:25:00Z,31.806,31.8299,31.7477,31.7716,34414,true
ZSMPD,2026-08-27T16:30:00Z,31.7716,31.8731,31.748,31.8496,18826,true
ZSMPD,2026-08-27T16:35:00Z,31.8496,31.8523,31.8276,31.8303,18903,true
ZSMPD,2026-08-27T16:40:00Z,31.8303,31.8496,31.7799,31.7992,14694,true
ZSMPD,2026-08-27T16:45:00Z,31.7992,31.8038,31.725,31.7296,22174,true
ZSMPD,2026-08-27T16:50:00Z,31.7296,31.7576,31.6785,31.7065,16596,true
ZSMPD,2026-08-27T16:55:00Z,31.7065,31.7339,31.6831,31.7105,37551,true
ZSMPD,2026-08-27T17:00:00Z,31.7105,31.8004,31.6949,31.7848,35276,true
ZSMPD,2026-08-27T17:05:00Z,31.7848,31.7993,31.7721,31.7866,18528,true
ZSMPD,2026-08-27T17:10:00Z,31.7866,31.7915,31.7442,31.7491,16584,true
ZSMPD,2026-08-27T17:15:00Z,31.7491,31.7868,31.7429,31.7806,20471,true
ZSMPD,2026-08-27T17:20:00Z,31.7806,31.7827,31.7668,31.7688,20013,true
ZSMPD,2026-08-27T17:25:00Z,31.7688,31.7794,31.7239,31.7345,16598,true
ZSMPD,2026-08-27T17:30:00Z,31.7345,31.7428,31.7036,31.7119,15180,true
ZSMPD,2026-08-27T17:35:00Z,31.7119,31.7867,31.6917,31.7665,22741,true
ZSMPD,2026-08-27T17:40:00Z,31.7665,31.8266,31.7621,31.8222,25056,true
ZSMPD,2026-08-27T17:45:00Z,31.8222,31.8767,31.8026,31.8571,16943,true
ZSMPD,2026-08-27T17:50:00Z,31.8571,31.8642,31.8232,31.8303,16628,true
ZSMPD,2026-08-27T17:55:00Z,31.8303,31.8393,31.8014,31.8104,21381,true
ZSMPD,2026-08-27T18:00:00Z,31.8104,31.8764,31.7745,31.8406,23370,true
ZSMPD,2026-08-27T18:05:00Z,31.8406,31.8672,31.7593,31.7859,25038,true
ZSMPD,2026-08-27T18:10:00Z,31.7859,31.7916,31.7704,31.7761,20262,true
ZSMPD,2026-08-27T18:15:00Z,31.7761,31.8016,31.769,31.7945,20913,true
ZSMPD,2026-08-27T18:20:00Z,31.7945,31.8667,31.7801,31.8523,25113,true
ZSMPD,2026-08-27T18:25:00Z,31.8523,31.8882,31.7523,31.7882,15088,true
ZSMPD,2026-08-27T18:30:00Z,31.7882,31.829,31.7735,31.8144,16470,true
ZSMPD,2026-08-27T18:35:00Z,31.8144,31.8716,31.8015,31.8587,26078,true
ZSMPD,2026-08-27T18:40:00Z,31.8587,31.8643,31.8063,31.8118,22591,true
ZSMPD,2026-08-27T18:45:00Z,31.8118,31.8306,31.7907,31.8095,26360,true
ZSMPD,2026-08-27T18:50:00Z,31.8095,31.8495,31.7912,31.8312,18153,true
ZSMPD,2026-08-27T18:55:00Z,31.8312,31.8386,31.8107,31.8182,30730,true
ZSMPD,2026-08-27T19:00:00Z,31.8182,31.846,31.766,31.7939,11718,true
ZSMPD,2026-08-27T19:05:00Z,31.7939,31.796,31.7227,31.7248,22364,true
ZSMPD,2026-08-27T19:10:00Z,31.7248,31.7377,31.616,31.6289,50599,true
ZSMPD,2026-08-27T19:15:00Z,31.6289,31.6409,31.5924,31.6045,41067,true
ZSMPD,2026-08-27T19:20:00Z,31.6045,31.6181,31.5981,31.6118,35192,true
ZSMPD,2026-08-27T19:25:00Z,31.6118,31.6197,31.5736,31.5816,22819,true
ZSMPD,2026-08-27T19:30:00Z,31.5816,31.5948,31.5469,31.5601,37144,true
ZSMPD,2026-08-27T19:35:00Z,31.5601,31.5666,31.5373,31.5437,43300,true
ZSMPD,2026-08-27T19:40:00Z,31.5437,31.5837,31.523,31.563,32603,true
ZSMPD,2026-08-27T19:45:00Z,31.563,31.5645,31.5213,31.5227,42488,true
ZSMPD,2026-08-27T19:50:00Z,31.5227,31.5356,31.4623,31.4752,40518,true
ZSMPD,2026-08-27T19:55:00Z,31.4752,31.4909,31.4742,31.4899,37837,true
ZSMPD,2026-08-28T13:30:00Z,31.4899,31.5192,31.4642,31.4936,49864,true
ZSMPD,2026-08-28T13:35:00Z,31.4936,31.5771,31.4553,31.5388,42546,true
ZSMPD,2026-08-28T13:40:00Z,31.5388,31.5629,31.5329,31.557,45104,true
ZSMPD,2026-08-28T13:45:00Z,31.557,31.56,31.5349,31.5379,31399,true
ZSMPD,2026-08-28T13:50:00Z,31.5379,31.5472,31.4943,31.5037,29934,true
ZSMPD,2026-08-28T13:55:00Z,31.5037,31.5299,31.4992,31.5255,37663,true
ZSMPD,2026-08-28T14:00:00Z,31.5255,31.5492,31.4993,31.523,48233,true
ZSMPD,2026-08-28T14:05:00Z,31.523,31.6214,31.5115,31.61,19523,true
ZSMPD,2026-08-28T14:10:00Z,31.61,31.6664,31.6043,31.6606,31575,true
ZSMPD,2026-08-28T14:15:00Z,31.6606,31.6678,31.6425,31.6496,26335,true
ZSMPD,2026-08-28T14:20:00Z,31.6496,31.6682,31.6453,31.6639,25744,true
ZSMPD,2026-08-28T14:25:00Z,31.6639,31.6682,31.5797,31.584,25573,true
ZSMPD,2026-08-28T14:30:00Z,31.584,31.6631,31.5667,31.6458,33105,true
ZSMPD,2026-08-28T14:35:00Z,31.6458,31.6608,31.5918,31.6068,23877,true
ZSMPD,2026-08-28T14:40:00Z,31.6068,31.6198,31.5524,31.5654,31658,true
ZSMPD,2026-08-28T14:45:00Z,31.5654,31.5828,31.5206,31.538,14668,true
ZSMPD,2026-08-28T14:50:00Z,31.538,31.5537,31.5267,31.5424,16082,true
ZSMPD,2026-08-28T14:55:00Z,31.5424,31.5825,31.5338,31.5739,18372,true
ZSMPD,2026-08-28T15:00:00Z,31.5739,31.5834,31.5401,31.5496,18963,true
ZSMPD,2026-08-28T15:05:00Z,31.5496,31.6185,31.5408,31.6097,32917,true
ZSMPD,2026-08-28T15:10:00Z,31.6097,31.6693,31.5802,31.6398,25032,true
ZSMPD,2026-08-28T15:15:00Z,31.6398,31.6472,31.5736,31.581,19460,true
ZSMPD,2026-08-28T15:20:00Z,31.581,31.5851,31.5752,31.5793,24054,true
ZSMPD,2026-08-28T15:25:00Z,31.5793,31.6124,31.5459,31.579,26914,true
ZSMPD,2026-08-28T15:30:00Z,31.579,31.5834,31.559,31.5634,14989,true
ZSMPD,2026-08-28T15:35:00Z,31.5634,31.6049,31.54,31.5814,18342,true
ZSMPD,2026-08-28T15:40:00Z,31.5814,31.5914,31.5811,31.5911,15540,true
ZSMPD,2026-08-28T15:45:00Z,31.5911,31.6466,31.5905,31.646,20537,true
ZSMPD,2026-08-28T15:50:00Z,31.646,31.7059,31.5926,31.6524,23729,true
ZSMPD,2026-08-28T15:55:00Z,31.6524,31.7054,31.6299,31.6829,25268,true
ZSMPD,2026-08-28T16:00:00Z,31.6829,31.7105,31.6335,31.6612,23510,true
ZSMPD,2026-08-28T16:05:00Z,31.6612,31.7623,31.6554,31.7565,16400,true
ZSMPD,2026-08-28T16:10:00Z,31.7565,31.7779,31.7482,31.7697,14907,true
ZSMPD,2026-08-28T16:15:00Z,31.7697,31.7708,31.7318,31.7329,30681,true
ZSMPD,2026-08-28T16:20:00Z,31.7329,31.7634,31.6971,31.7277,16747,true
ZSMPD,2026-08-28T16:25:00Z,31.7277,31.7295,31.7027,31.7045,9241,true
ZSMPD,2026-08-28T16:30:00Z,31.7045,31.7406,31.6644,31.7005,17047,true
ZSMPD,2026-08-28T16:35:00Z,31.7005,31.7158,31.6157,31.631,21390,true
ZSMPD,2026-08-28T16:40:00Z,31.631,31.6704,31.6242,31.6636,21660,true
ZSMPD,2026-08-28T16:45:00Z,31.6636,31.6734,31.6582,31.668,20041,true
ZSMPD,2026-08-28T16:50:00Z,31.668,31.7198,31.6373,31.6891,23025,true
ZSMPD,2026-08-28T16:55:00Z,31.6891,31.7955,31.6709,31.7773,30024,true
ZSMPD,2026-08-28T17:00:00Z,31.7773,31.7961,31.7523,31.7711,11833,true
ZSMPD,2026-08-28T17:05:00Z,31.7711,31.7793,31.7335,31.7417,19416,true
ZSMPD,2026-08-28T17:10:00Z,31.7417,31.7603,31.7364,31.7549,16095,true
ZSMPD,2026-08-28T17:15:00Z,31.7549,31.8382,31.7392,31.8225,19284,true
ZSMPD,2026-08-28T17:20:00Z,31.8225,31.841,31.7962,31.8146,25142,true
ZSMPD,2026-08-28T17:25:00Z,31.8146,31.8706,31.7994,31.8554,13620,true
ZSMPD,2026-08-28T17:30:00Z,31.8554,31.8956,31.7355,31.7757,14371,true
ZSMPD,2026-08-28T17:35:00Z,31.7757,31.8639,31.7499,31.8381,18565,true
ZSMPD,2026-08-28T17:40:00Z,31.8381,31.9719,31.8312,31.965,12472,true
ZSMPD,2026-08-28T17:45:00Z,31.965,32.0237,31.9619,32.0207,24839,true
ZSMPD,2026-08-28T17:50:00Z,32.0207,32.0797,31.993,32.052,15923,true
ZSMPD,2026-08-28T17:55:00Z,32.052,32.1387,32.033,32.1197,28600,true
ZSMPD,2026-08-28T18:00:00Z,32.1197,32.1464,32.0476,32.0744,20505,true
ZSMPD,2026-08-28T18:05:00Z,32.0744,32.1032,31.9792,32.0081,18242,true
ZSMPD,2026-08-28T18:10:00Z,32.0081,32.0576,32.0039,32.0534,12596,true
ZSMPD,2026-08-28T18:15:00Z,32.0534,32.0814,31.9714,31.9994,35684,true
ZSMPD,2026-08-28T18:20:00Z,31.9994,32.0637,31.9562,32.0204,18678,true
ZSMPD,2026-08-28T18:25:00Z,32.0204,32.0372,31.9924,32.0092,19593,true
ZSMPD,2026-08-28T18:30:00Z,32.0092,32.087,31.9813,32.0591,26553,true
ZSMPD,2026-08-28T18:35:00Z,32.0591,32.1056,32.055,32.1015,22854,true
ZSMPD,2026-08-28T18:40:00Z,32.1015,32.1501,32.0495,32.098,19809,true
ZSMPD,2026-08-28T18:45:00Z,32.098,32.1774,32.0639,32.1432,23296,true
ZSMPD,2026-08-28T18:50:00Z,32.1432,32.2116,32.1186,32.187,31256,true
ZSMPD,2026-08-28T18:55:00Z,32.187,32.2162,32.177,32.2062,29516,true
ZSMPD,2026-08-28T19:00:00Z,32.2062,32.2743,32.1699,32.2381,28561,true
ZSMPD,2026-08-28T19:05:00Z,32.2381,32.2648,32.1299,32.1567,27751,true
ZSMPD,2026-08-28T19:10:00Z,32.1567,32.1927,32.1214,32.1574,20101,true
ZSMPD,2026-08-28T19:15:00Z,32.1574,32.2042,32.1485,32.1953,25125,true
ZSMPD,2026-08-28T19:20:00Z,32.1953,32.2139,32.1531,32.1717,23225,true
ZSMPD,2026-08-28T19:25:00Z,32.1717,32.2517,32.1266,32.2065,28595,true
ZSMPD,2026-08-28T19:30:00Z,32.2065,32.2389,32.1531,32.1854,23055,true
ZSMPD,2026-08-28T19:35:00Z,32.1854,32.2433,32.1539,32.2118,33556,true
ZSMPD,2026-08-28T19:40:00Z,32.2118,32.2495,32.2093,32.247,36559,true
ZSMPD,2026-08-28T19:45:00Z,32.247,32.279,32.1502,32.1821,44969,true
ZSMPD,2026-08-28T19:50:00Z,32.1821,32.2349,32.159,32.2118,53794,true
ZSMPD,2026-08-28T19:55:00Z,32.2118,32.216,32.198,32.2023,30283,true
ZSMPD,2026-08-31T13:30:00Z,32.2023,32.2779,32.1737,32.2493,59733,true
ZSMPD,2026-08-31T13:35:00Z,32.2493,32.2874,32.2388,32.2769,51998,true
ZSMPD,2026-08-31T13:40:00Z,32.2769,32.2917,32.2379,32.2527,38173,true
ZSMPD,2026-08-31T13:45:00Z,32.2527,32.2728,32.243,32.2632,30639,true
ZSMPD,2026-08-31T13:50:00Z,32.2632,32.296,32.231,32.2639,38343,true
ZSMPD,2026-08-31T13:55:00Z,32.2639,32.351,32.247,32.334,28021,true
ZSMPD,2026-08-31T14:00:00Z,32.334,32.3543,32.274,32.2942,25770,true
ZSMPD,2026-08-31T14:05:00Z,32.2942,32.3459,32.2389,32.2906,37410,true
ZSMPD,2026-08-31T14:10:00Z,32.2906,32.3603,32.2632,32.3329,25358,true
ZSMPD,2026-08-31T14:15:00Z,32.3329,32.3608,32.2751,32.303,29814,true
ZSMPD,2026-08-31T14:20:00Z,32.303,32.3231,32.2899,32.3099,20164,true
ZSMPD,2026-08-31T14:25:00Z,32.3099,32.3331,32.2839,32.3071,23457,true
ZSMPD,2026-08-31T14:30:00Z,32.3071,32.3426,32.2969,32.3323,28910,true
ZSMPD,2026-08-31T14:35:00Z,32.3323,32.4133,32.3259,32.407,28365,true
ZSMPD,2026-08-31T14:40:00Z,32.407,32.432,32.3249,32.35,19672,true
ZSMPD,2026-08-31T14:45:00Z,32.35,32.3817,32.2916,32.3233,26501,true
ZSMPD,2026-08-31T14:50:00Z,32.3233,32.3243,32.2936,32.2946,14443,true
ZSMPD,2026-08-31T14:55:00Z,32.2946,32.3101,32.2585,32.2741,43461,true
ZSMPD,2026-08-31T15:00:00Z,32.2741,32.2795,32.2076,32.213,11565,true
ZSMPD,2026-08-31T15:05:00Z,32.213,32.2388,32.2046,32.2304,22023,true
ZSMPD,2026-08-31T15:10:00Z,32.2304,32.2411,32.2147,32.2255,26116,true
ZSMPD,2026-08-31T15:15:00Z,32.2255,32.3097,32.2046,32.2889,20680,true
ZSMPD,2026-08-31T15:20:00Z,32.2889,32.3001,32.2852,32.2965,14153,true
ZSMPD,2026-08-31T15:25:00Z,32.2965,32.3626,32.2525,32.3187,18313,true
ZSMPD,2026-08-31T15:30:00Z,32.3187,32.329,32.3144,32.3247,20396,true
ZSMPD,2026-08-31T15:35:00Z,32.3247,32.3963,32.2874,32.359,22838,true
ZSMPD,2026-08-31T15:40:00Z,32.359,32.3615,32.3222,32.3247,24492,true
ZSMPD,2026-08-31T15:45:00Z,32.3247,32.3461,32.3041,32.3255,13351,true
ZSMPD,2026-08-31T15:50:00Z,32.3255,32.3614,32.2852,32.3212,16520,true
ZSMPD,2026-08-31T15:55:00Z,32.3212,32.3384,32.2647,32.2819,27874,true
ZSMPD,2026-08-31T16:00:00Z,32.2819,32.3531,32.2757,32.3468,16179,true
ZSMPD,2026-08-31T16:05:00Z,32.3468,32.3979,32.3463,32.3974,13327,true
ZSMPD,2026-08-31T16:10:00Z,32.3974,32.4327,32.3952,32.4306,27628,true
ZSMPD,2026-08-31T16:15:00Z,32.4306,32.4795,32.4162,32.4651,26763,true
ZSMPD,2026-08-31T16:20:00Z,32.4651,32.4967,32.3572,32.3888,24222,true
ZSMPD,2026-08-31T16:25:00Z,32.3888,32.4347,32.3495,32.3954,20648,true
ZSMPD,2026-08-31T16:30:00Z,32.3954,32.4444,32.388,32.437,21407,true
ZSMPD,2026-08-31T16:35:00Z,32.437,32.4466,32.4255,32.4351,15020,true
ZSMPD,2026-08-31T16:40:00Z,32.4351,32.4464,32.4031,32.4144,14863,true
ZSMPD,2026-08-31T16:45:00Z,32.4144,32.4889,32.3756,32.4502,16912,true
ZSMPD,2026-08-31T16:50:00Z,32.4502,32.4616,32.3871,32.3985,15846,true
ZSMPD,2026-08-31T16:55:00Z,32.3985,32.4224,32.3214,32.3454,20957,true
ZSMPD,2026-08-31T17:00:00Z,32.3454,32.4241,32.3245,32.4033,16905,true
ZSMPD,2026-08-31T17:05:00Z,32.4033,32.4497,32.288,32.3344,18066,true
ZSMPD,2026-08-31T17:10:00Z,32.3344,32.3583,32.2949,32.3187,18442,true
ZSMPD,2026-08-31T17:15:00Z,32.3187,32.3199,32.2926,32.2938,16864,true
ZSMPD,2026-08-31T17:20:00Z,32.2938,32.304,32.2148,32.2251,17347,true
ZSMPD,2026-08-31T17:25:00Z,32.2251,32.2893,32.2219,32.2861,19258,true
ZSMPD,2026-08-31T17:30:00Z,32.2861,32.2866,32.2843,32.2848,29573,true
ZSMPD,2026-08-31T17:35:00Z,32.2848,32.3051,32.2477,32.2679,28313,true
ZSMPD,2026-08-31T17:40:00Z,32.2679,32.343,32.2529,32.328,18674,true
ZSMPD,2026-08-31T17:45:00Z,32.328,32.4131,32.2708,32.3558,10966,true
ZSMPD,2026-08-31T17:50:00Z,32.3558,32.4017,32.2661,32.312,15400,true
ZSMPD,2026-08-31T17:55:00Z,32.312,32.4235,32.287,32.3986,28080,true
ZSMPD,2026-08-31T18:00:00Z,32.3986,32.4133,32.2988,32.3135,17495,true
ZSMPD,2026-08-31T18:05:00Z,32.3135,32.342,32.2102,32.2387,23714,true
ZSMPD,2026-08-31T18:10:00Z,32.2387,32.3431,32.2081,32.3125,16223,true
ZSMPD,2026-08-31T18:15:00Z,32.3125,32.3175,32.2979,32.3029,22880,true
ZSMPD,2026-08-31T18:20:00Z,32.3029,32.3067,32.2629,32.2667,25401,true
ZSMPD,2026-08-31T18:25:00Z,32.2667,32.3093,32.254,32.2966,27481,true
ZSMPD,2026-08-31T18:30:00Z,32.2966,32.3152,32.216,32.2346,19147,true
ZSMPD,2026-08-31T18:35:00Z,32.2346,32.2564,32.1827,32.2045,19656,true
ZSMPD,2026-08-31T18:40:00Z,32.2045,32.2431,32.1399,32.1784,18248,true
ZSMPD,2026-08-31T18:45:00Z,32.1784,32.2402,32.1409,32.2027,27111,true
ZSMPD,2026-08-31T18:50:00Z,32.2027,32.3567,32.1482,32.3023,29359,true
ZSMPD,2026-08-31T18:55:00Z,32.3023,32.3158,32.2821,32.2957,20053,true
ZSMPD,2026-08-31T19:00:00Z,32.2957,32.3262,32.284,32.3145,18255,true
ZSMPD,2026-08-31T19:05:00Z,32.3145,32.3781,32.2697,32.3334,22065,true
ZSMPD,2026-08-31T19:10:00Z,32.3334,32.3501,32.3305,32.3473,31863,true
ZSMPD,2026-08-31T19:15:00Z,32.3473,32.3959,32.3319,32.3805,28675,true
ZSMPD,2026-08-31T19:20:00Z,32.3805,32.4143,32.3751,32.409,26014,true
ZSMPD,2026-08-31T19:25:00Z,32.409,32.4236,32.3267,32.3414,25403,true
ZSMPD,2026-08-31T19:30:00Z,32.3414,32.3637,32.3318,32.3542,24975,true
ZSMPD,2026-08-31T19:35:00Z,32.3542,32.3718,32.3265,32.3441,19937,true
ZSMPD,2026-08-31T19:40:00Z,32.3441,32.35,32.3193,32.3252,26118,true
ZSMPD,2026-08-31T19:45:00Z,32.3252,32.3717,32.2337,32.2803,43935,true
ZSMPD,2026-08-31T19:50:00Z,32.2803,32.3203,32.2498,32.2898,23242,true
ZSMPD,2026-08-31T19:55:00Z,32.2898,32.3113,32.2639,32.2854,33242,true
ZSMPD,2026-09-01T13:30:00Z,32.2854,32.3773,32.266,32.3579,48985,true
ZSMPD,2026-09-01T13:35:00Z,32.3579,32.3819,32.3536,32.3776,56438,true
ZSMPD,2026-09-01T13:40:00Z,32.3776,32.4255,32.3372,32.3851,34323,true
ZSMPD,2026-09-01T13:45:00Z,32.3851,32.4206,32.3801,32.4156,43399,true
ZSMPD,2026-09-01T13:50:00Z,32.4156,32.4272,32.3911,32.4027,28215,true
ZSMPD,2026-09-01T13:55:00Z,32.4027,32.4516,32.3965,32.4454,45128,true
ZSMPD,2026-09-01T14:00:00Z,32.4454,32.4474,32.4417,32.4437,31149,true
ZSMPD,2026-09-01T14:05:00Z,32.4437,32.5544,32.4332,32.544,48428,true
ZSMPD,2026-09-01T14:10:00Z,32.544,32.5911,32.5438,32.5909,39685,true
ZSMPD,2026-09-01T14:15:00Z,32.5909,32.5996,32.5807,32.5893,33508,true
ZSMPD,2026-09-01T14:20:00Z,32.5893,32.6286,32.5158,32.555,15830,true
ZSMPD,2026-09-01T14:25:00Z,32.555,32.5799,32.5473,32.5722,19840,true
ZSMPD,2026-09-01T14:30:00Z,32.5722,32.5921,32.4805,32.5005,22685,true
ZSMPD,2026-09-01T14:35:00Z,32.5005,32.513,32.4891,32.5016,26020,true
ZSMPD,2026-09-01T14:40:00Z,32.5016,32.6229,32.4616,32.5829,18379,true
ZSMPD,2026-09-01T14:45:00Z,32.5829,32.5981,32.5623,32.5775,20492,true
ZSMPD,2026-09-01T14:50:00Z,32.5775,32.6151,32.5628,32.6004,17155,true
ZSMPD,2026-09-01T14:55:00Z,32.6004,32.6995,32.596,32.6952,16041,true
ZSMPD,2026-09-01T15:00:00Z,32.6952,32.7155,32.6235,32.6438,12606,true
ZSMPD,2026-09-01T15:05:00Z,32.6438,32.6569,32.6035,32.6165,20867,true
ZSMPD,2026-09-01T15:10:00Z,32.6165,32.6634,32.6098,32.6567,24804,true
ZSMPD,2026-09-01T15:15:00Z,32.6567,32.6979,32.6135,32.6547,18877,true
ZSMPD,2026-09-01T15:20:00Z,32.6547,32.6805,32.6152,32.6409,12161,true
ZSMPD,2026-09-01T15:25:00Z,32.6409,32.6943,32.6113,32.6647,19864,true
ZSMPD,2026-09-01T15:30:00Z,32.6647,32.6686,32.6515,32.6553,21110,true
ZSMPD,2026-09-01T15:35:00Z,32.6553,32.7097,32.6401,32.6945,20769,true
ZSMPD,2026-09-01T15:40:00Z,32.6945,32.7467,32.6899,32.7421,22601,true
ZSMPD,2026-09-01T15:45:00Z,32.7421,32.7476,32.7251,32.7306,14659,true
ZSMPD,2026-09-01T15:50:00Z,32.7306,32.7373,32.7153,32.722,32595,true
ZSMPD,2026-09-01T15:55:00Z,32.722,32.7515,32.5772,32.6066,18421,true
ZSMPD,2026-09-01T16:00:00Z,32.6066,32.6404,32.4845,32.5183,16822,true
ZSMPD,2026-09-01T16:05:00Z,32.5183,32.5436,32.4862,32.5115,26395,true
ZSMPD,2026-09-01T16:10:00Z,32.5115,32.5755,32.506,32.57,25109,true
ZSMPD,2026-09-01T16:15:00Z,32.57,32.5937,32.5165,32.5403,24805,true
ZSMPD,2026-09-01T16:20:00Z,32.5403,32.5637,32.5257,32.5491,20471,true
ZSMPD,2026-09-01T16:25:00Z,32.5491,32.5573,32.5245,32.5327,32966,true
ZSMPD,2026-09-01T16:30:00Z,32.5327,32.6103,32.5276,32.6052,18584,true
ZSMPD,2026-09-01T16:35:00Z,32.6052,32.6345,32.5775,32.6068,22466,true
ZSMPD,2026-09-01T16:40:00Z,32.6068,32.6392,32.531,32.5634,16713,true
ZSMPD,2026-09-01T16:45:00Z,32.5634,32.5907,32.5485,32.5758,27609,true
ZSMPD,2026-09-01T16:50:00Z,32.5758,32.5972,32.4693,32.4908,33760,true
ZSMPD,2026-09-01T16:55:00Z,32.4908,32.535,32.3812,32.4254,22853,true
ZSMPD,2026-09-01T17:00:00Z,32.4254,32.4799,32.335,32.3894,24955,true
ZSMPD,2026-09-01T17:05:00Z,32.3894,32.42,32.328,32.3586,16582,true
ZSMPD,2026-09-01T17:10:00Z,32.3586,32.4059,32.2344,32.2816,23700,true
ZSMPD,2026-09-01T17:15:00Z,32.2816,32.2895,32.257,32.2649,27527,true
ZSMPD,2026-09-01T17:20:00Z,32.2649,32.312,32.2355,32.2825,19654,true
ZSMPD,2026-09-01T17:25:00Z,32.2825,32.3165,32.2758,32.3097,31539,true
ZSMPD,2026-09-01T17:30:00Z,32.3097,32.405,32.247,32.3423,15911,true
ZSMPD,2026-09-01T17:35:00Z,32.3423,32.3631,32.3053,32.3261,22070,true
ZSMPD,2026-09-01T17:40:00Z,32.3261,32.3533,32.2885,32.3157,17267,true
ZSMPD,2026-09-01T17:45:00Z,32.3157,32.3213,32.2976,32.3033,16127,true
ZSMPD,2026-09-01T17:50:00Z,32.3033,32.3358,32.2451,32.2776,19490,true
ZSMPD,2026-09-01T17:55:00Z,32.2776,32.2801,32.186,32.1884,18297,true
ZSMPD,2026-09-01T18:00:00Z,32.1884,32.2175,32.0759,32.105,19238,true
ZSMPD,2026-09-01T18:05:00Z,32.105,32.1154,32.042,32.0525,23065,true
ZSMPD,2026-09-01T18:10:00Z,32.0525,32.1764,32.0032,32.1271,14558,true
ZSMPD,2026-09-01T18:15:00Z,32.1271,32.1383,32.1213,32.1325,28169,true
ZSMPD,2026-09-01T18:20:00Z,32.1325,32.1908,32.1078,32.1661,21749,true
ZSMPD,2026-09-01T18:25:00Z,32.1661,32.1841,32.1284,32.1465,27265,true
ZSMPD,2026-09-01T18:30:00Z,32.1465,32.1523,32.0745,32.0804,36748,true
ZSMPD,2026-09-01T18:35:00Z,32.0804,32.1346,32.076,32.1302,18796,true
ZSMPD,2026-09-01T18:40:00Z,32.1302,32.1779,32.1139,32.1616,22367,true
ZSMPD,2026-09-01T18:45:00Z,32.1616,32.1686,32.1477,32.1547,16220,true
ZSMPD,2026-09-01T18:50:00Z,32.1547,32.2072,32.1278,32.1804,14982,true
ZSMPD,2026-09-01T18:55:00Z,32.1804,32.2359,32.12,32.1755,23754,true
ZSMPD,2026-09-01T19:00:00Z,32.1755,32.2096,32.1751,32.2093,22094,true
ZSMPD,2026-09-01T19:05:00Z,32.2093,32.2349,32.1689,32.1945,39680,true
ZSMPD,2026-09-01T19:10:00Z,32.1945,32.2339,32.1848,32.2243,28949,true
ZSMPD,2026-09-01T19:15:00Z,32.2243,32.2476,32.1855,32.2088,14668,true
ZSMPD,2026-09-01T19:20:00Z,32.2088,32.2741,32.1283,32.1936,25371,true
ZSMPD,2026-09-01T19:25:00Z,32.1936,32.2125,32.1631,32.182,30282,true
ZSMPD,2026-09-01T19:30:00Z,32.182,32.1936,32.1388,32.1505,18262,true
ZSMPD,2026-09-01T19:35:00Z,32.1505,32.2109,32.1325,32.193,21781,true
ZSMPD,2026-09-01T19:40:00Z,32.193,32.246,32.1879,32.2409,30016,true
ZSMPD,2026-09-01T19:45:00Z,32.2409,32.2771,32.2173,32.2535,26873,true
ZSMPD,2026-09-01T19:50:00Z,32.2535,32.2546,32.2303,32.2315,39197,true
ZSMPD,2026-09-01T19:55:00Z,32.2315,32.2928,32.177,32.2384,31247,true
ZSMPD,2026-09-02T13:30:00Z,32.2384,32.2443,32.199,32.205,36414,true
ZSMPD,2026-09-02T13:35:00Z,32.205,32.2074,32.1606,32.1631,35566,true
ZSMPD,2026-09-02T13:40:00Z,32.1631,32.178,32.1439,32.1589,55586,true
ZSMPD,2026-09-02T13:45:00Z,32.1589,32.1906,32.1476,32.1793,34307,true
ZSMPD,2026-09-02T13:50:00Z,32.1793,32.2537,32.1731,32.2475,31120,true
ZSMPD,2026-09-02T13:55:00Z,32.2475,32.2548,32.2178,32.2252,24936,true
ZSMPD,2026-09-02T14:00:00Z,32.2252,32.247,32.1831,32.2049,27852,true
ZSMPD,2026-09-02T14:05:00Z,32.2049,32.2437,32.1866,32.2254,29641,true
ZSMPD,2026-09-02T14:10:00Z,32.2254,32.2477,32.2248,32.2471,25236,true
ZSMPD,2026-09-02T14:15:00Z,32.2471,32.277,32.229,32.2588,26350,true
ZSMPD,2026-09-02T14:20:00Z,32.2588,32.2931,32.1567,32.191,23483,true
ZSMPD,2026-09-02T14:25:00Z,32.191,32.2065,32.1893,32.2048,29242,true
ZSMPD,2026-09-02T14:30:00Z,32.2048,32.2377,32.1594,32.1924,26350,true
ZSMPD,2026-09-02T14:35:00Z,32.1924,32.2162,32.1707,32.1946,16862,true
ZSMPD,2026-09-02T14:40:00Z,32.1946,32.2849,32.1905,32.2809,29173,true
ZSMPD,2026-09-02T14:45:00Z,32.2809,32.2983,32.2752,32.2926,16787,true
ZSMPD,2026-09-02T14:50:00Z,32.2926,32.3706,32.2779,32.3559,15382,true
ZSMPD,2026-09-02T14:55:00Z,32.3559,32.3952,32.3171,32.3564,15028,true
ZSMPD,2026-09-02T15:00:00Z,32.3564,32.3927,32.3542,32.3904,31960,true
ZSMPD,2026-09-02T15:05:00Z,32.3904,32.3927,32.3656,32.368,19681,true
ZSMPD,2026-09-02T15:10:00Z,32.368,32.3708,32.3382,32.341,23721,true
ZSMPD,2026-09-02T15:15:00Z,32.341,32.3572,32.2805,32.2966,18209,true
ZSMPD,2026-09-02T15:20:00Z,32.2966,32.3316,32.2675,32.3026,15802,true
ZSMPD,2026-09-02T15:25:00Z,32.3026,32.315,32.2684,32.2808,19210,true
ZSMPD,2026-09-02T15:30:00Z,32.2808,32.3181,32.2475,32.2848,27676,true
ZSMPD,2026-09-02T15:35:00Z,32.2848,32.3316,32.2846,32.3314,13616,true
ZSMPD,2026-09-02T15:40:00Z,32.3314,32.4249,32.2986,32.3921,39479,true
ZSMPD,2026-09-02T15:45:00Z,32.3921,32.4075,32.3661,32.3815,19444,true
ZSMPD,2026-09-02T15:50:00Z,32.3815,32.3854,32.3118,32.3157,20321,true
ZSMPD,2026-09-02T15:55:00Z,32.3157,32.3536,32.2211,32.259,22781,true
ZSMPD,2026-09-02T16:00:00Z,32.259,32.2869,32.2011,32.229,17432,true
ZSMPD,2026-09-02T16:05:00Z,32.229,32.2522,32.2191,32.2423,19074,true
ZSMPD,2026-09-02T16:10:00Z,32.2423,32.2571,32.2069,32.2217,16327,true
ZSMPD,2026-09-02T16:15:00Z,32.2217,32.2333,32.2093,32.221,21334,true
ZSMPD,2026-09-02T16:20:00Z,32.221,32.2337,32.1263,32.1391,20939,true
ZSMPD,2026-09-02T16:25:00Z,32.1391,32.1527,32.0762,32.0899,30474,true
ZSMPD,2026-09-02T16:30:00Z,32.0899,32.1058,31.9764,31.9922,16487,true
ZSMPD,2026-09-02T16:35:00Z,31.9922,32.0311,31.9894,32.0283,17108,true
ZSMPD,2026-09-02T16:40:00Z,32.0283,32.0385,32.0218,32.032,24076,true
ZSMPD,2026-09-02T16:45:00Z,32.032,32.0496,31.9408,31.9584,19948,true
ZSMPD,2026-09-02T16:50:00Z,31.9584,31.9719,31.9274,31.9408,20529,true
ZSMPD,2026-09-02T16:55:00Z,31.9408,32.003,31.9012,31.9634,25904,true
ZSMPD,2026-09-02T17:00:00Z,31.9634,31.9875,31.9099,31.934,26733,true
ZSMPD,2026-09-02T17:05:00Z,31.934,31.9772,31.8812,31.9244,17860,true
ZSMPD,2026-09-02T17:10:00Z,31.9244,31.9676,31.9104,31.9535,21359,true
ZSMPD,2026-09-02T17:15:00Z,31.9535,31.9888,31.9329,31.9682,17549,true
ZSMPD,2026-09-02T17:20:00Z,31.9682,31.9809,31.8715,31.8842,21869,true
ZSMPD,2026-09-02T17:25:00Z,31.8842,31.9322,31.8776,31.9256,19652,true
ZSMPD,2026-09-02T17:30:00Z,31.9256,31.9496,31.9025,31.9265,11937,true
ZSMPD,2026-09-02T17:35:00Z,31.9265,31.9489,31.9186,31.9409,20400,true
ZSMPD,2026-09-02T17:40:00Z,31.9409,31.9689,31.9264,31.9543,14230,true
ZSMPD,2026-09-02T17:45:00Z,31.9543,31.9675,31.9386,31.9518,21445,true
ZSMPD,2026-09-02T17:50:00Z,31.9518,31.9761,31.9096,31.9338,16062,true
ZSMPD,2026-09-02T17:55:00Z,31.9338,31.98,31.9329,31.9791,24629,true
ZSMPD,2026-09-02T18:00:00Z,31.9791,31.999,31.9505,31.9704,22096,true
ZSMPD,2026-09-02T18:05:00Z,31.9704,31.9995,31.9636,31.9926,22684,true
ZSMPD,2026-09-02T18:10:00Z,31.9926,32.0763,31.9888,32.0724,24992,true
ZSMPD,2026-09-02T18:15:00Z,32.0724,32.0736,32.0469,32.048,31664,true
ZSMPD,2026-09-02T18:20:00Z,32.048,32.0963,32.0339,32.0822,13141,true
ZSMPD,2026-09-02T18:25:00Z,32.0822,32.099,32.018,32.0348,18327,true
ZSMPD,2026-09-02T18:30:00Z,32.0348,32.119,31.9916,32.0757,24738,true
ZSMPD,2026-09-02T18:35:00Z,32.0757,32.1318,32.0658,32.1219,25942,true
ZSMPD,2026-09-02T18:40:00Z,32.1219,32.1894,32.0902,32.1577,21784,true
ZSMPD,2026-09-02T18:45:00Z,32.1577,32.1969,32.1451,32.1843,21374,true
ZSMPD,2026-09-02T18:50:00Z,32.1843,32.2123,32.1768,32.2048,25440,true
ZSMPD,2026-09-02T18:55:00Z,32.2048,32.2902,32.183,32.2684,39272,true
ZSMPD,2026-09-02T19:00:00Z,32.2684,32.2862,32.2155,32.2333,11271,true
ZSMPD,2026-09-02T19:05:00Z,32.2333,32.2747,32.1291,32.1705,30209,true
ZSMPD,2026-09-02T19:10:00Z,32.1705,32.2061,32.1551,32.1908,21745,true
ZSMPD,2026-09-02T19:15:00Z,32.1908,32.1923,32.1847,32.1862,37400,true
ZSMPD,2026-09-02T19:20:00Z,32.1862,32.2131,32.1539,32.1808,12747,true
ZSMPD,2026-09-02T19:25:00Z,32.1808,32.1844,32.1632,32.1668,39421,true
ZSMPD,2026-09-02T19:30:00Z,32.1668,32.1707,32.1127,32.1166,25116,true
ZSMPD,2026-09-02T19:35:00Z,32.1166,32.2103,32.0699,32.1636,54669,true
ZSMPD,2026-09-02T19:40:00Z,32.1636,32.2164,32.1231,32.1758,31644,true
ZSMPD,2026-09-02T19:45:00Z,32.1758,32.2105,32.1577,32.1924,28800,true
ZSMPD,2026-09-02T19:50:00Z,32.1924,32.2377,32.1631,32.2084,41250,true
ZSMPD,2026-09-02T19:55:00Z,32.2084,32.321,32.2081,32.3207,32721,true
ZSMPD,2026-09-03T13:30:00Z,32.3207,32.3315,32.2865,32.2973,46623,true
ZSMPD,2026-09-03T13:35:00Z,32.2973,32.3389,32.1868,32.2284,41777,true
ZSMPD,2026-09-03T13:40:00Z,32.2284,32.3085,32.1949,32.275,37037,true
ZSMPD,2026-09-03T13:45:00Z,32.275,32.2869,32.2586,32.2705,69766,true
ZSMPD,2026-09-03T13:50:00Z,32.2705,32.2911,32.1655,32.1862,40919,true
ZSMPD,2026-09-03T13:55:00Z,32.1862,32.1955,32.1313,32.1406,29627,true
ZSMPD,2026-09-03T14:00:00Z,32.1406,32.1623,32.1102,32.1319,27219,true
ZSMPD,2026-09-03T14:05:00Z,32.1319,32.1571,32.051,32.0761,22268,true
ZSMPD,2026-09-03T14:10:00Z,32.0761,32.0884,31.992,32.0043,28393,true
ZSMPD,2026-09-03T14:15:00Z,32.0043,32.0543,31.9977,32.0477,20999,true
ZSMPD,2026-09-03T14:20:00Z,32.0477,32.0767,31.9961,32.0251,45878,true
ZSMPD,2026-09-03T14:25:00Z,32.0251,32.048,31.9802,32.0032,25482,true
ZSMPD,2026-09-03T14:30:00Z,32.0032,32.0566,31.9531,32.0065,34290,true
ZSMPD,2026-09-03T14:35:00Z,32.0065,32.0449,31.9863,32.0247,22319,true
ZSMPD,2026-09-03T14:40:00Z,32.0247,32.0823,31.9724,32.03,34600,true
ZSMPD,2026-09-03T14:45:00Z,32.03,32.0461,32.0207,32.0369,20329,true
ZSMPD,2026-09-03T14:50:00Z,32.0369,32.0451,31.972,31.9803,11329,true
ZSMPD,2026-09-03T14:55:00Z,31.9803,31.9911,31.9621,31.9729,24102,true
ZSMPD,2026-09-03T15:00:00Z,31.9729,31.9735,31.9389,31.9396,15083,true
ZSMPD,2026-09-03T15:05:00Z,31.9396,31.9721,31.9387,31.9712,21130,true
ZSMPD,2026-09-03T15:10:00Z,31.9712,31.9849,31.9655,31.9792,21948,true
ZSMPD,2026-09-03T15:15:00Z,31.9792,31.9924,31.967,31.9802,19250,true
ZSMPD,2026-09-03T15:20:00Z,31.9802,31.9873,31.9408,31.9479,27313,true
ZSMPD,2026-09-03T15:25:00Z,31.9479,31.9802,31.9,31.9323,20037,true
ZSMPD,2026-09-03T15:30:00Z,31.9323,32.0356,31.8985,32.0018,16247,true
ZSMPD,2026-09-03T15:35:00Z,32.0018,32.0944,31.9286,32.0212,25108,true
ZSMPD,2026-09-03T15:40:00Z,32.0212,32.0845,31.996,32.0593,18630,true
ZSMPD,2026-09-03T15:45:00Z,32.0593,32.0675,32.006,32.0142,23995,true
ZSMPD,2026-09-03T15:50:00Z,32.0142,32.0737,31.9894,32.0489,18374,true
ZSMPD,2026-09-03T15:55:00Z,32.0489,32.0574,32.0364,32.0449,15153,true
ZSMPD,2026-09-03T16:00:00Z,32.0449,32.1005,31.9933,32.0489,23530,true
ZSMPD,2026-09-03T16:05:00Z,32.0489,32.1816,32.0241,32.1568,27829,true
ZSMPD,2026-09-03T16:10:00Z,32.1568,32.1963,32.1461,32.1857,26536,true
ZSMPD,2026-09-03T16:15:00Z,32.1857,32.2077,32.1736,32.1957,19401,true
ZSMPD,2026-09-03T16:20:00Z,32.1957,32.2021,32.1803,32.1867,17146,true
ZSMPD,2026-09-03T16:25:00Z,32.1867,32.1905,32.0927,32.0965,13692,true
ZSMPD,2026-09-03T16:30:00Z,32.0965,32.1703,32.0607,32.1345,17270,true
ZSMPD,2026-09-03T16:35:00Z,32.1345,32.1875,32.1258,32.1788,12551,true
ZSMPD,2026-09-03T16:40:00Z,32.1788,32.2052,32.1209,32.1473,29606,true
ZSMPD,2026-09-03T16:45:00Z,32.1473,32.1736,32.1298,32.1561,28452,true
ZSMPD,2026-09-03T16:50:00Z,32.1561,32.157,32.13,32.1309,21584,true
ZSMPD,2026-09-03T16:55:00Z,32.1309,32.165,32.096,32.13,16037,true
ZSMPD,2026-09-03T17:00:00Z,32.13,32.1823,32.1226,32.1748,13838,true
ZSMPD,2026-09-03T17:05:00Z,32.1748,32.2239,32.1569,32.206,16366,true
ZSMPD,2026-09-03T17:10:00Z,32.206,32.2731,32.1792,32.2463,19731,true
ZSMPD,2026-09-03T17:15:00Z,32.2463,32.2639,32.1767,32.1943,12891,true
ZSMPD,2026-09-03T17:20:00Z,32.1943,32.2263,32.1432,32.1752,23154,true
ZSMPD,2026-09-03T17:25:00Z,32.1752,32.2128,32.099,32.1367,19469,true
ZSMPD,2026-09-03T17:30:00Z,32.1367,32.1492,32.0753,32.0878,21900,true
ZSMPD,2026-09-03T17:35:00Z,32.0878,32.182,32.0594,32.1535,15630,true
ZSMPD,2026-09-03T17:40:00Z,32.1535,32.2756,32.1095,32.2315,25684,true
ZSMPD,2026-09-03T17:45:00Z,32.2315,32.2605,32.1418,32.1708,30810,true
ZSMPD,2026-09-03T17:50:00Z,32.1708,32.1766,32.1429,32.1487,16990,true
ZSMPD,2026-09-03T17:55:00Z,32.1487,32.1925,32.1281,32.1719,29292,true
ZSMPD,2026-09-03T18:00:00Z,32.1719,32.1784,32.0996,32.1062,22793,true
ZSMPD,2026-09-03T18:05:00Z,32.1062,32.2064,32.0492,32.1494,25159,true
ZSMPD,2026-09-03T18:10:00Z,32.1494,32.2282,32.1319,32.2107,42230,true
ZSMPD,2026-09-03T18:15:00Z,32.2107,32.2297,32.1971,32.2161,20109,true
ZSMPD,2026-09-03T18:20:00Z,32.2161,32.2395,32.1438,32.1672,13170,true
ZSMPD,2026-09-03T18:25:00Z,32.1672,32.1698,32.1402,32.1428,21660,true
ZSMPD,2026-09-03T18:30:00Z,32.1428,32.1904,32.1386,32.1862,29928,true
ZSMPD,2026-09-03T18:35:00Z,32.1862,32.1923,32.1481,32.1542,20426,true
ZSMPD,2026-09-03T18:40:00Z,32.1542,32.1884,32.0649,32.0991,37189,true
ZSMPD,2026-09-03T18:45:00Z,32.0991,32.1131,32.0399,32.0539,17940,true
ZSMPD,2026-09-03T18:50:00Z,32.0539,32.1001,32.0209,32.0671,23197,true
ZSMPD,2026-09-03T18:55:00Z,32.0671,32.1225,31.9537,32.009,24858,true
ZSMPD,2026-09-03T19:00:00Z,32.009,32.0289,31.9757,31.9956,19250,true
ZSMPD,2026-09-03T19:05:00Z,31.9956,32.017,31.9007,31.922,24631,true
ZSMPD,2026-09-03T19:10:00Z,31.922,31.9665,31.8864,31.9308,20077,true
ZSMPD,2026-09-03T19:15:00Z,31.9308,31.9659,31.9222,31.9572,24935,true
ZSMPD,2026-09-03T19:20:00Z,31.9572,32.0897,31.9283,32.0608,19225,true
ZSMPD,2026-09-03T19:25:00Z,32.0608,32.1178,32.0356,32.0926,41944,true
ZSMPD,2026-09-03T19:30:00Z,32.0926,32.1195,32.0586,32.0855,36399,true
ZSMPD,2026-09-03T19:35:00Z,32.0855,32.105,32.0623,32.0818,32996,true
ZSMPD,2026-09-03T19:40:00Z,32.0818,32.1286,31.9979,32.0447,54014,true
ZSMPD,2026-09-03T19:45:00Z,32.0447,32.1021,31.9633,32.0207,39804,true
ZSMPD,2026-09-03T19:50:00Z,32.0207,32.0523,31.9709,32.0026,49017,true
ZSMPD,2026-09-03T19:55:00Z,32.0026,32.0522,31.9691,32.0188,33028,true
ZSMPD,2026-09-04T13:30:00Z,32.0188,32.022,31.976,31.9792,70440,true
ZSMPD,2026-09-04T13:35:00Z,31.9792,32.0077,31.9621,31.9905,45260,true
ZSMPD,2026-09-04T13:40:00Z,31.9905,32.0027,31.9707,31.9829,35849,true
ZSMPD,2026-09-04T13:45:00Z,31.9829,31.9864,31.9724,31.9759,40873,true
ZSMPD,2026-09-04T13:50:00Z,31.9759,32.0565,31.9277,32.0083,33911,true
ZSMPD,2026-09-04T13:55:00Z,32.0083,32.0277,31.9677,31.9871,28430,true
ZSMPD,2026-09-04T14:00:00Z,31.9871,32.0155,31.9351,31.9635,26560,true
ZSMPD,2026-09-04T14:05:00Z,31.9635,32.0158,31.9556,32.0079,22835,true
ZSMPD,2026-09-04T14:10:00Z,32.0079,32.0204,31.9504,31.9629,26301,true
ZSMPD,2026-09-04T14:15:00Z,31.9629,31.9784,31.9542,31.9697,19608,true
ZSMPD,2026-09-04T14:20:00Z,31.9697,31.9963,31.877,31.9036,21769,true
ZSMPD,2026-09-04T14:25:00Z,31.9036,31.9089,31.8586,31.8639,25062,true
ZSMPD,2026-09-04T14:30:00Z,31.8639,31.8694,31.8284,31.8339,27106,true
ZSMPD,2026-09-04T14:35:00Z,31.8339,31.8988,31.8138,31.8788,17809,true
ZSMPD,2026-09-04T14:40:00Z,31.8788,31.8861,31.8259,31.8332,16520,true
ZSMPD,2026-09-04T14:45:00Z,31.8332,31.9448,31.8249,31.9365,31006,true
ZSMPD,2026-09-04T14:50:00Z,31.9365,32.0095,31.9172,31.9901,19199,true
ZSMPD,2026-09-04T14:55:00Z,31.9901,32.04,31.9826,32.0324,20103,true
ZSMPD,2026-09-04T15:00:00Z,32.0324,32.1346,31.9648,32.067,16088,true
ZSMPD,2026-09-04T15:05:00Z,32.067,32.1451,32.0585,32.1366,24372,true
ZSMPD,2026-09-04T15:10:00Z,32.1366,32.1497,32.0413,32.0545,21143,true
ZSMPD,2026-09-04T15:15:00Z,32.0545,32.1057,32.0414,32.0926,18270,true
ZSMPD,2026-09-04T15:20:00Z,32.0926,32.1014,32.0861,32.0949,23036,true
ZSMPD,2026-09-04T15:25:00Z,32.0949,32.1488,32.0682,32.1221,13580,true
ZSMPD,2026-09-04T15:30:00Z,32.1221,32.1485,32.1002,32.1266,12859,true
ZSMPD,2026-09-04T15:35:00Z,32.1266,32.1445,32.1178,32.1356,15911,true
ZSMPD,2026-09-04T15:40:00Z,32.1356,32.1622,32.0853,32.1118,20752,true
ZSMPD,2026-09-04T15:45:00Z,32.1118,32.1496,32.1106,32.1484,12509,true
ZSMPD,2026-09-04T15:50:00Z,32.1484,32.1879,32.1308,32.1703,22625,true
ZSMPD,2026-09-04T15:55:00Z,32.1703,32.2194,32.1658,32.2148,25958,true
ZSMPD,2026-09-04T16:00:00Z,32.2148,32.268,32.1614,32.2145,24058,true
ZSMPD,2026-09-04T16:05:00Z,32.2145,32.3245,32.1802,32.2903,15257,true
ZSMPD,2026-09-04T16:10:00Z,32.2903,32.2923,32.2637,32.2658,20706,true
ZSMPD,2026-09-04T16:15:00Z,32.2658,32.3938,32.265,32.393,17951,true
ZSMPD,2026-09-04T16:20:00Z,32.393,32.445,32.3792,32.4311,22540,true
ZSMPD,2026-09-04T16:25:00Z,32.4311,32.4321,32.388,32.3889,27733,true
ZSMPD,2026-09-04T16:30:00Z,32.3889,32.4139,32.3666,32.3915,14821,true
ZSMPD,2026-09-04T16:35:00Z,32.3915,32.4358,32.3225,32.3668,20163,true
ZSMPD,2026-09-04T16:40:00Z,32.3668,32.3715,32.306,32.3106,21752,true
ZSMPD,2026-09-04T16:45:00Z,32.3106,32.3294,32.2732,32.2921,15992,true
ZSMPD,2026-09-04T16:50:00Z,32.2921,32.3436,32.2575,32.309,17100,true
ZSMPD,2026-09-04T16:55:00Z,32.309,32.342,32.257,32.2901,10179,true
ZSMPD,2026-09-04T17:00:00Z,32.2901,32.3453,32.2649,32.3201,39190,true
ZSMPD,2026-09-04T17:05:00Z,32.3201,32.3489,32.2434,32.2722,21501,true
ZSMPD,2026-09-04T17:10:00Z,32.2722,32.2841,32.2633,32.2752,18365,true
ZSMPD,2026-09-04T17:15:00Z,32.2752,32.3406,32.2513,32.3168,19514,true
ZSMPD,2026-09-04T17:20:00Z,32.3168,32.3536,32.2648,32.3016,24685,true
ZSMPD,2026-09-04T17:25:00Z,32.3016,32.3607,32.2751,32.3341,17293,true
ZSMPD,2026-09-04T17:30:00Z,32.3341,32.3407,32.2738,32.2804,18445,true
ZSMPD,2026-09-04T17:35:00Z,32.2804,32.2898,32.1731,32.1825,18927,true
ZSMPD,2026-09-04T17:40:00Z,32.1825,32.1997,32.1646,32.1819,18688,true
ZSMPD,2026-09-04T17:45:00Z,32.1819,32.2128,32.1776,32.2085,20514,true
ZSMPD,2026-09-04T17:50:00Z,32.2085,32.2725,32.1808,32.2448,25758,true
ZSMPD,2026-09-04T17:55:00Z,32.2448,32.2553,32.2129,32.2234,27034,true
ZSMPD,2026-09-04T18:00:00Z,32.2234,32.2413,32.1629,32.1808,24469,true
ZSMPD,2026-09-04T18:05:00Z,32.1808,32.1921,32.1748,32.1862,20431,true
ZSMPD,2026-09-04T18:10:00Z,32.1862,32.2168,32.1676,32.1982,22122,true
ZSMPD,2026-09-04T18:15:00Z,32.1982,32.2166,32.1807,32.1991,19810,true
ZSMPD,2026-09-04T18:20:00Z,32.1991,32.2431,32.184,32.228,26100,true
ZSMPD,2026-09-04T18:25:00Z,32.228,32.2467,32.2218,32.2405,14743,true
ZSMPD,2026-09-04T18:30:00Z,32.2405,32.2978,32.2356,32.2928,22877,true
ZSMPD,2026-09-04T18:35:00Z,32.2928,32.3426,32.2888,32.3386,16441,true
ZSMPD,2026-09-04T18:40:00Z,32.3386,32.3821,32.3335,32.3771,20906,true
ZSMPD,2026-09-04T18:45:00Z,32.3771,32.4007,32.3113,32.3349,22262,true
ZSMPD,2026-09-04T18:50:00Z,32.3349,32.3462,32.2635,32.2747,38719,true
ZSMPD,2026-09-04T18:55:00Z,32.2747,32.2821,32.1953,32.2027,22800,true
ZSMPD,2026-09-04T19:00:00Z,32.2027,32.2719,32.1975,32.2667,29928,true
ZSMPD,2026-09-04T19:05:00Z,32.2667,32.3544,32.227,32.3147,18464,true
ZSMPD,2026-09-04T19:10:00Z,32.3147,32.3491,32.2915,32.326,23232,true
ZSMPD,2026-09-04T19:15:00Z,32.326,32.3644,32.2235,32.262,25276,true
ZSMPD,2026-09-04T19:20:00Z,32.262,32.2817,32.1813,32.201,18503,true
ZSMPD,2026-09-04T19:25:00Z,32.201,32.2257,32.1855,32.2101,18913,true
ZSMPD,2026-09-04T19:30:00Z,32.2101,32.2857,32.2058,32.2814,23549,true
ZSMPD,2026-09-04T19:35:00Z,32.2814,32.3613,32.2714,32.3513,40718,true
ZSMPD,2026-09-04T19:40:00Z,32.3513,32.3793,32.3318,32.3598,36400,true
ZSMPD,2026-09-04T19:45:00Z,32.3598,32.3651,32.3316,32.3369,29339,true
ZSMPD,2026-09-04T19:50:00Z,32.3369,32.4583,32.321,32.4424,37450,true
ZSMPD,2026-09-04T19:55:00Z,32.4424,32.5356,32.4194,32.5126,23052,true
ZSMPD,2026-09-08T13:30:00Z,32.5126,32.5636,32.4627,32.5137,51749,true
ZSMPD,2026-09-08T13:35:00Z,32.5137,32.5568,32.508,32.5512,36261,true
ZSMPD,2026-09-08T13:40:00Z,32.5512,32.5544,32.5301,32.5334,57092,true
ZSMPD,2026-09-08T13:45:00Z,32.5334,32.5344,32.4532,32.4542,27931,true
ZSMPD,2026-09-08T13:50:00Z,32.4542,32.4642,32.4503,32.4603,34670,true
ZSMPD,2026-09-08T13:55:00Z,32.4603,32.5038,32.3961,32.4396,44742,true
ZSMPD,2026-09-08T14:00:00Z,32.4396,32.4405,32.3861,32.387,31735,true
ZSMPD,2026-09-08T14:05:00Z,32.387,32.4242,32.3323,32.3695,41104,true
ZSMPD,2026-09-08T14:10:00Z,32.3695,32.4044,32.3484,32.3832,27416,true
ZSMPD,2026-09-08T14:15:00Z,32.3832,32.4653,32.3796,32.4617,19436,true
ZSMPD,2026-09-08T14:20:00Z,32.4617,32.504,32.447,32.4893,19824,true
ZSMPD,2026-09-08T14:25:00Z,32.4893,32.497,32.4686,32.4764,31328,true
ZSMPD,2026-09-08T14:30:00Z,32.4764,32.5348,32.4525,32.5108,24161,true
ZSMPD,2026-09-08T14:35:00Z,32.5108,32.5352,32.5089,32.5333,20673,true
ZSMPD,2026-09-08T14:40:00Z,32.5333,32.5542,32.512,32.5328,22178,true
ZSMPD,2026-09-08T14:45:00Z,32.5328,32.6076,32.5105,32.5854,23210,true
ZSMPD,2026-09-08T14:50:00Z,32.5854,32.6536,32.5741,32.6424,20691,true
ZSMPD,2026-09-08T14:55:00Z,32.6424,32.6608,32.5801,32.5985,34170,true
ZSMPD,2026-09-08T15:00:00Z,32.5985,32.6047,32.5972,32.6034,16186,true
ZSMPD,2026-09-08T15:05:00Z,32.6034,32.7116,32.5649,32.6731,27363,true
ZSMPD,2026-09-08T15:10:00Z,32.6731,32.688,32.6166,32.6315,22859,true
ZSMPD,2026-09-08T15:15:00Z,32.6315,32.7126,32.6283,32.7094,17084,true
ZSMPD,2026-09-08T15:20:00Z,32.7094,32.7105,32.7034,32.7045,19311,true
ZSMPD,2026-09-08T15:25:00Z,32.7045,32.7757,32.6883,32.7595,19326,true
ZSMPD,2026-09-08T15:30:00Z,32.7595,32.8366,32.746,32.8231,20404,true
ZSMPD,2026-09-08T15:35:00Z,32.8231,32.8469,32.8203,32.8441,21622,true
ZSMPD,2026-09-08T15:40:00Z,32.8441,32.8669,32.8261,32.8488,22119,true
ZSMPD,2026-09-08T15:45:00Z,32.8488,32.9091,32.8295,32.8897,19416,true
ZSMPD,2026-09-08T15:50:00Z,32.8897,32.9248,32.7641,32.7993,33969,true
ZSMPD,2026-09-08T15:55:00Z,32.7993,32.8574,32.768,32.8262,17122,true
ZSMPD,2026-09-08T16:00:00Z,32.8262,32.9088,32.7933,32.8759,16702,true
ZSMPD,2026-09-08T16:05:00Z,32.8759,32.8953,32.8627,32.8821,13416,true
ZSMPD,2026-09-08T16:10:00Z,32.8821,32.8997,32.8644,32.8819,14067,true
ZSMPD,2026-09-08T16:15:00Z,32.8819,32.8838,32.7947,32.7965,17591,true
ZSMPD,2026-09-08T16:20:00Z,32.7965,32.8029,32.7509,32.7572,21166,true
ZSMPD,2026-09-08T16:25:00Z,32.7572,32.8194,32.7534,32.8155,24996,true
ZSMPD,2026-09-08T16:30:00Z,32.8155,32.8234,32.7282,32.7361,15233,true
ZSMPD,2026-09-08T16:35:00Z,32.7361,32.7981,32.7002,32.7622,24028,true
ZSMPD,2026-09-08T16:40:00Z,32.7622,32.7849,32.715,32.7377,15411,true
ZSMPD,2026-09-08T16:45:00Z,32.7377,32.7808,32.6778,32.7209,31707,true
ZSMPD,2026-09-08T16:50:00Z,32.7209,32.7982,32.7148,32.7922,21663,true
ZSMPD,2026-09-08T16:55:00Z,32.7922,32.8103,32.7321,32.7503,22043,true
ZSMPD,2026-09-08T17:00:00Z,32.7503,32.823,32.7188,32.7915,22722,true
ZSMPD,2026-09-08T17:05:00Z,32.7915,32.8063,32.7612,32.7759,11499,true
ZSMPD,2026-09-08T17:10:00Z,32.7759,32.7879,32.6946,32.7066,24398,true
ZSMPD,2026-09-08T17:15:00Z,32.7066,32.7148,32.6784,32.6867,25841,true
ZSMPD,2026-09-08T17:20:00Z,32.6867,32.6908,32.6448,32.6489,27020,true
ZSMPD,2026-09-08T17:25:00Z,32.6489,32.6808,32.6397,32.6717,31512,true
ZSMPD,2026-09-08T17:30:00Z,32.6717,32.7513,32.662,32.7416,19806,true
ZSMPD,2026-09-08T17:35:00Z,32.7416,32.7422,32.7376,32.7382,15940,true
ZSMPD,2026-09-08T17:40:00Z,32.7382,32.8474,32.6948,32.804,16809,true
ZSMPD,2026-09-08T17:45:00Z,32.804,32.8259,32.7753,32.7973,21446,true
ZSMPD,2026-09-08T17:50:00Z,32.7973,32.8284,32.7397,32.7708,15532,true
ZSMPD,2026-09-08T17:55:00Z,32.7708,32.8067,32.7561,32.7921,25791,true
ZSMPD,2026-09-08T18:00:00Z,32.7921,32.8027,32.7812,32.7918,13259,true
ZSMPD,2026-09-08T18:05:00Z,32.7918,32.8243,32.7192,32.7516,18271,true
ZSMPD,2026-09-08T18:10:00Z,32.7516,32.7917,32.7246,32.7647,31774,true
ZSMPD,2026-09-08T18:15:00Z,32.7647,32.7685,32.6988,32.7025,27986,true
ZSMPD,2026-09-08T18:20:00Z,32.7025,32.7158,32.6471,32.6604,18307,true
ZSMPD,2026-09-08T18:25:00Z,32.6604,32.6642,32.6023,32.6061,21530,true
ZSMPD,2026-09-08T18:30:00Z,32.6061,32.6364,32.5545,32.5849,21929,true
ZSMPD,2026-09-08T18:35:00Z,32.5849,32.6169,32.5731,32.6051,22207,true
ZSMPD,2026-09-08T18:40:00Z,32.6051,32.6362,32.5821,32.6131,27587,true
ZSMPD,2026-09-08T18:45:00Z,32.6131,32.6393,32.6004,32.6266,21831,true
ZSMPD,2026-09-08T18:50:00Z,32.6266,32.734,32.6015,32.7089,21951,true
ZSMPD,2026-09-08T18:55:00Z,32.7089,32.7283,32.6671,32.6866,22438,true
ZSMPD,2026-09-08T19:00:00Z,32.6866,32.6976,32.6141,32.6251,21272,true
ZSMPD,2026-09-08T19:05:00Z,32.6251,32.7109,32.615,32.7008,19860,true
ZSMPD,2026-09-08T19:10:00Z,32.7008,32.735,32.6335,32.6676,21532,true
ZSMPD,2026-09-08T19:15:00Z,32.6676,32.7587,32.6432,32.7343,35922,true
ZSMPD,2026-09-08T19:20:00Z,32.7343,32.8006,32.7,32.7663,26935,true
ZSMPD,2026-09-08T19:25:00Z,32.7663,32.7722,32.7526,32.7584,28230,true
ZSMPD,2026-09-08T19:30:00Z,32.7584,32.7863,32.7302,32.7581,24771,true
ZSMPD,2026-09-08T19:35:00Z,32.7581,32.827,32.715,32.7839,35411,true
ZSMPD,2026-09-08T19:40:00Z,32.7839,32.8361,32.7249,32.777,31164,true
ZSMPD,2026-09-08T19:45:00Z,32.777,32.8346,32.7596,32.8172,48225,true
ZSMPD,2026-09-08T19:50:00Z,32.8172,32.819,32.7481,32.7499,39088,true
ZSMPD,2026-09-08T19:55:00Z,32.7499,32.7584,32.7185,32.727,31544,true
ZSMPD,2026-09-09T13:30:00Z,32.727,32.7286,32.6378,32.6394,66121,true
ZSMPD,2026-09-09T13:35:00Z,32.6394,32.6813,32.6139,32.6559,42964,true
ZSMPD,2026-09-09T13:40:00Z,32.6559,32.6732,32.5896,32.6068,51181,true
ZSMPD,2026-09-09T13:45:00Z,32.6068,32.6279,32.5989,32.6199,23933,true
ZSMPD,2026-09-09T13:50:00Z,32.6199,32.6527,32.5201,32.5529,28152,true
ZSMPD,2026-09-09T13:55:00Z,32.5529,32.5818,32.4241,32.4531,23881,true
ZSMPD,2026-09-09T14:00:00Z,32.4531,32.4535,32.4336,32.434,30615,true
ZSMPD,2026-09-09T14:05:00Z,32.434,32.4483,32.4338,32.4482,23955,true
ZSMPD,2026-09-09T14:10:00Z,32.4482,32.4946,32.4471,32.4935,34319,true
ZSMPD,2026-09-09T14:15:00Z,32.4935,32.5456,32.461,32.5131,27717,true
ZSMPD,2026-09-09T14:20:00Z,32.5131,32.604,32.4554,32.5463,18008,true
ZSMPD,2026-09-09T14:25:00Z,32.5463,32.5479,32.5433,32.5448,22817,true
ZSMPD,2026-09-09T14:30:00Z,32.5448,32.615,32.5339,32.6041,23736,true
ZSMPD,2026-09-09T14:35:00Z,32.6041,32.616,32.6011,32.6129,25465,true
ZSMPD,2026-09-09T14:40:00Z,32.6129,32.6198,32.5246,32.5315,24532,true
ZSMPD,2026-09-09T14:45:00Z,32.5315,32.588,32.5166,32.5731,21424,true
ZSMPD,2026-09-09T14:50:00Z,32.5731,32.5825,32.5285,32.5379,22438,true
ZSMPD,2026-09-09T14:55:00Z,32.5379,32.5514,32.4553,32.4688,13518,true
ZSMPD,2026-09-09T15:00:00Z,32.4688,32.4956,32.4666,32.4934,21738,true
ZSMPD,2026-09-09T15:05:00Z,32.4934,32.5725,32.4621,32.5412,16289,true
ZSMPD,2026-09-09T15:10:00Z,32.5412,32.5564,32.4784,32.4936,19436,true
ZSMPD,2026-09-09T15:15:00Z,32.4936,32.6227,32.4888,32.6179,15204,true
ZSMPD,2026-09-09T15:20:00Z,32.6179,32.6219,32.5619,32.5659,16494,true
ZSMPD,2026-09-09T15:25:00Z,32.5659,32.6151,32.5319,32.5811,19245,true
ZSMPD,2026-09-09T15:30:00Z,32.5811,32.5822,32.5611,32.5621,23995,true
ZSMPD,2026-09-09T15:35:00Z,32.5621,32.6044,32.4979,32.5403,21466,true
ZSMPD,2026-09-09T15:40:00Z,32.5403,32.5489,32.5058,32.5144,15088,true
ZSMPD,2026-09-09T15:45:00Z,32.5144,32.5307,32.4912,32.5075,20979,true
ZSMPD,2026-09-09T15:50:00Z,32.5075,32.5175,32.4922,32.5022,20966,true
ZSMPD,2026-09-09T15:55:00Z,32.5022,32.5034,32.4313,32.4325,18981,true
ZSMPD,2026-09-09T16:00:00Z,32.4325,32.4894,32.365,32.4219,25399,true
ZSMPD,2026-09-09T16:05:00Z,32.4219,32.4345,32.3365,32.3491,31067,true
ZSMPD,2026-09-09T16:10:00Z,32.3491,32.3505,32.296,32.2974,17762,true
ZSMPD,2026-09-09T16:15:00Z,32.2974,32.3343,32.278,32.3149,11671,true
ZSMPD,2026-09-09T16:20:00Z,32.3149,32.3337,32.2895,32.3083,23184,true
ZSMPD,2026-09-09T16:25:00Z,32.3083,32.3237,32.268,32.2835,16862,true
ZSMPD,2026-09-09T16:30:00Z,32.2835,32.303,32.2681,32.2876,13381,true
ZSMPD,2026-09-09T16:35:00Z,32.2876,32.2884,32.2412,32.242,13188,true
ZSMPD,2026-09-09T16:40:00Z,32.242,32.3324,32.237,32.3274,24614,true
ZSMPD,2026-09-09T16:45:00Z,32.3274,32.3416,32.3097,32.3239,16819,true
ZSMPD,2026-09-09T16:50:00Z,32.3239,32.3301,32.3224,32.3286,16238,true
ZSMPD,2026-09-09T16:55:00Z,32.3286,32.3688,32.2498,32.2901,24213,true
ZSMPD,2026-09-09T17:00:00Z,32.2901,32.3266,32.2671,32.3036,23055,true
ZSMPD,2026-09-09T17:05:00Z,32.3036,32.3448,32.2995,32.3407,17675,true
ZSMPD,2026-09-09T17:10:00Z,32.3407,32.3812,32.3376,32.3781,28870,true
ZSMPD,2026-09-09T17:15:00Z,32.3781,32.3783,32.3548,32.355,17022,true
ZSMPD,2026-09-09T17:20:00Z,32.355,32.3725,32.3479,32.3653,19339,true
ZSMPD,2026-09-09T17:25:00Z,32.3653,32.4376,32.3293,32.4015,23482,true
ZSMPD,2026-09-09T17:30:00Z,32.4015,32.5036,32.3752,32.4773,24906,true
ZSMPD,2026-09-09T17:35:00Z,32.4773,32.4872,32.4599,32.4698,27075,true
ZSMPD,2026-09-09T17:40:00Z,32.4698,32.4739,32.4513,32.4554,21534,true
ZSMPD,2026-09-09T17:45:00Z,32.4554,32.5238,32.4544,32.5228,13747,true
ZSMPD,2026-09-09T17:50:00Z,32.5228,32.5392,32.4964,32.5128,14637,true
ZSMPD,2026-09-09T17:55:00Z,32.5128,32.5132,32.4751,32.4755,24241,true
ZSMPD,2026-09-09T18:00:00Z,32.4755,32.5311,32.4623,32.5179,15435,true
ZSMPD,2026-09-09T18:05:00Z,32.5179,32.542,32.4347,32.4587,15051,true
ZSMPD,2026-09-09T18:10:00Z,32.4587,32.4993,32.4309,32.4715,20492,true
ZSMPD,2026-09-09T18:15:00Z,32.4715,32.5073,32.4404,32.4762,20800,true
ZSMPD,2026-09-09T18:20:00Z,32.4762,32.5035,32.4674,32.4947,16190,true
ZSMPD,2026-09-09T18:25:00Z,32.4947,32.5167,32.4615,32.4835,16425,true
ZSMPD,2026-09-09T18:30:00Z,32.4835,32.4912,32.4433,32.451,28706,true
ZSMPD,2026-09-09T18:35:00Z,32.451,32.526,32.4346,32.5096,25038,true
ZSMPD,2026-09-09T18:40:00Z,32.5096,32.5713,32.4896,32.5513,18248,true
ZSMPD,2026-09-09T18:45:00Z,32.5513,32.5803,32.5429,32.5718,19702,true
ZSMPD,2026-09-09T18:50:00Z,32.5718,32.5758,32.5602,32.5641,24691,true
ZSMPD,2026-09-09T18:55:00Z,32.5641,32.5724,32.529,32.5373,18418,true
ZSMPD,2026-09-09T19:00:00Z,32.5373,32.5584,32.5328,32.5539,39345,true
ZSMPD,2026-09-09T19:05:00Z,32.5539,32.6014,32.5521,32.5996,30641,true
ZSMPD,2026-09-09T19:10:00Z,32.5996,32.6027,32.484,32.4871,26440,true
ZSMPD,2026-09-09T19:15:00Z,32.4871,32.5188,32.4801,32.5118,37459,true
ZSMPD,2026-09-09T19:20:00Z,32.5118,32.5211,32.5037,32.513,18483,true
ZSMPD,2026-09-09T19:25:00Z,32.513,32.5355,32.5094,32.5318,22759,true
ZSMPD,2026-09-09T19:30:00Z,32.5318,32.567,32.4616,32.4967,36340,true
ZSMPD,2026-09-09T19:35:00Z,32.4967,32.535,32.4928,32.5311,25965,true
ZSMPD,2026-09-09T19:40:00Z,32.5311,32.5876,32.5308,32.5873,26319,true
ZSMPD,2026-09-09T19:45:00Z,32.5873,32.5979,32.5599,32.5705,42356,true
ZSMPD,2026-09-09T19:50:00Z,32.5705,32.5908,32.5475,32.5678,37739,true
ZSMPD,2026-09-09T19:55:00Z,32.5678,32.5825,32.5421,32.5568,25800,true
ZSMPD,2026-09-10T13:30:00Z,32.5568,32.6041,32.535,32.5823,47210,true
ZSMPD,2026-09-10T13:35:00Z,32.5823,32.6082,32.5321,32.558,33715,true
ZSMPD,2026-09-10T13:40:00Z,32.558,32.6623,32.5453,32.6496,32656,true
ZSMPD,2026-09-10T13:45:00Z,32.6496,32.7517,32.6248,32.727,53680,true
ZSMPD,2026-09-10T13:50:00Z,32.727,32.7305,32.6963,32.6999,38215,true
ZSMPD,2026-09-10T13:55:00Z,32.6999,32.7261,32.6545,32.6807,26963,true
ZSMPD,2026-09-10T14:00:00Z,32.6807,32.7898,32.6646,32.7736,23122,true
ZSMPD,2026-09-10T14:05:00Z,32.7736,32.8786,32.7419,32.8469,31603,true
ZSMPD,2026-09-10T14:10:00Z,32.8469,32.9425,32.7858,32.8814,27210,true
ZSMPD,2026-09-10T14:15:00Z,32.8814,32.9165,32.8725,32.9076,23693,true
ZSMPD,2026-09-10T14:20:00Z,32.9076,32.9164,32.85,32.8589,18126,true
ZSMPD,2026-09-10T14:25:00Z,32.8589,32.9022,32.8335,32.8769,40080,true
ZSMPD,2026-09-10T14:30:00Z,32.8769,32.898,32.8491,32.8703,15726,true
ZSMPD,2026-09-10T14:35:00Z,32.8703,32.8904,32.8249,32.845,25364,true
ZSMPD,2026-09-10T14:40:00Z,32.845,32.8886,32.804,32.8476,22387,true
ZSMPD,2026-09-10T14:45:00Z,32.8476,32.8595,32.8025,32.8144,19835,true
ZSMPD,2026-09-10T14:50:00Z,32.8144,32.8332,32.777,32.7957,36282,true
ZSMPD,2026-09-10T14:55:00Z,32.7957,32.8026,32.7388,32.7458,14074,true
ZSMPD,2026-09-10T15:00:00Z,32.7458,32.8203,32.7149,32.7893,21121,true
ZSMPD,2026-09-10T15:05:00Z,32.7893,32.7926,32.7626,32.7659,25636,true
ZSMPD,2026-09-10T15:10:00Z,32.7659,32.7727,32.663,32.6697,22992,true
ZSMPD,2026-09-10T15:15:00Z,32.6697,32.6978,32.6492,32.6772,15114,true
ZSMPD,2026-09-10T15:20:00Z,32.6772,32.6794,32.6281,32.6303,21645,true
ZSMPD,2026-09-10T15:25:00Z,32.6303,32.6305,32.6171,32.6173,19619,true
ZSMPD,2026-09-10T15:30:00Z,32.6173,32.6751,32.4887,32.5466,21923,true
ZSMPD,2026-09-10T15:35:00Z,32.5466,32.5818,32.485,32.5203,36087,true
ZSMPD,2026-09-10T15:40:00Z,32.5203,32.5207,32.3842,32.3847,16124,true
ZSMPD,2026-09-10T15:45:00Z,32.3847,32.4123,32.3792,32.4069,24148,true
ZSMPD,2026-09-10T15:50:00Z,32.4069,32.5379,32.3881,32.5191,18844,true
ZSMPD,2026-09-10T15:55:00Z,32.5191,32.5731,32.5155,32.5696,14816,true
ZSMPD,2026-09-10T16:00:00Z,32.5696,32.6449,32.5263,32.6016,23020,true
ZSMPD,2026-09-10T16:05:00Z,32.6016,32.6221,32.5475,32.568,34600,true
ZSMPD,2026-09-10T16:10:00Z,32.568,32.6173,32.5661,32.6154,16769,true
ZSMPD,2026-09-10T16:15:00Z,32.6154,32.662,32.5807,32.6274,19049,true
ZSMPD,2026-09-10T16:20:00Z,32.6274,32.6321,32.6273,32.632,22188,true
ZSMPD,2026-09-10T16:25:00Z,32.632,32.664,32.5933,32.6252,20447,true
ZSMPD,2026-09-10T16:30:00Z,32.6252,32.6266,32.5999,32.6013,15568,true
ZSMPD,2026-09-10T16:35:00Z,32.6013,32.6338,32.6005,32.6331,22082,true
ZSMPD,2026-09-10T16:40:00Z,32.6331,32.6695,32.5624,32.5988,12636,true
ZSMPD,2026-09-10T16:45:00Z,32.5988,32.6113,32.5306,32.543,25983,true
ZSMPD,2026-09-10T16:50:00Z,32.543,32.6767,32.5013,32.6349,22549,true
ZSMPD,2026-09-10T16:55:00Z,32.6349,32.7276,32.605,32.6977,24915,true
ZSMPD,2026-09-10T17:00:00Z,32.6977,32.7243,32.6131,32.6397,32067,true
ZSMPD,2026-09-10T17:05:00Z,32.6397,32.6584,32.6224,32.6412,22813,true
ZSMPD,2026-09-10T17:10:00Z,32.6412,32.6987,32.6231,32.6806,24251,true
ZSMPD,2026-09-10T17:15:00Z,32.6806,32.708,32.6082,32.6356,16247,true
ZSMPD,2026-09-10T17:20:00Z,32.6356,32.6635,32.5596,32.5874,18774,true
ZSMPD,2026-09-10T17:25:00Z,32.5874,32.6069,32.5543,32.5738,18416,true
ZSMPD,2026-09-10T17:30:00Z,32.5738,32.6284,32.5588,32.6133,18647,true
ZSMPD,2026-09-10T17:35:00Z,32.6133,32.7152,32.5847,32.6866,14343,true
ZSMPD,2026-09-10T17:40:00Z,32.6866,32.7186,32.5951,32.6272,18701,true
ZSMPD,2026-09-10T17:45:00Z,32.6272,32.6493,32.6136,32.6358,18543,true
ZSMPD,2026-09-10T17:50:00Z,32.6358,32.6922,32.6184,32.6748,16697,true
ZSMPD,2026-09-10T17:55:00Z,32.6748,32.7213,32.6673,32.7139,14656,true
ZSMPD,2026-09-10T18:00:00Z,32.7139,32.7279,32.6975,32.7116,20134,true
ZSMPD,2026-09-10T18:05:00Z,32.7116,32.7539,32.6929,32.7352,22306,true
ZSMPD,2026-09-10T18:10:00Z,32.7352,32.7355,32.6983,32.6987,15922,true
ZSMPD,2026-09-10T18:15:00Z,32.6987,32.7154,32.6561,32.6728,17961,true
ZSMPD,2026-09-10T18:20:00Z,32.6728,32.7174,32.6548,32.6993,20116,true
ZSMPD,2026-09-10T18:25:00Z,32.6993,32.8521,32.6782,32.831,22306,true
ZSMPD,2026-09-10T18:30:00Z,32.831,32.8423,32.7929,32.8041,27130,true
ZSMPD,2026-09-10T18:35:00Z,32.8041,32.8476,32.7938,32.8373,21661,true
ZSMPD,2026-09-10T18:40:00Z,32.8373,32.8685,32.7901,32.8213,20601,true
ZSMPD,2026-09-10T18:45:00Z,32.8213,32.8523,32.8064,32.8373,17645,true
ZSMPD,2026-09-10T18:50:00Z,32.8373,32.8432,32.8212,32.827,21788,true
ZSMPD,2026-09-10T18:55:00Z,32.827,32.9321,32.8225,32.9275,22002,true
ZSMPD,2026-09-10T19:00:00Z,32.9275,32.9387,32.9093,32.9206,25682,true
ZSMPD,2026-09-10T19:05:00Z,32.9206,32.9511,32.9109,32.9414,30756,true
ZSMPD,2026-09-10T19:10:00Z,32.9414,32.9415,32.8727,32.8728,33027,true
ZSMPD,2026-09-10T19:15:00Z,32.8728,32.9341,32.8571,32.9183,28573,true
ZSMPD,2026-09-10T19:20:00Z,32.9183,32.9197,32.8777,32.8791,33213,true
ZSMPD,2026-09-10T19:25:00Z,32.8791,32.8935,32.8582,32.8726,19554,true
ZSMPD,2026-09-10T19:30:00Z,32.8726,32.9118,32.8178,32.857,33817,true
ZSMPD,2026-09-10T19:35:00Z,32.857,32.9225,32.8385,32.904,46045,true
ZSMPD,2026-09-10T19:40:00Z,32.904,32.9095,32.8803,32.8859,45865,true
ZSMPD,2026-09-10T19:45:00Z,32.8859,32.8917,32.839,32.8448,29665,true
ZSMPD,2026-09-10T19:50:00Z,32.8448,32.8947,32.8277,32.8776,37836,true
ZSMPD,2026-09-10T19:55:00Z,32.8776,32.9231,32.8773,32.9229,48170,true
ZSMPD,2026-09-11T13:30:00Z,32.9229,32.9344,32.8155,32.827,40523,true
ZSMPD,2026-09-11T13:35:00Z,32.827,32.8859,32.7816,32.8406,63682,true
ZSMPD,2026-09-11T13:40:00Z,32.8406,32.8503,32.8114,32.8211,47051,true
ZSMPD,2026-09-11T13:45:00Z,32.8211,32.8732,32.8178,32.8698,37457,true
ZSMPD,2026-09-11T13:50:00Z,32.8698,32.99,32.8417,32.9618,40340,true
ZSMPD,2026-09-11T13:55:00Z,32.9618,32.9769,32.9323,32.9474,41850,true
ZSMPD,2026-09-11T14:00:00Z,32.9474,33.0005,32.8059,32.859,41194,true
ZSMPD,2026-09-11T14:05:00Z,32.859,32.8924,32.8488,32.8822,21648,true
ZSMPD,2026-09-11T14:10:00Z,32.8822,32.9208,32.8592,32.8978,32584,true
ZSMPD,2026-09-11T14:15:00Z,32.8978,32.9103,32.8919,32.9044,20262,true
ZSMPD,2026-09-11T14:20:00Z,32.9044,32.9204,32.896,32.912,29671,true
ZSMPD,2026-09-11T14:25:00Z,32.912,32.9485,32.8194,32.8559,14396,true
ZSMPD,2026-09-11T14:30:00Z,32.8559,32.8792,32.8536,32.8769,29684,true
ZSMPD,2026-09-11T14:35:00Z,32.8769,32.8842,32.8639,32.8712,22807,true
ZSMPD,2026-09-11T14:40:00Z,32.8712,32.9308,32.8594,32.9191,23618,true
ZSMPD,2026-09-11T14:45:00Z,32.9191,32.9441,32.8661,32.8912,23409,true
ZSMPD,2026-09-11T14:50:00Z,32.8912,32.9554,32.8809,32.9451,15734,true
ZSMPD,2026-09-11T14:55:00Z,32.9451,33.0032,32.9219,32.98,26181,true
ZSMPD,2026-09-11T15:00:00Z,32.98,33.0521,32.9469,33.019,20818,true
ZSMPD,2026-09-11T15:05:00Z,33.019,33.0285,33.0179,33.0274,17613,true
ZSMPD,2026-09-11T15:10:00Z,33.0274,33.0548,32.9456,32.973,11408,true
ZSMPD,2026-09-11T15:15:00Z,32.973,32.9783,32.9699,32.9752,20311,true
ZSMPD,2026-09-11T15:20:00Z,32.9752,33.0197,32.9109,32.9555,26757,true
ZSMPD,2026-09-11T15:25:00Z,32.9555,32.961,32.937,32.9425,19795,true
ZSMPD,2026-09-11T15:30:00Z,32.9425,32.993,32.9199,32.9704,23389,true
ZSMPD,2026-09-11T15:35:00Z,32.9704,32.9821,32.9688,32.9804,18405,true
ZSMPD,2026-09-11T15:40:00Z,32.9804,32.9994,32.8442,32.8632,13495,true
ZSMPD,2026-09-11T15:45:00Z,32.8632,32.9007,32.759,32.7966,25149,true
ZSMPD,2026-09-11T15:50:00Z,32.7966,32.8146,32.7859,32.8039,14835,true
ZSMPD,2026-09-11T15:55:00Z,32.8039,32.8171,32.7236,32.7368,30699,true
ZSMPD,2026-09-11T16:00:00Z,32.7368,32.737,32.6873,32.6875,18854,true
ZSMPD,2026-09-11T16:05:00Z,32.6875,32.7275,32.6488,32.6888,17504,true
ZSMPD,2026-09-11T16:10:00Z,32.6888,32.6895,32.681,32.6817,20096,true
ZSMPD,2026-09-11T16:15:00Z,32.6817,32.69,32.6643,32.6726,23072,true
ZSMPD,2026-09-11T16:20:00Z,32.6726,32.7215,32.6405,32.6893,27147,true
ZSMPD,2026-09-11T16:25:00Z,32.6893,32.697,32.6792,32.6869,18158,true
ZSMPD,2026-09-11T16:30:00Z,32.6869,32.7306,32.6762,32.7199,33260,true
ZSMPD,2026-09-11T16:35:00Z,32.7199,32.7296,32.6803,32.69,18773,true
ZSMPD,2026-09-11T16:40:00Z,32.69,32.6906,32.6699,32.6705,16469,true
ZSMPD,2026-09-11T16:45:00Z,32.6705,32.685,32.632,32.6465,29140,true
ZSMPD,2026-09-11T16:50:00Z,32.6465,32.6625,32.6305,32.6464,16879,true
ZSMPD,2026-09-11T16:55:00Z,32.6464,32.6738,32.6461,32.6735,17319,true
ZSMPD,2026-09-11T17:00:00Z,32.6735,32.7973,32.6311,32.7549,17135,true
ZSMPD,2026-09-11T17:05:00Z,32.7549,32.8361,32.7314,32.8125,27291,true
ZSMPD,2026-09-11T17:10:00Z,32.8125,32.8368,32.7951,32.8193,16731,true
ZSMPD,2026-09-11T17:15:00Z,32.8193,32.8681,32.7982,32.8469,19011,true
ZSMPD,2026-09-11T17:20:00Z,32.8469,32.874,32.8225,32.8495,19029,true
ZSMPD,2026-09-11T17:25:00Z,32.8495,32.91,32.8338,32.8942,14848,true
ZSMPD,2026-09-11T17:30:00Z,32.8942,32.9005,32.8497,32.856,15926,true
ZSMPD,2026-09-11T17:35:00Z,32.856,32.8598,32.8161,32.8199,25870,true
ZSMPD,2026-09-11T17:40:00Z,32.8199,32.8233,32.8059,32.8093,24218,true
ZSMPD,2026-09-11T17:45:00Z,32.8093,32.8532,32.7717,32.8156,19292,true
ZSMPD,2026-09-11T17:50:00Z,32.8156,32.8341,32.7701,32.7887,28387,true
ZSMPD,2026-09-11T17:55:00Z,32.7887,32.8282,32.7777,32.8172,18198,true
ZSMPD,2026-09-11T18:00:00Z,32.8172,32.9542,32.7881,32.9251,27998,true
ZSMPD,2026-09-11T18:05:00Z,32.9251,32.9266,32.8679,32.8693,24763,true
ZSMPD,2026-09-11T18:10:00Z,32.8693,32.8879,32.8045,32.823,11062,true
ZSMPD,2026-09-11T18:15:00Z,32.823,32.8303,32.8188,32.8261,20893,true
ZSMPD,2026-09-11T18:20:00Z,32.8261,32.8797,32.8151,32.8687,21938,true
ZSMPD,2026-09-11T18:25:00Z,32.8687,32.8979,32.8176,32.8469,18666,true
ZSMPD,2026-09-11T18:30:00Z,32.8469,32.8506,32.7892,32.7929,13560,true
ZSMPD,2026-09-11T18:35:00Z,32.7929,32.8161,32.7431,32.7663,19073,true
ZSMPD,2026-09-11T18:40:00Z,32.7663,32.7904,32.7259,32.75,32630,true
ZSMPD,2026-09-11T18:45:00Z,32.75,32.7675,32.6891,32.7066,14643,true
ZSMPD,2026-09-11T18:50:00Z,32.7066,32.7345,32.6331,32.6609,23344,true
ZSMPD,2026-09-11T18:55:00Z,32.6609,32.678,32.6142,32.6313,20507,true
ZSMPD,2026-09-11T19:00:00Z,32.6313,32.6718,32.6002,32.6408,19832,true
ZSMPD,2026-09-11T19:05:00Z,32.6408,32.726,32.6347,32.7199,15207,true
ZSMPD,2026-09-11T19:10:00Z,32.7199,32.7413,32.7165,32.7379,24503,true
ZSMPD,2026-09-11T19:15:00Z,32.7379,32.7888,32.6924,32.7433,20169,true
ZSMPD,2026-09-11T19:20:00Z,32.7433,32.8657,32.7039,32.8262,27757,true
ZSMPD,2026-09-11T19:25:00Z,32.8262,32.8706,32.8046,32.8491,31317,true
ZSMPD,2026-09-11T19:30:00Z,32.8491,32.8585,32.8302,32.8396,24630,true
ZSMPD,2026-09-11T19:35:00Z,32.8396,32.8913,32.796,32.8477,36338,true
ZSMPD,2026-09-11T19:40:00Z,32.8477,32.8791,32.799,32.8304,31992,true
ZSMPD,2026-09-11T19:45:00Z,32.8304,32.8369,32.7025,32.709,35869,true
ZSMPD,2026-09-11T19:50:00Z,32.709,32.726,32.7068,32.7238,41410,true
ZSMPD,2026-09-11T19:55:00Z,32.7238,32.7958,32.7044,32.7764,37601,true
ZSMPD,2026-09-14T13:30:00Z,32.7764,32.8355,32.7024,32.7615,39957,true
ZSMPD,2026-09-14T13:35:00Z,32.7615,32.7688,32.757,32.7642,30730,true
ZSMPD,2026-09-14T13:40:00Z,32.7642,32.7846,32.7151,32.7355,53330,true
ZSMPD,2026-09-14T13:45:00Z,32.7355,32.7635,32.6605,32.6885,44114,true
ZSMPD,2026-09-14T13:50:00Z,32.6885,32.7308,32.6232,32.6655,37847,true
ZSMPD,2026-09-14T13:55:00Z,32.6655,32.6973,32.6299,32.6617,44356,true
ZSMPD,2026-09-14T14:00:00Z,32.6617,32.6887,32.6557,32.6827,29201,true
ZSMPD,2026-09-14T14:05:00Z,32.6827,32.7011,32.6641,32.6824,49429,true
ZSMPD,2026-09-14T14:10:00Z,32.6824,32.7154,32.5994,32.6323,28668,true
ZSMPD,2026-09-14T14:15:00Z,32.6323,32.7325,32.5749,32.675,26534,true
ZSMPD,2026-09-14T14:20:00Z,32.675,32.7501,32.6621,32.7371,18227,true
ZSMPD,2026-09-14T14:25:00Z,32.7371,32.8705,32.7159,32.8492,26596,true
ZSMPD,2026-09-14T14:30:00Z,32.8492,32.8967,32.7347,32.7821,18480,true
ZSMPD,2026-09-14T14:35:00Z,32.7821,32.8123,32.7766,32.8067,22490,true
ZSMPD,2026-09-14T14:40:00Z,32.8067,32.8845,32.7853,32.8631,18815,true
ZSMPD,2026-09-14T14:45:00Z,32.8631,32.8869,32.8372,32.861,23809,true
ZSMPD,2026-09-14T14:50:00Z,32.861,32.8971,32.7881,32.8243,19964,true
ZSMPD,2026-09-14T14:55:00Z,32.8243,32.8589,32.8009,32.8355,22487,true
ZSMPD,2026-09-14T15:00:00Z,32.8355,32.8561,32.8172,32.8378,15806,true
ZSMPD,2026-09-14T15:05:00Z,32.8378,32.8944,32.816,32.8725,18572,true
ZSMPD,2026-09-14T15:10:00Z,32.8725,32.9043,32.8423,32.8741,23823,true
ZSMPD,2026-09-14T15:15:00Z,32.8741,32.9348,32.8704,32.9311,19962,true
ZSMPD,2026-09-14T15:20:00Z,32.9311,32.9969,32.9235,32.9893,30266,true
ZSMPD,2026-09-14T15:25:00Z,32.9893,33.0298,32.9176,32.958,15716,true
ZSMPD,2026-09-14T15:30:00Z,32.958,32.985,32.9368,32.9638,24105,true
ZSMPD,2026-09-14T15:35:00Z,32.9638,33.0891,32.9211,33.0464,17346,true
ZSMPD,2026-09-14T15:40:00Z,33.0464,33.0592,33.0277,33.0405,17461,true
ZSMPD,2026-09-14T15:45:00Z,33.0405,33.0466,33.0234,33.0295,20041,true
ZSMPD,2026-09-14T15:50:00Z,33.0295,33.0845,33.021,33.076,20343,true
ZSMPD,2026-09-14T15:55:00Z,33.076,33.1701,33.0432,33.1373,18428,true
ZSMPD,2026-09-14T16:00:00Z,33.1373,33.1724,33.09,33.1251,20331,true
ZSMPD,2026-09-14T16:05:00Z,33.1251,33.1325,33.1199,33.1273,18083,true
ZSMPD,2026-09-14T16:10:00Z,33.1273,33.1418,33.1272,33.1417,18429,true
ZSMPD,2026-09-14T16:15:00Z,33.1417,33.1806,33.0993,33.1382,25089,true
ZSMPD,2026-09-14T16:20:00Z,33.1382,33.1786,33.1013,33.1417,26358,true
ZSMPD,2026-09-14T16:25:00Z,33.1417,33.1726,33.0408,33.0717,27182,true
ZSMPD,2026-09-14T16:30:00Z,33.0717,33.0937,33.0137,33.0357,24096,true
ZSMPD,2026-09-14T16:35:00Z,33.0357,33.0399,33.0176,33.0218,19513,true
ZSMPD,2026-09-14T16:40:00Z,33.0218,33.0687,32.9702,33.0171,19380,true
ZSMPD,2026-09-14T16:45:00Z,33.0171,33.0178,32.9567,32.9574,18032,true
ZSMPD,2026-09-14T16:50:00Z,32.9574,32.9989,32.9515,32.993,20903,true
ZSMPD,2026-09-14T16:55:00Z,32.993,33.0289,32.9541,32.99,19195,true
ZSMPD,2026-09-14T17:00:00Z,32.99,33.0165,32.9887,33.0152,17029,true
ZSMPD,2026-09-14T17:05:00Z,33.0152,33.0205,32.9896,32.9949,13787,true
ZSMPD,2026-09-14T17:10:00Z,32.9949,32.9994,32.9815,32.986,11157,true
ZSMPD,2026-09-14T17:15:00Z,32.986,32.9957,32.9425,32.9522,25574,true
ZSMPD,2026-09-14T17:20:00Z,32.9522,33.0482,32.9106,33.0066,15472,true
ZSMPD,2026-09-14T17:25:00Z,33.0066,33.0519,32.9491,32.9944,22613,true
ZSMPD,2026-09-14T17:30:00Z,32.9944,33.0121,32.9344,32.952,14159,true
ZSMPD,2026-09-14T17:35:00Z,32.952,32.9613,32.9391,32.9483,15468,true
ZSMPD,2026-09-14T17:40:00Z,32.9483,33.0708,32.9251,33.0476,23983,true
ZSMPD,2026-09-14T17:45:00Z,33.0476,33.1399,32.9974,33.0897,20764,true
ZSMPD,2026-09-14T17:50:00Z,33.0897,33.1802,33.0778,33.1684,13773,true
ZSMPD,2026-09-14T17:55:00Z,33.1684,33.182,33.1082,33.1218,29322,true
ZSMPD,2026-09-14T18:00:00Z,33.1218,33.1489,32.9604,32.9874,18973,true
ZSMPD,2026-09-14T18:05:00Z,32.9874,33.0182,32.8858,32.9167,15668,true
ZSMPD,2026-09-14T18:10:00Z,32.9167,32.987,32.8858,32.9562,22461,true
ZSMPD,2026-09-14T18:15:00Z,32.9562,32.9789,32.9519,32.9747,19643,true
ZSMPD,2026-09-14T18:20:00Z,32.9747,33.0149,32.9128,32.9531,16048,true
ZSMPD,2026-09-14T18:25:00Z,32.9531,33.0005,32.94,32.9874,21396,true
ZSMPD,2026-09-14T18:30:00Z,32.9874,32.9949,32.936,32.9435,22752,true
ZSMPD,2026-09-14T18:35:00Z,32.9435,32.9621,32.932,32.9506,13789,true
ZSMPD,2026-09-14T18:40:00Z,32.9506,32.972,32.9119,32.9333,17275,true
ZSMPD,2026-09-14T18:45:00Z,32.9333,32.9533,32.8767,32.8967,23075,true
ZSMPD,2026-09-14T18:50:00Z,32.8967,32.9197,32.7989,32.8219,14617,true
ZSMPD,2026-09-14T18:55:00Z,32.8219,32.8522,32.7708,32.8012,23728,true
ZSMPD,2026-09-14T19:00:00Z,32.8012,32.8025,32.798,32.7993,27052,true
ZSMPD,2026-09-14T19:05:00Z,32.7993,32.8033,32.7905,32.7945,18108,true
ZSMPD,2026-09-14T19:10:00Z,32.7945,32.7946,32.7894,32.7896,27491,true
ZSMPD,2026-09-14T19:15:00Z,32.7896,32.8294,32.7875,32.8273,17855,true
ZSMPD,2026-09-14T19:20:00Z,32.8273,32.831,32.6945,32.6983,31539,true
ZSMPD,2026-09-14T19:25:00Z,32.6983,32.7367,32.6819,32.7204,18934,true
ZSMPD,2026-09-14T19:30:00Z,32.7204,32.7255,32.6765,32.6815,26461,true
ZSMPD,2026-09-14T19:35:00Z,32.6815,32.7352,32.5357,32.5894,32821,true
ZSMPD,2026-09-14T19:40:00Z,32.5894,32.5921,32.5799,32.5826,31628,true
ZSMPD,2026-09-14T19:45:00Z,32.5826,32.5955,32.5797,32.5926,38527,true
ZSMPD,2026-09-14T19:50:00Z,32.5926,32.5955,32.5794,32.5822,41612,true
ZSMPD,2026-09-14T19:55:00Z,32.5822,32.6233,32.5793,32.6204,45281,true
ZSMPD,2026-09-15T13:30:00Z,32.6204,32.6346,32.5476,32.5619,74014,true
ZSMPD,2026-09-15T13:35:00Z,32.5619,32.6455,32.5589,32.6426,63906,true
ZSMPD,2026-09-15T13:40:00Z,32.6426,32.6594,32.6275,32.6443,47686,true
ZSMPD,2026-09-15T13:45:00Z,32.6443,32.6593,32.6179,32.6329,27238,true
ZSMPD,2026-09-15T13:50:00Z,32.6329,32.644,32.5875,32.5986,29883,true
ZSMPD,2026-09-15T13:55:00Z,32.5986,32.6897,32.5777,32.6687,61829,true
ZSMPD,2026-09-15T14:00:00Z,32.6687,32.6829,32.6147,32.6289,23796,true
ZSMPD,2026-09-15T14:05:00Z,32.6289,32.6607,32.5732,32.6051,18085,true
ZSMPD,2026-09-15T14:10:00Z,32.6051,32.6108,32.5245,32.5302,21408,true
ZSMPD,2026-09-15T14:15:00Z,32.5302,32.5599,32.5206,32.5504,41915,true
ZSMPD,2026-09-15T14:20:00Z,32.5504,32.636,32.5356,32.6212,21343,true
ZSMPD,2026-09-15T14:25:00Z,32.6212,32.6827,32.5728,32.6343,19459,true
ZSMPD,2026-09-15T14:30:00Z,32.6343,32.7073,32.6131,32.686,33766,true
ZSMPD,2026-09-15T14:35:00Z,32.686,32.704,32.6846,32.7025,29133,true
ZSMPD,2026-09-15T14:40:00Z,32.7025,32.719,32.6453,32.6618,21817,true
ZSMPD,2026-09-15T14:45:00Z,32.6618,32.6839,32.5751,32.5972,31753,true
ZSMPD,2026-09-15T14:50:00Z,32.5972,32.6261,32.5484,32.5774,24680,true
ZSMPD,2026-09-15T14:55:00Z,32.5774,32.5844,32.51,32.517,26103,true
ZSMPD,2026-09-15T15:00:00Z,32.517,32.5957,32.5075,32.5862,25226,true
ZSMPD,2026-09-15T15:05:00Z,32.5862,32.6447,32.5634,32.6219,24859,true
ZSMPD,2026-09-15T15:10:00Z,32.6219,32.6446,32.597,32.6197,21881,true
ZSMPD,2026-09-15T15:15:00Z,32.6197,32.6465,32.5807,32.6075,27840,true
ZSMPD,2026-09-15T15:20:00Z,32.6075,32.6596,32.6056,32.6576,22148,true
ZSMPD,2026-09-15T15:25:00Z,32.6576,32.6765,32.5751,32.594,14467,true
ZSMPD,2026-09-15T15:30:00Z,32.594,32.6022,32.5493,32.5576,18948,true
ZSMPD,2026-09-15T15:35:00Z,32.5576,32.6302,32.5415,32.6141,14672,true
ZSMPD,2026-09-15T15:40:00Z,32.6141,32.6456,32.6009,32.6324,14158,true
ZSMPD,2026-09-15T15:45:00Z,32.6324,32.708,32.621,32.6965,17008,true
ZSMPD,2026-09-15T15:50:00Z,32.6965,32.7558,32.6892,32.7484,28959,true
ZSMPD,2026-09-15T15:55:00Z,32.7484,32.818,32.7104,32.78,18045,true
ZSMPD,2026-09-15T16:00:00Z,32.78,32.8269,32.7493,32.7961,25726,true
ZSMPD,2026-09-15T16:05:00Z,32.7961,32.7976,32.7634,32.7649,22254,true
ZSMPD,2026-09-15T16:10:00Z,32.7649,32.7842,32.6387,32.658,26436,true
ZSMPD,2026-09-15T16:15:00Z,32.658,32.6952,32.5793,32.6166,19270,true
ZSMPD,2026-09-15T16:20:00Z,32.6166,32.6876,32.6009,32.6719,17502,true
ZSMPD,2026-09-15T16:25:00Z,32.6719,32.7494,32.6591,32.7365,13212,true
ZSMPD,2026-09-15T16:30:00Z,32.7365,32.7616,32.6635,32.6886,13225,true
ZSMPD,2026-09-15T16:35:00Z,32.6886,32.737,32.6498,32.6982,26222,true
ZSMPD,2026-09-15T16:40:00Z,32.6982,32.7613,32.6795,32.7426,27817,true
ZSMPD,2026-09-15T16:45:00Z,32.7426,32.7928,32.7094,32.7597,34618,true
ZSMPD,2026-09-15T16:50:00Z,32.7597,32.805,32.7368,32.7821,15827,true
ZSMPD,2026-09-15T16:55:00Z,32.7821,32.8382,32.7792,32.8353,13458,true
ZSMPD,2026-09-15T17:00:00Z,32.8353,32.9343,32.8079,32.9069,19212,true
ZSMPD,2026-09-15T17:05:00Z,32.9069,32.9638,32.8966,32.9535,16645,true
ZSMPD,2026-09-15T17:10:00Z,32.9535,33.0644,32.9379,33.0488,21188,true
ZSMPD,2026-09-15T17:15:00Z,33.0488,33.0993,33.0269,33.0774,18781,true
ZSMPD,2026-09-15T17:20:00Z,33.0774,33.126,33.0622,33.1107,15052,true
ZSMPD,2026-09-15T17:25:00Z,33.1107,33.1333,33.0713,33.0939,14149,true
ZSMPD,2026-09-15T17:30:00Z,33.0939,33.1207,33.0203,33.0472,21571,true
ZSMPD,2026-09-15T17:35:00Z,33.0472,33.08,33.0442,33.0771,12729,true
ZSMPD,2026-09-15T17:40:00Z,33.0771,33.2169,33.0369,33.1767,21964,true
ZSMPD,2026-09-15T17:45:00Z,33.1767,33.1818,33.1739,33.179,22053,true
ZSMPD,2026-09-15T17:50:00Z,33.179,33.1946,33.1299,33.1455,30100,true
ZSMPD,2026-09-15T17:55:00Z,33.1455,33.1623,33.139,33.1558,19649,true
ZSMPD,2026-09-15T18:00:00Z,33.1558,33.1763,33.1479,33.1684,23032,true
ZSMPD,2026-09-15T18:05:00Z,33.1684,33.2155,33.0766,33.1237,16380,true
ZSMPD,2026-09-15T18:10:00Z,33.1237,33.2107,33.1229,33.2099,20476,true
ZSMPD,2026-09-15T18:15:00Z,33.2099,33.2951,33.1956,33.2808,16927,true
ZSMPD,2026-09-15T18:20:00Z,33.2808,33.3515,33.2607,33.3313,19165,true
ZSMPD,2026-09-15T18:25:00Z,33.3313,33.3842,33.2958,33.3487,16564,true
ZSMPD,2026-09-15T18:30:00Z,33.3487,33.369,33.3413,33.3617,23661,true
ZSMPD,2026-09-15T18:35:00Z,33.3617,33.3682,33.3518,33.3583,17683,true
ZSMPD,2026-09-15T18:40:00Z,33.3583,33.3672,33.3579,33.3668,21175,true
ZSMPD,2026-09-15T18:45:00Z,33.3668,33.393,33.361,33.3871,28005,true
ZSMPD,2026-09-15T18:50:00Z,33.3871,33.4189,33.3785,33.4102,19672,true
ZSMPD,2026-09-15T18:55:00Z,33.4102,33.4234,33.3632,33.3764,28003,true
ZSMPD,2026-09-15T19:00:00Z,33.3764,33.3913,33.3493,33.3643,20372,true
ZSMPD,2026-09-15T19:05:00Z,33.3643,33.3769,33.3368,33.3494,19955,true
ZSMPD,2026-09-15T19:10:00Z,33.3494,33.4171,33.3118,33.3794,14158,true
ZSMPD,2026-09-15T19:15:00Z,33.3794,33.4178,33.3545,33.3929,21954,true
ZSMPD,2026-09-15T19:20:00Z,33.3929,33.5174,33.347,33.4715,25101,true
ZSMPD,2026-09-15T19:25:00Z,33.4715,33.4754,33.4089,33.4128,27295,true
ZSMPD,2026-09-15T19:30:00Z,33.4128,33.4582,33.3988,33.4443,19253,true
ZSMPD,2026-09-15T19:35:00Z,33.4443,33.5116,33.4415,33.5089,32405,true
ZSMPD,2026-09-15T19:40:00Z,33.5089,33.5482,33.4484,33.4877,37887,true
ZSMPD,2026-09-15T19:45:00Z,33.4877,33.5178,33.4574,33.4876,40555,true
ZSMPD,2026-09-15T19:50:00Z,33.4876,33.5789,33.4648,33.5561,39058,true
ZSMPD,2026-09-15T19:55:00Z,33.5561,33.5908,33.5163,33.5509,41488,true
ZSMPD,2026-09-16T13:30:00Z,33.5509,33.624,33.5309,33.6039,53131,true
ZSMPD,2026-09-16T13:35:00Z,33.6039,33.6973,33.5434,33.6369,59092,true
ZSMPD,2026-09-16T13:40:00Z,33.6369,33.7226,33.6201,33.7058,41998,true
ZSMPD,2026-09-16T13:45:00Z,33.7058,33.7499,33.6401,33.6842,37353,true
ZSMPD,2026-09-16T13:50:00Z,33.6842,33.7207,33.5509,33.5874,34250,true
ZSMPD,2026-09-16T13:55:00Z,33.5874,33.5984,33.5742,33.5852,34379,true
ZSMPD,2026-09-16T14:00:00Z,33.5852,33.6194,33.5216,33.5557,32007,true
ZSMPD,2026-09-16T14:05:00Z,33.5557,33.5635,33.5139,33.5217,23417,true
ZSMPD,2026-09-16T14:10:00Z,33.5217,33.576,33.4324,33.4867,24690,true
ZSMPD,2026-09-16T14:15:00Z,33.4867,33.5076,33.4264,33.4473,26467,true
ZSMPD,2026-09-16T14:20:00Z,33.4473,33.4724,33.3997,33.4247,30113,true
ZSMPD,2026-09-16T14:25:00Z,33.4247,33.4581,33.4189,33.4522,32360,true
ZSMPD,2026-09-16T14:30:00Z,33.4522,33.6455,33.4465,33.6398,37487,true
ZSMPD,2026-09-16T14:35:00Z,33.6398,33.6461,33.6363,33.6426,28242,true
ZSMPD,2026-09-16T14:40:00Z,33.6426,33.6436,33.5919,33.5928,20856,true
ZSMPD,2026-09-16T14:45:00Z,33.5928,33.6025,33.5656,33.5753,23038,true
ZSMPD,2026-09-16T14:50:00Z,33.5753,33.5754,33.5706,33.5706,31553,true
ZSMPD,2026-09-16T14:55:00Z,33.5706,33.589,33.5619,33.5803,23142,true
ZSMPD,2026-09-16T15:00:00Z,33.5803,33.6758,33.5391,33.6347,28783,true
ZSMPD,2026-09-16T15:05:00Z,33.6347,33.6577,33.5282,33.5512,20022,true
ZSMPD,2026-09-16T15:10:00Z,33.5512,33.5867,33.4631,33.4986,28297,true
ZSMPD,2026-09-16T15:15:00Z,33.4986,33.5716,33.4786,33.5516,11549,true
ZSMPD,2026-09-16T15:20:00Z,33.5516,33.5825,33.5487,33.5796,22813,true
ZSMPD,2026-09-16T15:25:00Z,33.5796,33.6428,33.5692,33.6324,27764,true
ZSMPD,2026-09-16T15:30:00Z,33.6324,33.6458,33.6,33.6134,18427,true
ZSMPD,2026-09-16T15:35:00Z,33.6134,33.6419,33.566,33.5945,23152,true
ZSMPD,2026-09-16T15:40:00Z,33.5945,33.6353,33.5832,33.6241,19141,true
ZSMPD,2026-09-16T15:45:00Z,33.6241,33.6278,33.5761,33.5798,13348,true
ZSMPD,2026-09-16T15:50:00Z,33.5798,33.6079,33.4987,33.5268,18320,true
ZSMPD,2026-09-16T15:55:00Z,33.5268,33.5308,33.491,33.4951,14073,true
ZSMPD,2026-09-16T16:00:00Z,33.4951,33.5151,33.4604,33.4804,22614,true
ZSMPD,2026-09-16T16:05:00Z,33.4804,33.5342,33.4664,33.5202,12949,true
ZSMPD,2026-09-16T16:10:00Z,33.5202,33.5718,33.4336,33.4852,22960,true
ZSMPD,2026-09-16T16:15:00Z,33.4852,33.4987,33.4595,33.473,31915,true
ZSMPD,2026-09-16T16:20:00Z,33.473,33.4762,33.3818,33.3849,24242,true
ZSMPD,2026-09-16T16:25:00Z,33.3849,33.3942,33.3172,33.3265,22063,true
ZSMPD,2026-09-16T16:30:00Z,33.3265,33.3611,33.2075,33.2422,14453,true
ZSMPD,2026-09-16T16:35:00Z,33.2422,33.305,33.2334,33.2962,16605,true
ZSMPD,2026-09-16T16:40:00Z,33.2962,33.3698,33.2544,33.328,13848,true
ZSMPD,2026-09-16T16:45:00Z,33.328,33.4511,33.3051,33.4281,14897,true
ZSMPD,2026-09-16T16:50:00Z,33.4281,33.4903,33.42,33.4822,17203,true
ZSMPD,2026-09-16T16:55:00Z,33.4822,33.4941,33.3627,33.3746,17432,true
ZSMPD,2026-09-16T17:00:00Z,33.3746,33.4305,33.3636,33.4195,17998,true
ZSMPD,2026-09-16T17:05:00Z,33.4195,33.4764,33.3978,33.4546,15915,true
ZSMPD,2026-09-16T17:10:00Z,33.4546,33.4856,33.4264,33.4574,25929,true
ZSMPD,2026-09-16T17:15:00Z,33.4574,33.4708,33.4396,33.453,25250,true
ZSMPD,2026-09-16T17:20:00Z,33.453,33.5082,33.4311,33.4863,23560,true
ZSMPD,2026-09-16T17:25:00Z,33.4863,33.5305,33.4847,33.5289,17623,true
ZSMPD,2026-09-16T17:30:00Z,33.5289,33.5598,33.4422,33.4731,22046,true
ZSMPD,2026-09-16T17:35:00Z,33.4731,33.4841,33.4652,33.4762,21140,true
ZSMPD,2026-09-16T17:40:00Z,33.4762,33.4855,33.4189,33.4282,16838,true
ZSMPD,2026-09-16T17:45:00Z,33.4282,33.4347,33.424,33.4305,20956,true
ZSMPD,2026-09-16T17:50:00Z,33.4305,33.4369,33.3907,33.3971,27381,true
ZSMPD,2026-09-16T17:55:00Z,33.3971,33.4241,33.3717,33.3988,18966,true
ZSMPD,2026-09-16T18:00:00Z,33.3988,33.4067,33.3352,33.3432,17962,true
ZSMPD,2026-09-16T18:05:00Z,33.3432,33.3777,33.3272,33.3617,23770,true
ZSMPD,2026-09-16T18:10:00Z,33.3617,33.3692,33.319,33.3266,22570,true
ZSMPD,2026-09-16T18:15:00Z,33.3266,33.3502,33.32,33.3437,19840,true
ZSMPD,2026-09-16T18:20:00Z,33.3437,33.3701,33.3403,33.3667,19736,true
ZSMPD,2026-09-16T18:25:00Z,33.3667,33.4034,33.2816,33.3183,24852,true
ZSMPD,2026-09-16T18:30:00Z,33.3183,33.3777,33.2686,33.328,19552,true
ZSMPD,2026-09-16T18:35:00Z,33.328,33.3921,33.3142,33.3783,23304,true
ZSMPD,2026-09-16T18:40:00Z,33.3783,33.4829,33.3401,33.4447,26254,true
ZSMPD,2026-09-16T18:45:00Z,33.4447,33.4674,33.4318,33.4545,17698,true
ZSMPD,2026-09-16T18:50:00Z,33.4545,33.531,33.4304,33.5069,25187,true
ZSMPD,2026-09-16T18:55:00Z,33.5069,33.5706,33.4642,33.5279,19611,true
ZSMPD,2026-09-16T19:00:00Z,33.5279,33.5309,33.51,33.513,26937,true
ZSMPD,2026-09-16T19:05:00Z,33.513,33.602,33.4782,33.5671,30036,true
ZSMPD,2026-09-16T19:10:00Z,33.5671,33.645,33.5258,33.6037,18521,true
ZSMPD,2026-09-16T19:15:00Z,33.6037,33.6046,33.5823,33.5832,20075,true
ZSMPD,2026-09-16T19:20:00Z,33.5832,33.5925,33.565,33.5743,38631,true
ZSMPD,2026-09-16T19:25:00Z,33.5743,33.6111,33.5654,33.6022,27642,true
ZSMPD,2026-09-16T19:30:00Z,33.6022,33.67,33.5783,33.6461,29336,true
ZSMPD,2026-09-16T19:35:00Z,33.6461,33.7309,33.6207,33.7055,31130,true
ZSMPD,2026-09-16T19:40:00Z,33.7055,33.785,33.6571,33.7366,49043,true
ZSMPD,2026-09-16T19:45:00Z,33.7366,33.768,33.7116,33.7431,24969,true
ZSMPD,2026-09-16T19:50:00Z,33.7431,33.7885,33.7299,33.7754,37985,true
ZSMPD,2026-09-16T19:55:00Z,33.7754,33.7764,33.7318,33.7328,53870,true
ZSMPD,2026-09-17T13:30:00Z,33.7328,33.7924,33.6592,33.7188,33961,true
ZSMPD,2026-09-17T13:35:00Z,33.7188,33.7325,33.68,33.6937,51270,true
ZSMPD,2026-09-17T13:40:00Z,33.6937,33.7241,33.6641,33.6945,31398,true
ZSMPD,2026-09-17T13:45:00Z,33.6945,33.7327,33.6767,33.7149,34521,true
ZSMPD,2026-09-17T13:50:00Z,33.7149,33.7422,33.7043,33.7316,22779,true
ZSMPD,2026-09-17T13:55:00Z,33.7316,33.7505,33.6525,33.6714,51489,true
ZSMPD,2026-09-17T14:00:00Z,33.6714,33.6936,33.6709,33.6931,23145,true
ZSMPD,2026-09-17T14:05:00Z,33.6931,33.7331,33.6714,33.7114,30179,true
ZSMPD,2026-09-17T14:20:00Z,33.6459,33.6645,33.6175,33.6361,42092,true
ZSMPD,2026-09-17T14:25:00Z,33.6361,33.6466,33.6176,33.6281,30970,true
ZSMPD,2026-09-17T14:30:00Z,33.6281,33.6733,33.5676,33.6128,19308,true
ZSMPD,2026-09-17T14:35:00Z,33.6128,33.6254,33.5897,33.6024,16876,true
ZSMPD,2026-09-17T14:40:00Z,33.6024,33.614,33.5956,33.6073,26282,true
ZSMPD,2026-09-17T14:45:00Z,33.6073,33.6365,33.5616,33.5909,23124,true
ZSMPD,2026-09-17T14:50:00Z,33.5909,33.5409,33.5877,33.6878,14728,true
ZSMPD,2026-09-17T14:55:00Z,33.6878,33.7494,33.6644,33.726,21679,true
ZSMPD,2026-09-17T15:00:00Z,33.726,33.7842,33.7231,33.7536,7429,false
ZSMPE,2026-08-26T13:30:00Z,8.0,8.0146,7.9703,7.9849,192401,true
ZSMPE,2026-08-26T13:35:00Z,7.9849,8.0051,7.984,8.0042,114092,true
ZSMPE,2026-08-26T13:40:00Z,8.0042,8.015,7.9954,8.0062,74041,true
ZSMPE,2026-08-26T13:45:00Z,8.0062,8.0084,8.0043,8.0065,94765,true
ZSMPE,2026-08-26T13:50:00Z,8.0065,8.0187,7.978,7.9901,145799,true
ZSMPE,2026-08-26T13:55:00Z,7.9901,8.015,7.9821,8.007,89382,true
ZSMPE,2026-08-26T14:00:00Z,8.007,8.0147,7.9765,7.9843,101236,true
ZSMPE,2026-08-26T14:05:00Z,7.9843,7.9917,7.9628,7.9702,98004,true
ZSMPE,2026-08-26T14:10:00Z,7.9702,7.9828,7.969,7.9817,86428,true
ZSMPE,2026-08-26T14:15:00Z,7.9817,7.9872,7.9609,7.9664,108904,true
ZSMPE,2026-08-26T14:20:00Z,7.9664,7.9692,7.9321,7.9349,78080,true
ZSMPE,2026-08-26T14:25:00Z,7.9349,7.936,7.9319,7.933,102574,true
ZSMPE,2026-08-26T14:30:00Z,7.933,7.9336,7.9127,7.9132,60196,true
ZSMPE,2026-08-26T14:35:00Z,7.9132,7.9362,7.9017,7.9247,93205,true
ZSMPE,2026-08-26T14:40:00Z,7.9247,7.9298,7.9196,7.9247,73231,true
ZSMPE,2026-08-26T14:45:00Z,7.9247,7.945,7.9199,7.9402,72796,true
ZSMPE,2026-08-26T14:50:00Z,7.9402,7.9597,7.9315,7.951,90696,true
ZSMPE,2026-08-26T14:55:00Z,7.951,7.9623,7.9045,7.9158,78813,true
ZSMPE,2026-08-26T15:00:00Z,7.9158,7.9245,7.9107,7.9195,82687,true
ZSMPE,2026-08-26T15:05:00Z,7.9195,7.9195,7.9164,7.9164,50655,true
ZSMPE,2026-08-26T15:10:00Z,7.9164,7.9271,7.8788,7.8896,58640,true
ZSMPE,2026-08-26T15:15:00Z,7.8896,7.917,7.8833,7.9108,96650,true
ZSMPE,2026-08-26T15:20:00Z,7.9108,7.9162,7.9072,7.9126,53126,true
ZSMPE,2026-08-26T15:25:00Z,7.9126,7.9282,7.9104,7.926,62553,true
ZSMPE,2026-08-26T15:30:00Z,7.926,7.9392,7.9132,7.9264,51269,true
ZSMPE,2026-08-26T15:35:00Z,7.9264,7.9414,7.9262,7.9413,74766,true
ZSMPE,2026-08-26T15:40:00Z,7.9413,7.9438,7.9254,7.9278,56074,true
ZSMPE,2026-08-26T15:45:00Z,7.9278,7.9459,7.9161,7.9342,89285,true
ZSMPE,2026-08-26T15:50:00Z,7.9342,7.96,7.9303,7.9562,63738,true
ZSMPE,2026-08-26T15:55:00Z,7.9562,7.9598,7.9488,7.9524,56666,true
ZSMPE,2026-08-26T16:00:00Z,7.9524,7.973,7.9516,7.9723,99990,true
ZSMPE,2026-08-26T16:05:00Z,7.9723,7.9794,7.9702,7.9774,56325,true
ZSMPE,2026-08-26T16:10:00Z,7.9774,8.024,7.9713,8.0179,62964,true
ZSMPE,2026-08-26T16:15:00Z,8.0179,8.0317,7.9785,7.9922,72371,true
ZSMPE,2026-08-26T16:20:00Z,7.9922,7.9954,7.9883,7.9914,93859,true
ZSMPE,2026-08-26T16:25:00Z,7.9914,8.0225,7.9828,8.0138,85470,true
ZSMPE,2026-08-26T16:30:00Z,8.0138,8.0464,8.0083,8.0408,71020,true
ZSMPE,2026-08-26T16:35:00Z,8.0408,8.0698,8.0407,8.0696,60548,true
ZSMPE,2026-08-26T16:40:00Z,8.0696,8.0734,8.0404,8.0442,62424,true
ZSMPE,2026-08-26T16:45:00Z,8.0442,8.0501,8.0337,8.0396,99531,true
ZSMPE,2026-08-26T16:50:00Z,8.0396,8.0716,8.039,8.0711,67725,true
ZSMPE,2026-08-26T16:55:00Z,8.0711,8.0724,8.0465,8.0478,52721,true
ZSMPE,2026-08-26T17:00:00Z,8.0478,8.0536,8.0234,8.0293,57784,true
ZSMPE,2026-08-26T17:05:00Z,8.0293,8.0385,8.0281,8.0373,77128,true
ZSMPE,2026-08-26T17:10:00Z,8.0373,8.0516,8.036,8.0504,59564,true
ZSMPE,2026-08-26T17:15:00Z,8.0504,8.0634,8.0347,8.0477,68305,true
ZSMPE,2026-08-26T17:20:00Z,8.0477,8.0564,8.0473,8.056,53075,true
ZSMPE,2026-08-26T17:25:00Z,8.056,8.0633,8.0311,8.0384,61514,true
ZSMPE,2026-08-26T17:30:00Z,8.0384,8.0434,8.0349,8.0399,46750,true
ZSMPE,2026-08-26T17:35:00Z,8.0399,8.0581,8.0306,8.0488,63369,true
ZSMPE,2026-08-26T17:40:00Z,8.0488,8.0586,8.047,8.0567,80355,true
ZSMPE,2026-08-26T17:45:00Z,8.0567,8.0862,8.0538,8.0832,38766,true
ZSMPE,2026-08-26T17:50:00Z,8.0832,8.0922,8.0826,8.0916,91699,true
ZSMPE,2026-08-26T17:55:00Z,8.0916,8.0931,8.0752,8.0767,46152,true
ZSMPE,2026-08-26T18:00:00Z,8.0767,8.0818,8.0701,8.0752,69583,true
ZSMPE,2026-08-26T18:05:00Z,8.0752,8.0857,8.0614,8.0718,49046,true
ZSMPE,2026-08-26T18:10:00Z,8.0718,8.0931,8.0677,8.089,52776,true
ZSMPE,2026-08-26T18:15:00Z,8.089,8.0933,8.0788,8.0832,76269,true
ZSMPE,2026-08-26T18:20:00Z,8.0832,8.1212,8.0778,8.1158,48651,true
ZSMPE,2026-08-26T18:25:00Z,8.1158,8.1315,8.1078,8.1235,72696,true
ZSMPE,2026-08-26T18:30:00Z,8.1235,8.1349,8.1191,8.1304,79469,true
ZSMPE,2026-08-26T18:35:00Z,8.1304,8.1492,8.1207,8.1395,52542,true
ZSMPE,2026-08-26T18:40:00Z,8.1395,8.1401,8.1346,8.1352,77412,true
ZSMPE,2026-08-26T18:45:00Z,8.1352,8.1383,8.1257,8.1288,45137,true
ZSMPE,2026-08-26T18:50:00Z,8.1288,8.1476,8.1045,8.1233,37239,true
ZSMPE,2026-08-26T18:55:00Z,8.1233,8.1263,8.1012,8.1042,108925,true
ZSMPE,2026-08-26T19:00:00Z,8.1042,8.1222,8.1007,8.1187,56783,true
ZSMPE,2026-08-26T19:05:00Z,8.1187,8.1411,8.1054,8.1278,87661,true
ZSMPE,2026-08-26T19:10:00Z,8.1278,8.1618,8.1235,8.1575,74024,true
ZSMPE,2026-08-26T19:15:00Z,8.1575,8.1849,8.1482,8.1756,51997,true
ZSMPE,2026-08-26T19:20:00Z,8.1756,8.1824,8.1569,8.1636,75907,true
ZSMPE,2026-08-26T19:25:00Z,8.1636,8.1648,8.1616,8.1628,72593,true
ZSMPE,2026-08-26T19:30:00Z,8.1628,8.1638,8.1446,8.1456,64370,true
ZSMPE,2026-08-26T19:35:00Z,8.1456,8.153,8.1414,8.1489,56683,true
ZSMPE,2026-08-26T19:40:00Z,8.1489,8.1687,8.1455,8.1653,81631,true
ZSMPE,2026-08-26T19:45:00Z,8.1653,8.1855,8.15,8.1702,118390,true
ZSMPE,2026-08-26T19:50:00Z,8.1702,8.1786,8.1595,8.1679,117538,true
ZSMPE,2026-08-26T19:55:00Z,8.1679,8.194,8.1562,8.1823,164350,true
ZSMPE,2026-08-27T13:30:00Z,8.1823,8.1878,8.1396,8.1451,160917,true
ZSMPE,2026-08-27T13:35:00Z,8.1451,8.1532,8.145,8.1531,103678,true
ZSMPE,2026-08-27T13:40:00Z,8.1531,8.1732,8.1495,8.1695,99149,true
ZSMPE,2026-08-27T13:45:00Z,8.1695,8.2041,8.1482,8.1829,147901,true
ZSMPE,2026-08-27T13:50:00Z,8.1829,8.1913,8.1616,8.17,93504,true
ZSMPE,2026-08-27T13:55:00Z,8.17,8.1763,8.1665,8.1728,102389,true
ZSMPE,2026-08-27T14:00:00Z,8.1728,8.1915,8.1711,8.1898,78731,true
ZSMPE,2026-08-27T14:05:00Z,8.1898,8.1923,8.1828,8.1853,66633,true
ZSMPE,2026-08-27T14:10:00Z,8.1853,8.1946,8.1713,8.1807,97500,true
ZSMPE,2026-08-27T14:15:00Z,8.1807,8.1943,8.1593,8.1729,56816,true
ZSMPE,2026-08-27T14:20:00Z,8.1729,8.1925,8.1705,8.1901,58789,true
ZSMPE,2026-08-27T14:25:00Z,8.1901,8.1977,8.1635,8.1711,80699,true
ZSMPE,2026-08-27T14:30:00Z,8.1711,8.1794,8.1684,8.1768,54012,true
ZSMPE,2026-08-27T14:35:00Z,8.1768,8.2085,8.1722,8.2039,102938,true
ZSMPE,2026-08-27T14:40:00Z,8.2039,8.2102,8.191,8.1973,39547,true
ZSMPE,2026-08-27T14:45:00Z,8.1973,8.2022,8.1928,8.1977,131195,true
ZSMPE,2026-08-27T14:50:00Z,8.1977,8.2076,8.1943,8.2042,41254,true
ZSMPE,2026-08-27T14:55:00Z,8.2042,8.2089,8.1736,8.1783,53854,true
ZSMPE,2026-08-27T15:00:00Z,8.1783,8.18,8.174,8.1758,65003,true
ZSMPE,2026-08-27T15:05:00Z,8.1758,8.1848,8.1595,8.1685,63702,true
ZSMPE,2026-08-27T15:10:00Z,8.1685,8.1695,8.1587,8.1597,46481,true
ZSMPE,2026-08-27T15:15:00Z,8.1597,8.1966,8.153,8.19,58465,true
ZSMPE,2026-08-27T15:20:00Z,8.19,8.2014,8.1477,8.1592,56286,true
ZSMPE,2026-08-27T15:25:00Z,8.1592,8.1653,8.1555,8.1617,73488,true
ZSMPE,2026-08-27T15:30:00Z,8.1617,8.1875,8.1593,8.1852,58731,true
ZSMPE,2026-08-27T15:35:00Z,8.1852,8.2076,8.1756,8.1981,66997,true
ZSMPE,2026-08-27T15:40:00Z,8.1981,8.203,8.1659,8.1708,64610,true
ZSMPE,2026-08-27T15:45:00Z,8.1708,8.1918,8.1558,8.1768,72816,true
ZSMPE,2026-08-27T15:50:00Z,8.1768,8.1942,8.1711,8.1886,44103,true
ZSMPE,2026-08-27T15:55:00Z,8.1886,8.1903,8.1845,8.1862,52602,true
ZSMPE,2026-08-27T16:00:00Z,8.1862,8.1973,8.1832,8.1943,97810,true
ZSMPE,2026-08-27T16:05:00Z,8.1943,8.2113,8.1833,8.2003,39797,true
ZSMPE,2026-08-27T16:10:00Z,8.2003,8.2033,8.1882,8.1912,79106,true
ZSMPE,2026-08-27T16:15:00Z,8.1912,8.1963,8.1894,8.1946,52175,true
ZSMPE,2026-08-27T16:20:00Z,8.1946,8.2018,8.1904,8.1976,86897,true
ZSMPE,2026-08-27T16:25:00Z,8.1976,8.1981,8.1822,8.1827,41519,true
ZSMPE,2026-08-27T16:30:00Z,8.1827,8.198,8.1603,8.1755,44666,true
ZSMPE,2026-08-27T16:35:00Z,8.1755,8.206,8.1708,8.2012,62320,true
ZSMPE,2026-08-27T16:40:00Z,8.2012,8.206,8.1969,8.2017,57233,true
ZSMPE,2026-08-27T16:45:00Z,8.2017,8.2133,8.1743,8.1859,59293,true
ZSMPE,2026-08-27T16:50:00Z,8.1859,8.2015,8.1758,8.1914,32128,true
ZSMPE,2026-08-27T16:55:00Z,8.1914,8.205,8.1876,8.2011,78452,true
ZSMPE,2026-08-27T17:00:00Z,8.2011,8.2072,8.2007,8.2067,92877,true
ZSMPE,2026-08-27T17:05:00Z,8.2067,8.2177,8.1983,8.2093,45359,true
ZSMPE,2026-08-27T17:10:00Z,8.2093,8.2257,8.2079,8.2243,29945,true
ZSMPE,2026-08-27T17:15:00Z,8.2243,8.2251,8.2027,8.2035,40027,true
ZSMPE,2026-08-27T17:20:00Z,8.2035,8.2251,8.1943,8.2159,52101,true
ZSMPE,2026-08-27T17:25:00Z,8.2159,8.2241,8.1998,8.208,43091,true
ZSMPE,2026-08-27T17:30:00Z,8.208,8.2157,8.2006,8.2083,63627,true
ZSMPE,2026-08-27T17:35:00Z,8.2083,8.2238,8.2027,8.2182,85109,true
ZSMPE,2026-08-27T17:40:00Z,8.2182,8.2309,8.2006,8.2133,44210,true
ZSMPE,2026-08-27T17:45:00Z,8.2133,8.2209,8.2121,8.2197,45119,true
ZSMPE,2026-08-27T17:50:00Z,8.2197,8.2392,8.2171,8.2367,54748,true
ZSMPE,2026-08-27T17:55:00Z,8.2367,8.2401,8.2321,8.2354,99640,true
ZSMPE,2026-08-27T18:00:00Z,8.2354,8.2609,8.2348,8.2603,43557,true
ZSMPE,2026-08-27T18:05:00Z,8.2603,8.2795,8.2556,8.2748,76123,true
ZSMPE,2026-08-27T18:10:00Z,8.2748,8.2869,8.2306,8.2427,64720,true
ZSMPE,2026-08-27T18:15:00Z,8.2427,8.2468,8.2231,8.2272,55433,true
ZSMPE,2026-08-27T18:20:00Z,8.2272,8.2349,8.2125,8.2201,46798,true
ZSMPE,2026-08-27T18:25:00Z,8.2201,8.2305,8.2097,8.22,41674,true
ZSMPE,2026-08-27T18:30:00Z,8.22,8.2219,8.1912,8.1931,42795,true
ZSMPE,2026-08-27T18:35:00Z,8.1931,8.194,8.1811,8.182,69579,true
ZSMPE,2026-08-27T18:40:00Z,8.182,8.1945,8.1637,8.1762,66342,true
ZSMPE,2026-08-27T18:45:00Z,8.1762,8.1764,8.1628,8.163,61433,true
ZSMPE,2026-08-27T18:50:00Z,8.163,8.1638,8.1541,8.1549,50837,true
ZSMPE,2026-08-27T18:55:00Z,8.1549,8.182,8.153,8.1801,49527,true
ZSMPE,2026-08-27T19:00:00Z,8.1801,8.1937,8.1527,8.1663,84739,true
ZSMPE,2026-08-27T19:05:00Z,8.1663,8.174,8.1533,8.161,80123,true
ZSMPE,2026-08-27T19:10:00Z,8.161,8.1668,8.1507,8.1565,81906,true
ZSMPE,2026-08-27T19:15:00Z,8.1565,8.164,8.1428,8.1504,60604,true
ZSMPE,2026-08-27T19:20:00Z,8.1504,8.1595,8.1322,8.1413,73752,true
ZSMPE,2026-08-27T19:25:00Z,8.1413,8.1492,8.1305,8.1384,75634,true
ZSMPE,2026-08-27T19:30:00Z,8.1384,8.1592,8.1311,8.1519,48187,true
ZSMPE,2026-08-27T19:35:00Z,8.1519,8.1657,8.1477,8.1616,158427,true
ZSMPE,2026-08-27T19:40:00Z,8.1616,8.1627,8.1547,8.1558,88209,true
ZSMPE,2026-08-27T19:45:00Z,8.1558,8.1666,8.149,8.1598,105664,true
ZSMPE,2026-08-27T19:50:00Z,8.1598,8.1623,8.1286,8.1311,71867,true
ZSMPE,2026-08-27T19:55:00Z,8.1311,8.1713,8.11,8.1501,162573,true
ZSMPE,2026-08-28T13:30:00Z,8.1501,8.1614,8.1438,8.1551,122567,true
ZSMPE,2026-08-28T13:35:00Z,8.1551,8.177,8.1412,8.1632,182105,true
ZSMPE,2026-08-28T13:40:00Z,8.1632,8.2022,8.1547,8.1938,108656,true
ZSMPE,2026-08-28T13:45:00Z,8.1938,8.2045,8.1878,8.1985,108442,true
ZSMPE,2026-08-28T13:50:00Z,8.1985,8.2103,8.162,8.1738,120078,true
ZSMPE,2026-08-28T13:55:00Z,8.1738,8.1747,8.1473,8.1482,114355,true
ZSMPE,2026-08-28T14:00:00Z,8.1482,8.1587,8.1192,8.1297,75461,true
ZSMPE,2026-08-28T14:05:00Z,8.1297,8.1356,8.1247,8.1306,81040,true
ZSMPE,2026-08-28T14:10:00Z,8.1306,8.1407,8.1189,8.1289,72384,true
ZSMPE,2026-08-28T14:15:00Z,8.1289,8.1394,8.1272,8.1377,61679,true
ZSMPE,2026-08-28T14:20:00Z,8.1377,8.1427,8.1291,8.1341,90623,true
ZSMPE,2026-08-28T14:25:00Z,8.1341,8.1598,8.1333,8.159,42464,true
ZSMPE,2026-08-28T14:30:00Z,8.159,8.1603,8.1387,8.1401,66847,true
ZSMPE,2026-08-28T14:35:00Z,8.1401,8.1625,8.1312,8.1536,68449,true
ZSMPE,2026-08-28T14:40:00Z,8.1536,8.1605,8.1486,8.1555,64002,true
ZSMPE,2026-08-28T14:45:00Z,8.1555,8.1566,8.1486,8.1496,94442,true
ZSMPE,2026-08-28T14:50:00Z,8.1496,8.1549,8.1468,8.152,65229,true
ZSMPE,2026-08-28T14:55:00Z,8.152,8.1716,8.1403,8.1599,78218,true
ZSMPE,2026-08-28T15:00:00Z,8.1599,8.1735,8.1224,8.136,85094,true
ZSMPE,2026-08-28T15:05:00Z,8.136,8.1627,8.1311,8.1578,88289,true
ZSMPE,2026-08-28T15:10:00Z,8.1578,8.1805,8.1428,8.1655,74016,true
ZSMPE,2026-08-28T15:15:00Z,8.1655,8.1745,8.148,8.1569,84261,true
ZSMPE,2026-08-28T15:20:00Z,8.1569,8.1644,8.1242,8.1317,79749,true
ZSMPE,2026-08-28T15:25:00Z,8.1317,8.1528,8.1234,8.1445,36567,true
ZSMPE,2026-08-28T15:30:00Z,8.1445,8.1525,8.1278,8.1357,51405,true
ZSMPE,2026-08-28T15:35:00Z,8.1357,8.1838,8.1121,8.1601,59969,true
ZSMPE,2026-08-28T15:40:00Z,8.1601,8.1801,8.1522,8.1722,53640,true
ZSMPE,2026-08-28T15:45:00Z,8.1722,8.1865,8.1625,8.1768,40443,true
ZSMPE,2026-08-28T15:50:00Z,8.1768,8.1865,8.173,8.1827,81245,true
ZSMPE,2026-08-28T15:55:00Z,8.1827,8.191,8.1799,8.1882,83439,true
ZSMPE,2026-08-28T16:00:00Z,8.1882,8.1967,8.1534,8.1619,94880,true
ZSMPE,2026-08-28T16:05:00Z,8.1619,8.1665,8.1585,8.1631,67785,true
ZSMPE,2026-08-28T16:10:00Z,8.1631,8.207,8.1616,8.2056,39659,true
ZSMPE,2026-08-28T16:15:00Z,8.2056,8.2325,8.2016,8.2285,86276,true
ZSMPE,2026-08-28T16:20:00Z,8.2285,8.2587,8.2203,8.2506,73531,true
ZSMPE,2026-08-28T16:25:00Z,8.2506,8.2833,8.239,8.2718,54758,true
ZSMPE,2026-08-28T16:30:00Z,8.2718,8.2745,8.2433,8.246,60394,true
ZSMPE,2026-08-28T16:35:00Z,8.246,8.2637,8.239,8.2567,66608,true
ZSMPE,2026-08-28T16:40:00Z,8.2567,8.2702,8.2559,8.2693,48096,true
ZSMPE,2026-08-28T16:45:00Z,8.2693,8.2863,8.2692,8.2861,68483,true
ZSMPE,2026-08-28T16:50:00Z,8.2861,8.2928,8.2664,8.273,66168,true
ZSMPE,2026-08-28T16:55:00Z,8.273,8.2846,8.2704,8.282,58689,true
ZSMPE,2026-08-28T17:00:00Z,8.282,8.2968,8.2818,8.2967,85408,true
ZSMPE,2026-08-28T17:05:00Z,8.2967,8.3084,8.2952,8.3069,61707,true
ZSMPE,2026-08-28T17:10:00Z,8.3069,8.3219,8.3064,8.3214,50493,true
ZSMPE,2026-08-28T17:15:00Z,8.3214,8.3401,8.3201,8.3389,50837,true
ZSMPE,2026-08-28T17:20:00Z,8.3389,8.3398,8.3272,8.3282,83962,true
ZSMPE,2026-08-28T17:25:00Z,8.3282,8.3375,8.3183,8.3276,75266,true
ZSMPE,2026-08-28T17:30:00Z,8.3276,8.3504,8.3017,8.3244,62148,true
ZSMPE,2026-08-28T17:35:00Z,8.3244,8.3259,8.3196,8.3211,102653,true
ZSMPE,2026-08-28T17:40:00Z,8.3211,8.3214,8.3098,8.3101,47099,true
ZSMPE,2026-08-28T17:45:00Z,8.3101,8.3137,8.3082,8.3118,42505,true
ZSMPE,2026-08-28T17:50:00Z,8.3118,8.3354,8.3046,8.3282,69974,true
ZSMPE,2026-08-28T17:55:00Z,8.3282,8.3372,8.3198,8.3288,59531,true
ZSMPE,2026-08-28T18:00:00Z,8.3288,8.3405,8.3061,8.3178,50194,true
ZSMPE,2026-08-28T18:05:00Z,8.3178,8.3227,8.3122,8.3171,65127,true
ZSMPE,2026-08-28T18:10:00Z,8.3171,8.3394,8.3085,8.3308,59341,true
ZSMPE,2026-08-28T18:15:00Z,8.3308,8.3368,8.317,8.3231,47312,true
ZSMPE,2026-08-28T18:20:00Z,8.3231,8.355,8.3122,8.3441,63016,true
ZSMPE,2026-08-28T18:25:00Z,8.3441,8.3584,8.3378,8.352,55212,true
ZSMPE,2026-08-28T18:30:00Z,8.352,8.3731,8.3284,8.3495,59977,true
ZSMPE,2026-08-28T18:35:00Z,8.3495,8.3633,8.3195,8.3333,78301,true
ZSMPE,2026-08-28T18:40:00Z,8.3333,8.3583,8.3264,8.3514,36309,true
ZSMPE,2026-08-28T18:45:00Z,8.3514,8.3703,8.3479,8.3668,65744,true
ZSMPE,2026-08-28T18:50:00Z,8.3668,8.3818,8.3595,8.3745,40620,true
ZSMPE,2026-08-28T18:55:00Z,8.3745,8.3844,8.3581,8.368,78993,true
ZSMPE,2026-08-28T19:00:00Z,8.368,8.392,8.362,8.386,68182,true
ZSMPE,2026-08-28T19:05:00Z,8.386,8.412,8.3741,8.4001,63061,true
ZSMPE,2026-08-28T19:10:00Z,8.4001,8.4093,8.3962,8.4055,109204,true
ZSMPE,2026-08-28T19:15:00Z,8.4055,8.4109,8.3807,8.3861,80540,true
ZSMPE,2026-08-28T19:20:00Z,8.3861,8.3894,8.3815,8.3848,49643,true
ZSMPE,2026-08-28T19:25:00Z,8.3848,8.4115,8.3792,8.4058,68633,true
ZSMPE,2026-08-28T19:30:00Z,8.4058,8.4115,8.3956,8.4012,78711,true
ZSMPE,2026-08-28T19:35:00Z,8.4012,8.4335,8.3925,8.4248,95325,true
ZSMPE,2026-08-28T19:40:00Z,8.4248,8.4304,8.4061,8.4117,94107,true
ZSMPE,2026-08-28T19:45:00Z,8.4117,8.4156,8.3771,8.381,78502,true
ZSMPE,2026-08-28T19:50:00Z,8.381,8.3865,8.3702,8.3757,96138,true
ZSMPE,2026-08-28T19:55:00Z,8.3757,8.3864,8.3393,8.3499,125260,true
ZSMPE,2026-08-31T13:30:00Z,8.3499,8.3543,8.3192,8.3235,174907,true
ZSMPE,2026-08-31T13:35:00Z,8.3235,8.3445,8.3227,8.3437,103103,true
ZSMPE,2026-08-31T13:40:00Z,8.3437,8.349,8.3408,8.3461,202367,true
ZSMPE,2026-08-31T13:45:00Z,8.3461,8.3507,8.3393,8.3439,136768,true
ZSMPE,2026-08-31T13:50:00Z,8.3439,8.3647,8.3332,8.354,99038,true
ZSMPE,2026-08-31T13:55:00Z,8.354,8.3628,8.3489,8.3577,95667,true
ZSMPE,2026-08-31T14:00:00Z,8.3577,8.3707,8.317,8.33,94296,true
ZSMPE,2026-08-31T14:05:00Z,8.33,8.332,8.2884,8.2904,80949,true
ZSMPE,2026-08-31T14:10:00Z,8.2904,8.3043,8.2685,8.2824,98629,true
ZSMPE,2026-08-31T14:15:00Z,8.2824,8.2961,8.2494,8.2631,132966,true
ZSMPE,2026-08-31T14:20:00Z,8.2631,8.2743,8.2533,8.2645,60665,true
ZSMPE,2026-08-31T14:25:00Z,8.2645,8.2774,8.2188,8.2318,52226,true
ZSMPE,2026-08-31T14:30:00Z,8.2318,8.2429,8.2294,8.2406,73244,true
ZSMPE,2026-08-31T14:35:00Z,8.2406,8.2511,8.1998,8.2104,126384,true
ZSMPE,2026-08-31T14:40:00Z,8.2104,8.2192,8.1927,8.2015,52329,true
ZSMPE,2026-08-31T14:45:00Z,8.2015,8.211,8.1767,8.1862,83259,true
ZSMPE,2026-08-31T14:50:00Z,8.1862,8.1927,8.1698,8.1763,69693,true
ZSMPE,2026-08-31T14:55:00Z,8.1763,8.1978,8.1646,8.1862,77983,true
ZSMPE,2026-08-31T15:00:00Z,8.1862,8.1894,8.1821,8.1853,61344,true
ZSMPE,2026-08-31T15:05:00Z,8.1853,8.1921,8.184,8.1908,48875,true
ZSMPE,2026-08-31T15:10:00Z,8.1908,8.207,8.1847,8.2009,46534,true
ZSMPE,2026-08-31T15:15:00Z,8.2009,8.2133,8.1984,8.2108,93226,true
ZSMPE,2026-08-31T15:20:00Z,8.2108,8.216,8.1971,8.2023,72959,true
ZSMPE,2026-08-31T15:25:00Z,8.2023,8.2277,8.1852,8.2106,64029,true
ZSMPE,2026-08-31T15:30:00Z,8.2106,8.2193,8.1917,8.2004,66225,true
ZSMPE,2026-08-31T15:35:00Z,8.2004,8.2091,8.1911,8.1998,55604,true
ZSMPE,2026-08-31T15:40:00Z,8.1998,8.2209,8.1867,8.2078,42178,true
ZSMPE,2026-08-31T15:45:00Z,8.2078,8.2133,8.1793,8.1848,52138,true
ZSMPE,2026-08-31T15:50:00Z,8.1848,8.2086,8.1689,8.1928,64331,true
ZSMPE,2026-08-31T15:55:00Z,8.1928,8.1937,8.1926,8.1935,72170,true
ZSMPE,2026-08-31T16:00:00Z,8.1935,8.1954,8.1825,8.1844,39822,true
ZSMPE,2026-08-31T16:05:00Z,8.1844,8.1891,8.1524,8.1571,54178,true
ZSMPE,2026-08-31T16:10:00Z,8.1571,8.1726,8.1161,8.1316,54501,true
ZSMPE,2026-08-31T16:15:00Z,8.1316,8.1342,8.1181,8.1207,72577,true
ZSMPE,2026-08-31T16:20:00Z,8.1207,8.1464,8.1149,8.1406,66575,true
ZSMPE,2026-08-31T16:25:00Z,8.1406,8.1743,8.1402,8.1738,91592,true
ZSMPE,2026-08-31T16:30:00Z,8.1738,8.204,8.1674,8.1976,59166,true
ZSMPE,2026-08-31T16:35:00Z,8.1976,8.2159,8.19,8.2084,97363,true
ZSMPE,2026-08-31T16:40:00Z,8.2084,8.2153,8.201,8.208,53771,true
ZSMPE,2026-08-31T16:45:00Z,8.208,8.2145,8.1953,8.2019,66476,true
ZSMPE,2026-08-31T16:50:00Z,8.2019,8.2224,8.1935,8.2139,56119,true
ZSMPE,2026-08-31T16:55:00Z,8.2139,8.2246,8.2074,8.2181,38841,true
ZSMPE,2026-08-31T17:00:00Z,8.2181,8.2261,8.193,8.2011,60301,true
ZSMPE,2026-08-31T17:05:00Z,8.2011,8.2039,8.1824,8.1852,83634,true
ZSMPE,2026-08-31T17:10:00Z,8.1852,8.1853,8.1765,8.1767,66089,true
ZSMPE,2026-08-31T17:15:00Z,8.1767,8.1976,8.1679,8.1888,42837,true
ZSMPE,2026-08-31T17:20:00Z,8.1888,8.2027,8.1824,8.1963,80334,true
ZSMPE,2026-08-31T17:25:00Z,8.1963,8.2025,8.1795,8.1858,74432,true
ZSMPE,2026-08-31T17:30:00Z,8.1858,8.1979,8.1828,8.195,55613,true
ZSMPE,2026-08-31T17:35:00Z,8.195,8.2183,8.1841,8.2073,72237,true
ZSMPE,2026-08-31T17:40:00Z,8.2073,8.2199,8.186,8.1986,58733,true
ZSMPE,2026-08-31T17:45:00Z,8.1986,8.2008,8.1651,8.1674,62885,true
ZSMPE,2026-08-31T17:50:00Z,8.1674,8.1798,8.1225,8.1349,44914,true
ZSMPE,2026-08-31T17:55:00Z,8.1349,8.141,8.1296,8.1357,81519,true
ZSMPE,2026-08-31T18:00:00Z,8.1357,8.1511,8.1234,8.1387,59592,true
ZSMPE,2026-08-31T18:05:00Z,8.1387,8.1467,8.0984,8.1064,60474,true
ZSMPE,2026-08-31T18:10:00Z,8.1064,8.1088,8.1022,8.1046,59434,true
ZSMPE,2026-08-31T18:15:00Z,8.1046,8.1081,8.0902,8.0937,50185,true
ZSMPE,2026-08-31T18:20:00Z,8.0937,8.1062,8.0919,8.1043,52706,true
ZSMPE,2026-08-31T18:25:00Z,8.1043,8.1208,8.1036,8.1201,93386,true
ZSMPE,2026-08-31T18:30:00Z,8.1201,8.122,8.0971,8.099,55391,true
ZSMPE,2026-08-31T18:35:00Z,8.099,8.1125,8.0481,8.0615,52894,true
ZSMPE,2026-08-31T18:40:00Z,8.0615,8.0738,8.059,8.0713,76110,true
ZSMPE,2026-08-31T18:45:00Z,8.0713,8.0776,8.0459,8.0523,54517,true
ZSMPE,2026-08-31T18:50:00Z,8.0523,8.0689,8.049,8.0657,96211,true
ZSMPE,2026-08-31T18:55:00Z,8.0657,8.068,8.0186,8.0209,67129,true
ZSMPE,2026-08-31T19:00:00Z,8.0209,8.031,7.9916,8.0016,105883,true
ZSMPE,2026-08-31T19:05:00Z,8.0016,8.0088,7.9968,8.004,45548,true
ZSMPE,2026-08-31T19:10:00Z,8.004,8.008,7.9874,7.9913,52400,true
ZSMPE,2026-08-31T19:15:00Z,7.9913,8.0341,7.9887,8.0315,95855,true
ZSMPE,2026-08-31T19:20:00Z,8.0315,8.036,8.0303,8.0349,35253,true
ZSMPE,2026-08-31T19:25:00Z,8.0349,8.0699,8.0335,8.0685,92309,true
ZSMPE,2026-08-31T19:30:00Z,8.0685,8.0754,8.0615,8.0684,94648,true
ZSMPE,2026-08-31T19:35:00Z,8.0684,8.088,8.0548,8.0744,94230,true
ZSMPE,2026-08-31T19:40:00Z,8.0744,8.079,8.0491,8.0538,108435,true
ZSMPE,2026-08-31T19:45:00Z,8.0538,8.1025,8.0479,8.0966,86186,true
ZSMPE,2026-08-31T19:50:00Z,8.0966,8.1008,8.0807,8.0849,70550,true
ZSMPE,2026-08-31T19:55:00Z,8.0849,8.0912,8.0398,8.0462,107752,true
ZSMPE,2026-09-01T13:30:00Z,8.0462,8.068,8.0308,8.0526,195384,true
ZSMPE,2026-09-01T13:35:00Z,8.0526,8.0818,8.0424,8.0716,93883,true
ZSMPE,2026-09-01T13:40:00Z,8.0716,8.0732,8.0551,8.0567,85626,true
ZSMPE,2026-09-01T13:45:00Z,8.0567,8.0771,8.0459,8.0663,144670,true
ZSMPE,2026-09-01T13:50:00Z,8.0663,8.0674,8.0339,8.0349,107672,true
ZSMPE,2026-09-01T13:55:00Z,8.0349,8.0417,8.0065,8.0133,138046,true
ZSMPE,2026-09-01T14:00:00Z,8.0133,8.0229,8.0086,8.0182,69713,true
ZSMPE,2026-09-01T14:05:00Z,8.0182,8.0296,8.0167,8.0281,95630,true
ZSMPE,2026-09-01T14:10:00Z,8.0281,8.0312,8.0213,8.0244,97675,true
ZSMPE,2026-09-01T14:15:00Z,8.0244,8.0497,8.0197,8.0449,133197,true
ZSMPE,2026-09-01T14:20:00Z,8.0449,8.0505,8.0288,8.0343,112352,true
ZSMPE,2026-09-01T14:25:00Z,8.0343,8.0436,8.0255,8.0348,70116,true
ZSMPE,2026-09-01T14:30:00Z,8.0348,8.0367,8.0182,8.0201,77775,true
ZSMPE,2026-09-01T14:35:00Z,8.0201,8.0393,8.0192,8.0384,100747,true
ZSMPE,2026-09-01T14:40:00Z,8.0384,8.0548,8.0065,8.0228,114845,true
ZSMPE,2026-09-01T14:45:00Z,8.0228,8.063,8.019,8.0591,73346,true
ZSMPE,2026-09-01T14:50:00Z,8.0591,8.062,8.0389,8.0418,80526,true
ZSMPE,2026-09-01T14:55:00Z,8.0418,8.0593,8.0417,8.0592,55886,true
ZSMPE,2026-09-01T15:00:00Z,8.0592,8.0827,8.0505,8.0741,60249,true
ZSMPE,2026-09-01T15:05:00Z,8.0741,8.0843,8.0639,8.0741,79946,true
ZSMPE,2026-09-01T15:10:00Z,8.0741,8.0775,8.0667,8.0701,58571,true
ZSMPE,2026-09-01T15:15:00Z,8.0701,8.0754,8.0538,8.0591,64877,true
ZSMPE,2026-09-01T15:20:00Z,8.0591,8.0646,8.0442,8.0497,60835,true
ZSMPE,2026-09-01T15:25:00Z,8.0497,8.0528,8.0372,8.0403,93140,true
ZSMPE,2026-09-01T15:30:00Z,8.0403,8.062,8.0403,8.062,58894,true
ZSMPE,2026-09-01T15:35:00Z,8.062,8.0878,8.0566,8.0824,82382,true
ZSMPE,2026-09-01T15:40:00Z,8.0824,8.0902,8.0641,8.0719,60826,true
ZSMPE,2026-09-01T15:45:00Z,8.0719,8.0766,8.0415,8.0463,62755,true
ZSMPE,2026-09-01T15:50:00Z,8.0463,8.0491,8.0331,8.0359,37504,true
ZSMPE,2026-09-01T15:55:00Z,8.0359,8.0361,8.0349,8.035,57563,true
ZSMPE,2026-09-01T16:00:00Z,8.035,8.0448,8.0313,8.0411,49930,true
ZSMPE,2026-09-01T16:05:00Z,8.0411,8.0532,8.04,8.0521,49079,true
ZSMPE,2026-09-01T16:10:00Z,8.0521,8.0537,8.0403,8.0419,82140,true
ZSMPE,2026-09-01T16:15:00Z,8.0419,8.0499,8.0237,8.0317,78700,true
ZSMPE,2026-09-01T16:20:00Z,8.0317,8.0326,8.0053,8.0061,72160,true
ZSMPE,2026-09-01T16:25:00Z,8.0061,8.0092,7.9917,7.9948,58601,true
ZSMPE,2026-09-01T16:30:00Z,7.9948,7.9992,7.9642,7.9686,87769,true
ZSMPE,2026-09-01T16:35:00Z,7.9686,7.9723,7.9527,7.9564,75311,true
ZSMPE,2026-09-01T16:40:00Z,7.9564,7.9584,7.9457,7.9478,60403,true
ZSMPE,2026-09-01T16:45:00Z,7.9478,7.9615,7.9344,7.9481,57703,true
ZSMPE,2026-09-01T16:50:00Z,7.9481,7.9627,7.9363,7.951,58245,true
ZSMPE,2026-09-01T16:55:00Z,7.951,7.9788,7.9472,7.9751,51553,true
ZSMPE,2026-09-01T17:00:00Z,7.9751,7.9751,7.973,7.973,63199,true
ZSMPE,2026-09-01T17:05:00Z,7.973,7.9787,7.9655,7.9712,60532,true
ZSMPE,2026-09-01T17:10:00Z,7.9712,7.9722,7.9469,7.9479,63034,true
ZSMPE,2026-09-01T17:15:00Z,7.9479,7.9555,7.9294,7.937,63002,true
ZSMPE,2026-09-01T17:20:00Z,7.937,7.9568,7.9323,7.9521,117056,true
ZSMPE,2026-09-01T17:25:00Z,7.9521,7.966,7.9439,7.9579,60335,true
ZSMPE,2026-09-01T17:30:00Z,7.9579,7.9866,7.9535,7.9823,77300,true
ZSMPE,2026-09-01T17:35:00Z,7.9823,7.991,7.9775,7.9862,49438,true
ZSMPE,2026-09-01T17:40:00Z,7.9862,7.9948,7.9807,7.9894,85068,true
ZSMPE,2026-09-01T17:45:00Z,7.9894,8.0295,7.9848,8.0249,63298,true
ZSMPE,2026-09-01T17:50:00Z,8.0249,8.0282,8.0061,8.0094,57861,true
ZSMPE,2026-09-01T17:55:00Z,8.0094,8.0096,7.9839,7.9841,88655,true
ZSMPE,2026-09-01T18:00:00Z,7.9841,8.0017,7.968,7.9856,100393,true
ZSMPE,2026-09-01T18:05:00Z,7.9856,7.9963,7.9836,7.9943,63153,true
ZSMPE,2026-09-01T18:10:00Z,7.9943,8.0013,7.9929,8.0,47886,true
ZSMPE,2026-09-01T18:15:00Z,8.0,8.0082,7.9628,7.971,69445,true
ZSMPE,2026-09-01T18:20:00Z,7.971,7.9747,7.9708,7.9745,63840,true
ZSMPE,2026-09-01T18:25:00Z,7.9745,7.9892,7.9265,7.9413,57330,true
ZSMPE,2026-09-01T18:30:00Z,7.9413,7.9611,7.9392,7.959,57093,true
ZSMPE,2026-09-01T18:35:00Z,7.959,7.9982,7.9484,7.9875,47001,true
ZSMPE,2026-09-01T18:40:00Z,7.9875,7.9895,7.9721,7.9741,49924,true
ZSMPE,2026-09-01T18:45:00Z,7.9741,7.9872,7.9649,7.978,50986,true
ZSMPE,2026-09-01T18:50:00Z,7.978,7.9797,7.9643,7.9659,56555,true
ZSMPE,2026-09-01T18:55:00Z,7.9659,7.9866,7.9623,7.9829,74759,true
ZSMPE,2026-09-01T19:00:00Z,7.9829,8.0111,7.9711,7.9993,99478,true
ZSMPE,2026-09-01T19:05:00Z,7.9993,8.0009,7.9968,7.9984,62038,true
ZSMPE,2026-09-01T19:10:00Z,7.9984,8.0204,7.994,8.016,70630,true
ZSMPE,2026-09-01T19:15:00Z,8.016,8.0208,8.0077,8.0125,63364,true
ZSMPE,2026-09-01T19:20:00Z,8.0125,8.0169,7.9979,8.0023,51053,true
ZSMPE,2026-09-01T19:25:00Z,8.0023,8.008,7.9969,8.0026,65176,true
ZSMPE,2026-09-01T19:30:00Z,8.0026,8.003,7.997,7.9974,114460,true
ZSMPE,2026-09-01T19:35:00Z,7.9974,8.0063,7.9933,8.0022,68209,true
ZSMPE,2026-09-01T19:40:00Z,8.0022,8.0096,7.9773,7.9847,97276,true
ZSMPE,2026-09-01T19:45:00Z,7.9847,8.0011,7.9668,7.9832,87295,true
ZSMPE,2026-09-01T19:50:00Z,7.9832,7.9847,7.972,7.9735,103828,true
ZSMPE,2026-09-01T19:55:00Z,7.9735,7.9831,7.9589,7.9684,149023,true
ZSMPE,2026-09-02T13:30:00Z,7.9684,7.9845,7.9628,7.9789,87756,true
ZSMPE,2026-09-02T13:35:00Z,7.9789,7.9898,7.9784,7.9893,133190,true
ZSMPE,2026-09-02T13:40:00Z,7.9893,7.9917,7.9788,7.9812,126779,true
ZSMPE,2026-09-02T13:45:00Z,7.9812,8.0211,7.9712,8.0111,123356,true
ZSMPE,2026-09-02T13:50:00Z,8.0111,8.0321,7.9775,7.9985,163598,true
ZSMPE,2026-09-02T13:55:00Z,7.9985,8.0135,7.9908,8.0058,89630,true
ZSMPE,2026-09-02T14:00:00Z,8.0058,8.0066,7.9834,7.9842,103711,true
ZSMPE,2026-09-02T14:05:00Z,7.9842,8.0069,7.9833,8.006,58200,true
ZSMPE,2026-09-02T14:10:00Z,8.006,8.0125,7.9744,7.9808,89682,true
ZSMPE,2026-09-02T14:15:00Z,7.9808,7.9928,7.977,7.989,80005,true
ZSMPE,2026-09-02T14:20:00Z,7.989,7.9925,7.9828,7.9863,62815,true
ZSMPE,2026-09-02T14:25:00Z,7.9863,8.0038,7.985,8.0025,64123,true
ZSMPE,2026-09-02T14:30:00Z,8.0025,8.0296,7.9988,8.026,44582,true
ZSMPE,2026-09-02T14:35:00Z,8.026,8.0307,8.0118,8.0165,45365,true
ZSMPE,2026-09-02T14:40:00Z,8.0165,8.0278,7.9871,7.9984,102779,true
ZSMPE,2026-09-02T14:45:00Z,7.9984,8.0273,7.9876,8.0165,98525,true
ZSMPE,2026-09-02T14:50:00Z,8.0165,8.0203,8.0095,8.0134,88668,true
ZSMPE,2026-09-02T14:55:00Z,8.0134,8.0187,7.9955,8.0009,75466,true
ZSMPE,2026-09-02T15:00:00Z,8.0009,8.0164,7.9962,8.0117,70089,true
ZSMPE,2026-09-02T15:05:00Z,8.0117,8.0213,7.9991,8.0087,66602,true
ZSMPE,2026-09-02T15:10:00Z,8.0087,8.0152,8.0012,8.0078,50822,true
ZSMPE,2026-09-02T15:15:00Z,8.0078,8.0201,8.0019,8.0142,36383,true
ZSMPE,2026-09-02T15:20:00Z,8.0142,8.0289,7.9945,8.0092,41475,true
ZSMPE,2026-09-02T15:25:00Z,8.0092,8.0105,7.9927,7.994,72555,true
ZSMPE,2026-09-02T15:30:00Z,7.994,8.018,7.9782,8.0021,70124,true
ZSMPE,2026-09-02T15:35:00Z,8.0021,8.013,7.9729,7.9838,71801,true
ZSMPE,2026-09-02T15:40:00Z,7.9838,7.9911,7.9653,7.9726,57642,true
ZSMPE,2026-09-02T15:45:00Z,7.9726,7.9859,7.9539,7.9673,89667,true
ZSMPE,2026-09-02T15:50:00Z,7.9673,7.9956,7.9554,7.9837,52670,true
ZSMPE,2026-09-02T15:55:00Z,7.9837,7.9914,7.9755,7.9831,49381,true
ZSMPE,2026-09-02T16:00:00Z,7.9831,8.0141,7.9747,8.0057,63837,true
ZSMPE,2026-09-02T16:05:00Z,8.0057,8.0333,7.9951,8.0227,69130,true
ZSMPE,2026-09-02T16:10:00Z,8.0227,8.0246,8.0174,8.0193,53628,true
ZSMPE,2026-09-02T16:15:00Z,8.0193,8.031,8.0046,8.0163,63465,true
ZSMPE,2026-09-02T16:20:00Z,8.0163,8.0565,8.0071,8.0473,43206,true
ZSMPE,2026-09-02T16:25:00Z,8.0473,8.0494,8.0294,8.0316,64182,true
ZSMPE,2026-09-02T16:30:00Z,8.0316,8.0353,7.9975,8.0012,59412,true
ZSMPE,2026-09-02T16:35:00Z,8.0012,8.0119,7.9862,7.9969,71265,true
ZSMPE,2026-09-02T16:40:00Z,7.9969,8.0195,7.982,8.0046,58726,true
ZSMPE,2026-09-02T16:45:00Z,8.0046,8.0221,7.9956,8.0131,34078,true
ZSMPE,2026-09-02T16:50:00Z,8.0131,8.0252,7.9956,8.0077,57336,true
ZSMPE,2026-09-02T16:55:00Z,8.0077,8.0339,7.9961,8.0223,46924,true
ZSMPE,2026-09-02T17:00:00Z,8.0223,8.0259,8.0078,8.0114,47428,true
ZSMPE,2026-09-02T17:05:00Z,8.0114,8.0386,8.0056,8.0328,70030,true
ZSMPE,2026-09-02T17:10:00Z,8.0328,8.0378,7.9912,7.9962,31102,true
ZSMPE,2026-09-02T17:15:00Z,7.9962,7.997,7.9768,7.9777,78969,true
ZSMPE,2026-09-02T17:20:00Z,7.9777,7.9799,7.9702,7.9724,53360,true
ZSMPE,2026-09-02T17:25:00Z,7.9724,7.9797,7.9674,7.9747,58674,true
ZSMPE,2026-09-02T17:30:00Z,7.9747,7.9789,7.9733,7.9775,75765,true
ZSMPE,2026-09-02T17:35:00Z,7.9775,7.986,7.9741,7.9826,60846,true
ZSMPE,2026-09-02T17:40:00Z,7.9826,7.9947,7.9332,7.9453,50807,true
ZSMPE,2026-09-02T17:45:00Z,7.9453,7.9469,7.9228,7.9245,51242,true
ZSMPE,2026-09-02T17:50:00Z,7.9245,7.9247,7.9189,7.9191,125700,true
ZSMPE,2026-09-02T17:55:00Z,7.9191,7.9425,7.9071,7.9304,49021,true
ZSMPE,2026-09-02T18:00:00Z,7.9304,7.933,7.9196,7.9221,50027,true
ZSMPE,2026-09-02T18:05:00Z,7.9221,7.9522,7.8984,7.9285,44168,true
ZSMPE,2026-09-02T18:10:00Z,7.9285,7.931,7.9281,7.9306,68789,true
ZSMPE,2026-09-02T18:15:00Z,7.9306,7.9407,7.9288,7.939,103719,true
ZSMPE,2026-09-02T18:20:00Z,7.939,7.9507,7.9362,7.9479,56431,true
ZSMPE,2026-09-02T18:25:00Z,7.9479,7.9493,7.9446,7.946,61888,true
ZSMPE,2026-09-02T18:30:00Z,7.946,7.9474,7.939,7.9404,63865,true
ZSMPE,2026-09-02T18:35:00Z,7.9404,7.9528,7.9126,7.925,105365,true
ZSMPE,2026-09-02T18:40:00Z,7.925,7.9299,7.9203,7.9252,73887,true
ZSMPE,2026-09-02T18:45:00Z,7.9252,7.9286,7.9211,7.9246,79020,true
ZSMPE,2026-09-02T18:50:00Z,7.9246,7.9247,7.9202,7.9204,64898,true
ZSMPE,2026-09-02T18:55:00Z,7.9204,7.9319,7.9147,7.9261,55565,true
ZSMPE,2026-09-02T19:00:00Z,7.9261,7.9337,7.9214,7.929,51942,true
ZSMPE,2026-09-02T19:05:00Z,7.929,7.9293,7.9202,7.9206,74127,true
ZSMPE,2026-09-02T19:10:00Z,7.9206,7.9511,7.9148,7.9453,63220,true
ZSMPE,2026-09-02T19:15:00Z,7.9453,7.9544,7.9388,7.9478,57891,true
ZSMPE,2026-09-02T19:20:00Z,7.9478,7.9516,7.9282,7.932,83186,true
ZSMPE,2026-09-02T19:25:00Z,7.932,7.9496,7.9299,7.9474,81319,true
ZSMPE,2026-09-02T19:30:00Z,7.9474,7.9665,7.9421,7.9612,56840,true
ZSMPE,2026-09-02T19:35:00Z,7.9612,7.9822,7.9523,7.9733,126173,true
ZSMPE,2026-09-02T19:40:00Z,7.9733,8.0055,7.9671,7.9994,95412,true
ZSMPE,2026-09-02T19:45:00Z,7.9994,8.0099,7.9894,8.0,98691,true
ZSMPE,2026-09-02T19:50:00Z,8.0,8.002,7.9879,7.99,132524,true
ZSMPE,2026-09-02T19:55:00Z,7.99,8.0316,7.9879,8.0295,133256,true
ZSMPE,2026-09-03T13:30:00Z,8.0295,8.0407,8.0114,8.0225,126534,true
ZSMPE,2026-09-03T13:35:00Z,8.0225,8.0529,8.0173,8.0477,124094,true
ZSMPE,2026-09-03T13:40:00Z,8.0477,8.0977,8.0304,8.0804,83292,true
ZSMPE,2026-09-03T13:45:00Z,8.0804,8.0925,8.0539,8.066,99627,true
ZSMPE,2026-09-03T13:50:00Z,8.066,8.0803,8.0654,8.0797,109284,true
ZSMPE,2026-09-03T13:55:00Z,8.0797,8.0884,8.0635,8.0722,70531,true
ZSMPE,2026-09-03T14:00:00Z,8.0722,8.0813,8.0661,8.0752,103751,true
ZSMPE,2026-09-03T14:05:00Z,8.0752,8.0938,8.0736,8.0922,68727,true
ZSMPE,2026-09-03T14:10:00Z,8.0922,8.1129,8.0905,8.1112,79859,true
ZSMPE,2026-09-03T14:15:00Z,8.1112,8.1179,8.1071,8.1139,94451,true
ZSMPE,2026-09-03T14:20:00Z,8.1139,8.1305,8.1027,8.1193,122316,true
ZSMPE,2026-09-03T14:25:00Z,8.1193,8.1243,8.1023,8.1072,82077,true
ZSMPE,2026-09-03T14:30:00Z,8.1072,8.1194,8.0702,8.0824,77981,true
ZSMPE,2026-09-03T14:35:00Z,8.0824,8.1047,8.0749,8.0971,68290,true
ZSMPE,2026-09-03T14:40:00Z,8.0971,8.1015,8.0776,8.082,79093,true
ZSMPE,2026-09-03T14:45:00Z,8.082,8.0832,8.0616,8.0627,59244,true
ZSMPE,2026-09-03T14:50:00Z,8.0627,8.073,8.0408,8.0511,55078,true
ZSMPE,2026-09-03T14:55:00Z,8.0511,8.0603,8.0504,8.0596,46078,true
ZSMPE,2026-09-03T15:00:00Z,8.0596,8.0597,8.049,8.0491,67932,true
ZSMPE,2026-09-03T15:05:00Z,8.0491,8.0507,8.0481,8.0497,59727,true
ZSMPE,2026-09-03T15:10:00Z,8.0497,8.0741,8.048,8.0725,66874,true
ZSMPE,2026-09-03T15:15:00Z,8.0725,8.0743,8.0722,8.074,53934,true
ZSMPE,2026-09-03T15:20:00Z,8.074,8.0874,8.0666,8.0799,74529,true
ZSMPE,2026-09-03T15:25:00Z,8.0799,8.0817,8.0797,8.0814,49722,true
ZSMPE,2026-09-03T15:30:00Z,8.0814,8.1226,8.063,8.1042,55238,true
ZSMPE,2026-09-03T15:35:00Z,8.1042,8.1158,8.0905,8.1021,62932,true
ZSMPE,2026-09-03T15:40:00Z,8.1021,8.1069,8.0786,8.0834,62363,true
ZSMPE,2026-09-03T15:45:00Z,8.0834,8.0888,8.0728,8.0781,67364,true
ZSMPE,2026-09-03T15:50:00Z,8.0781,8.0894,8.0693,8.0805,60305,true
ZSMPE,2026-09-03T15:55:00Z,8.0805,8.0872,8.0799,8.0866,40013,true
ZSMPE,2026-09-03T16:00:00Z,8.0866,8.1007,8.0829,8.097,42088,true
ZSMPE,2026-09-03T16:05:00Z,8.097,8.1145,8.0778,8.0954,51246,true
ZSMPE,2026-09-03T16:10:00Z,8.0954,8.1005,8.0885,8.0936,51784,true
ZSMPE,2026-09-03T16:15:00Z,8.0936,8.1004,8.0894,8.0962,42255,true
ZSMPE,2026-09-03T16:20:00Z,8.0962,8.0968,8.0908,8.0914,56257,true
ZSMPE,2026-09-03T16:25:00Z,8.0914,8.1007,8.056,8.0652,51927,true
ZSMPE,2026-09-03T16:30:00Z,8.0652,8.073,8.0534,8.0612,68014,true
ZSMPE,2026-09-03T16:35:00Z,8.0612,8.0886,8.0406,8.0679,99929,true
ZSMPE,2026-09-03T16:40:00Z,8.0679,8.071,8.0589,8.062,57898,true
ZSMPE,2026-09-03T16:45:00Z,8.062,8.0732,8.0555,8.0667,37712,true
ZSMPE,2026-09-03T16:50:00Z,8.0667,8.0672,8.0661,8.0666,60391,true
ZSMPE,2026-09-03T16:55:00Z,8.0666,8.0824,8.0624,8.0782,50987,true
ZSMPE,2026-09-03T17:00:00Z,8.0782,8.082,8.0592,8.063,34484,true
ZSMPE,2026-09-03T17:05:00Z,8.063,8.0702,8.0595,8.0668,84651,true
ZSMPE,2026-09-03T17:10:00Z,8.0668,8.0829,8.0627,8.0789,46697,true
ZSMPE,2026-09-03T17:15:00Z,8.0789,8.0915,8.0785,8.0911,82366,true
ZSMPE,2026-09-03T17:20:00Z,8.0911,8.1265,8.073,8.1084,61493,true
ZSMPE,2026-09-03T17:25:00Z,8.1084,8.1103,8.094,8.0959,44268,true
ZSMPE,2026-09-03T17:30:00Z,8.0959,8.1016,8.0946,8.1002,101315,true
ZSMPE,2026-09-03T17:35:00Z,8.1002,8.1084,8.0915,8.0997,51133,true
ZSMPE,2026-09-03T17:40:00Z,8.0997,8.1192,8.072,8.0915,57867,true
ZSMPE,2026-09-03T17:45:00Z,8.0915,8.0994,8.0637,8.0716,49116,true
ZSMPE,2026-09-03T17:50:00Z,8.0716,8.0731,8.0517,8.0532,53942,true
ZSMPE,2026-09-03T17:55:00Z,8.0532,8.0596,8.047,8.0534,45643,true
ZSMPE,2026-09-03T18:00:00Z,8.0534,8.0537,8.0493,8.0496,63324,true
ZSMPE,2026-09-03T18:05:00Z,8.0496,8.0597,8.0167,8.0268,58824,true
ZSMPE,2026-09-03T18:10:00Z,8.0268,8.0304,7.9886,7.9922,57021,true
ZSMPE,2026-09-03T18:15:00Z,7.9922,8.0101,7.9874,8.0053,97259,true
ZSMPE,2026-09-03T18:20:00Z,8.0053,8.0223,7.9829,7.9999,65476,true
ZSMPE,2026-09-03T18:25:00Z,7.9999,8.016,7.9986,8.0147,79485,true
ZSMPE,2026-09-03T18:30:00Z,8.0147,8.0206,7.9821,7.988,80560,true
ZSMPE,2026-09-03T18:35:00Z,7.988,7.9955,7.9742,7.9816,52904,true
ZSMPE,2026-09-03T18:40:00Z,7.9816,7.9852,7.94,7.9436,86415,true
ZSMPE,2026-09-03T18:45:00Z,7.9436,7.954,7.9337,7.944,50551,true
ZSMPE,2026-09-03T18:50:00Z,7.944,7.9504,7.9303,7.9367,73146,true
ZSMPE,2026-09-03T18:55:00Z,7.9367,7.9677,7.9195,7.9506,52887,true
ZSMPE,2026-09-03T19:00:00Z,7.9506,7.951,7.9243,7.9248,66962,true
ZSMPE,2026-09-03T19:05:00Z,7.9248,7.9265,7.8953,7.8971,54765,true
ZSMPE,2026-09-03T19:10:00Z,7.8971,7.9054,7.8841,7.8923,60834,true
ZSMPE,2026-09-03T19:15:00Z,7.8923,7.9071,7.886,7.9008,49344,true
ZSMPE,2026-09-03T19:20:00Z,7.9008,7.9032,7.9004,7.9028,90047,true
ZSMPE,2026-09-03T19:25:00Z,7.9028,7.9382,7.8941,7.9296,142808,true
ZSMPE,2026-09-03T19:30:00Z,7.9296,7.9392,7.9272,7.9368,79070,true
ZSMPE,2026-09-03T19:35:00Z,7.9368,7.947,7.9214,7.9316,95205,true
ZSMPE,2026-09-03T19:40:00Z,7.9316,7.9344,7.9294,7.9322,88250,true
ZSMPE,2026-09-03T19:45:00Z,7.9322,7.9598,7.9152,7.9428,118200,true
ZSMPE,2026-09-03T19:50:00Z,7.9428,7.9613,7.9313,7.9498,87073,true
ZSMPE,2026-09-03T19:55:00Z,7.9498,7.9501,7.9352,7.9354,88731,true
ZSMPE,2026-09-04T13:30:00Z,7.9354,7.9541,7.9347,7.9534,121879,true
ZSMPE,2026-09-04T13:35:00Z,7.9534,7.9553,7.9484,7.9502,101332,true
ZSMPE,2026-09-04T13:40:00Z,7.9502,7.958,7.9362,7.9439,162064,true
ZSMPE,2026-09-04T13:45:00Z,7.9439,7.9546,7.942,7.9527,160020,true
ZSMPE,2026-09-04T13:50:00Z,7.9527,7.997,7.9315,7.9758,92028,true
ZSMPE,2026-09-04T13:55:00Z,7.9758,7.998,7.9757,7.9978,108481,true
ZSMPE,2026-09-04T14:00:00Z,7.9978,7.9994,7.9972,7.9988,97162,true
ZSMPE,2026-09-04T14:05:00Z,7.9988,8.0143,7.9548,7.9703,105704,true
ZSMPE,2026-09-04T14:10:00Z,7.9703,7.9889,7.948,7.9667,71760,true
ZSMPE,2026-09-04T14:15:00Z,7.9667,7.97,7.9418,7.9451,90058,true
ZSMPE,2026-09-04T14:20:00Z,7.9451,7.9524,7.9329,7.9402,58540,true
ZSMPE,2026-09-04T14:25:00Z,7.9402,7.9484,7.9374,7.9456,87933,true
ZSMPE,2026-09-04T14:30:00Z,7.9456,7.9591,7.9257,7.9392,90675,true
ZSMPE,2026-09-04T14:35:00Z,7.9392,7.9466,7.9383,7.9457,48463,true
ZSMPE,2026-09-04T14:40:00Z,7.9457,7.9513,7.9377,7.9434,48387,true
ZSMPE,2026-09-04T14:45:00Z,7.9434,7.9472,7.9308,7.9347,57689,true
ZSMPE,2026-09-04T14:50:00Z,7.9347,7.9353,7.9283,7.929,67933,true
ZSMPE,2026-09-04T14:55:00Z,7.929,7.9497,7.9176,7.9383,46881,true
ZSMPE,2026-09-04T15:00:00Z,7.9383,7.9537,7.9314,7.9467,66481,true
ZSMPE,2026-09-04T15:05:00Z,7.9467,7.9656,7.9429,7.9617,39280,true
ZSMPE,2026-09-04T15:10:00Z,7.9617,7.9724,7.9597,7.9704,71893,true
ZSMPE,2026-09-04T15:15:00Z,7.9704,7.9724,7.9605,7.9625,45751,true
ZSMPE,2026-09-04T15:20:00Z,7.9625,7.9655,7.9608,7.9638,69943,true
ZSMPE,2026-09-04T15:25:00Z,7.9638,7.9659,7.9327,7.9349,76653,true
ZSMPE,2026-09-04T15:30:00Z,7.9349,7.9624,7.9297,7.9572,60915,true
ZSMPE,2026-09-04T15:35:00Z,7.9572,7.9658,7.9538,7.9625,34100,true
ZSMPE,2026-09-04T15:40:00Z,7.9625,7.9748,7.9595,7.9718,59552,true
ZSMPE,2026-09-04T15:45:00Z,7.9718,7.9861,7.9401,7.9543,57074,true
ZSMPE,2026-09-04T15:50:00Z,7.9543,7.9545,7.9391,7.9393,55194,true
ZSMPE,2026-09-04T15:55:00Z,7.9393,7.9552,7.9297,7.9455,56125,true
ZSMPE,2026-09-04T16:00:00Z,7.9455,7.9506,7.9404,7.9454,67797,true
ZSMPE,2026-09-04T16:05:00Z,7.9454,7.9731,7.941,7.9686,62293,true
ZSMPE,2026-09-04T16:10:00Z,7.9686,7.9693,7.9561,7.9568,59879,true
ZSMPE,2026-09-04T16:15:00Z,7.9568,7.9569,7.9408,7.9408,60671,true
ZSMPE,2026-09-04T16:20:00Z,7.9408,7.9489,7.908,7.9161,51884,true
ZSMPE,2026-09-04T16:25:00Z,7.9161,7.9227,7.9001,7.9067,57229,true
ZSMPE,2026-09-04T16:30:00Z,7.9067,7.9095,7.8928,7.8956,39422,true
ZSMPE,2026-09-04T16:35:00Z,7.8956,7.9159,7.8934,7.9137,44974,true
ZSMPE,2026-09-04T16:40:00Z,7.9137,7.9247,7.8947,7.9057,46812,true
ZSMPE,2026-09-04T16:45:00Z,7.9057,7.9242,7.8949,7.9135,36341,true
ZSMPE,2026-09-04T16:50:00Z,7.9135,7.9209,7.8961,7.9036,56371,true
ZSMPE,2026-09-04T16:55:00Z,7.9036,7.9235,7.894,7.9139,95515,true
ZSMPE,2026-09-04T17:00:00Z,7.9139,7.9278,7.9025,7.9164,73536,true
ZSMPE,2026-09-04T17:05:00Z,7.9164,7.9263,7.911,7.9208,73177,true
ZSMPE,2026-09-04T17:10:00Z,7.9208,7.9268,7.9046,7.9106,86524,true
ZSMPE,2026-09-04T17:15:00Z,7.9106,7.9555,7.8987,7.9436,67926,true
ZSMPE,2026-09-04T17:20:00Z,7.9436,7.9599,7.9418,7.9582,55635,true
ZSMPE,2026-09-04T17:25:00Z,7.9582,7.9995,7.947,7.9883,72025,true
ZSMPE,2026-09-04T17:30:00Z,7.9883,7.9928,7.9675,7.972,65727,true
ZSMPE,2026-09-04T17:35:00Z,7.972,7.9834,7.9684,7.9799,57887,true
ZSMPE,2026-09-04T17:40:00Z,7.9799,7.9835,7.9724,7.9761,47591,true
ZSMPE,2026-09-04T17:45:00Z,7.9761,7.997,7.9695,7.9905,49613,true
ZSMPE,2026-09-04T17:50:00Z,7.9905,8.0228,7.9794,8.0118,95149,true
ZSMPE,2026-09-04T17:55:00Z,8.0118,8.0125,8.0011,8.0019,79791,true
ZSMPE,2026-09-04T18:00:00Z,8.0019,8.0023,7.9711,7.9716,46092,true
ZSMPE,2026-09-04T18:05:00Z,7.9716,7.9789,7.9615,7.9689,58536,true
ZSMPE,2026-09-04T18:10:00Z,7.9689,7.9785,7.9558,7.9655,41593,true
ZSMPE,2026-09-04T18:15:00Z,7.9655,7.9739,7.941,7.9494,58514,true
ZSMPE,2026-09-04T18:20:00Z,7.9494,7.9806,7.9385,7.9697,44920,true
ZSMPE,2026-09-04T18:25:00Z,7.9697,7.9717,7.9642,7.9662,61347,true
ZSMPE,2026-09-04T18:30:00Z,7.9662,7.9826,7.9492,7.9656,65129,true
ZSMPE,2026-09-04T18:35:00Z,7.9656,7.9749,7.9265,7.9358,37747,true
ZSMPE,2026-09-04T18:40:00Z,7.9358,7.975,7.9337,7.9729,65651,true
ZSMPE,2026-09-04T18:45:00Z,7.9729,7.9965,7.9643,7.9878,69674,true
ZSMPE,2026-09-04T18:50:00Z,7.9878,8.0091,7.9802,8.0015,150250,true
ZSMPE,2026-09-04T18:55:00Z,8.0015,8.0075,7.9942,8.0002,60860,true
ZSMPE,2026-09-04T19:00:00Z,8.0002,8.0066,7.9821,7.9886,105043,true
ZSMPE,2026-09-04T19:05:00Z,7.9886,7.9893,7.9524,7.9532,40555,true
ZSMPE,2026-09-04T19:10:00Z,7.9532,7.9538,7.9189,7.9196,94414,true
ZSMPE,2026-09-04T19:15:00Z,7.9196,7.9209,7.912,7.9133,63224,true
ZSMPE,2026-09-04T19:20:00Z,7.9133,7.9265,7.9077,7.9208,54655,true
ZSMPE,2026-09-04T19:25:00Z,7.9208,7.9293,7.8949,7.9034,86563,true
ZSMPE,2026-09-04T19:30:00Z,7.9034,7.9229,7.8967,7.9162,92331,true
ZSMPE,2026-09-04T19:35:00Z,7.9162,7.9276,7.9076,7.919,85101,true
ZSMPE,2026-09-04T19:40:00Z,7.919,7.933,7.9063,7.9203,120875,true
ZSMPE,2026-09-04T19:45:00Z,7.9203,7.9604,7.9135,7.9536,120287,true
ZSMPE,2026-09-04T19:50:00Z,7.9536,7.9558,7.9389,7.9411,115844,true
ZSMPE,2026-09-04T19:55:00Z,7.9411,7.953,7.927,7.9389,74590,true
ZSMPE,2026-09-08T13:30:00Z,7.9389,7.9543,7.9383,7.9538,178096,true
ZSMPE,2026-09-08T13:35:00Z,7.9538,7.9703,7.948,7.9645,114171,true
ZSMPE,2026-09-08T13:40:00Z,7.9645,7.9744,7.9497,7.9596,131105,true
ZSMPE,2026-09-08T13:45:00Z,7.9596,7.9625,7.9543,7.9573,99308,true
ZSMPE,2026-09-08T13:50:00Z,7.9573,7.9625,7.9339,7.9392,142242,true
ZSMPE,2026-09-08T13:55:00Z,7.9392,7.9615,7.9293,7.9516,66037,true
ZSMPE,2026-09-08T14:00:00Z,7.9516,7.9812,7.9492,7.9787,93269,true
ZSMPE,2026-09-08T14:05:00Z,7.9787,7.9934,7.97,7.9847,72133,true
ZSMPE,2026-09-08T14:10:00Z,7.9847,8.0136,7.9638,7.9928,103200,true
ZSMPE,2026-09-08T14:15:00Z,7.9928,7.9972,7.9832,7.9877,74805,true
ZSMPE,2026-09-08T14:20:00Z,7.9877,7.9918,7.9427,7.9467,90611,true
ZSMPE,2026-09-08T14:25:00Z,7.9467,7.948,7.9366,7.9379,98336,true
ZSMPE,2026-09-08T14:30:00Z,7.9379,7.9407,7.9341,7.9369,64485,true
ZSMPE,2026-09-08T14:35:00Z,7.9369,7.9446,7.9331,7.9408,73611,true
ZSMPE,2026-09-08T14:40:00Z,7.9408,7.9605,7.9351,7.9548,39190,true
ZSMPE,2026-09-08T14:45:00Z,7.9548,7.9553,7.9378,7.9384,59116,true
ZSMPE,2026-09-08T14:50:00Z,7.9384,7.953,7.9335,7.9482,48236,true
ZSMPE,2026-09-08T14:55:00Z,7.9482,7.9543,7.9404,7.9465,64176,true
ZSMPE,2026-09-08T15:00:00Z,7.9465,7.9795,7.9369,7.9699,113742,true
ZSMPE,2026-09-08T15:05:00Z,7.9699,7.985,7.9475,7.9626,80854,true
ZSMPE,2026-09-08T15:10:00Z,7.9626,7.981,7.9586,7.977,56256,true
ZSMPE,2026-09-08T15:15:00Z,7.977,8.003,7.9693,7.9952,36284,true
ZSMPE,2026-09-08T15:20:00Z,7.9952,8.0109,7.9907,8.0064,68913,true
ZSMPE,2026-09-08T15:25:00Z,8.0064,8.0082,7.9735,7.9753,74694,true
ZSMPE,2026-09-08T15:30:00Z,7.9753,7.9813,7.964,7.97,107903,true
ZSMPE,2026-09-08T15:35:00Z,7.97,7.9891,7.9265,7.9456,107643,true
ZSMPE,2026-09-08T15:40:00Z,7.9456,7.9766,7.9351,7.9661,33691,true
ZSMPE,2026-09-08T15:45:00Z,7.9661,7.999,7.9617,7.9946,55290,true
ZSMPE,2026-09-08T15:50:00Z,7.9946,8.0114,7.9779,7.9947,66486,true
ZSMPE,2026-09-08T15:55:00Z,7.9947,8.0001,7.9879,7.9932,45526,true
ZSMPE,2026-09-08T16:00:00Z,7.9932,7.995,7.9668,7.9686,110202,true
ZSMPE,2026-09-08T16:05:00Z,7.9686,7.9858,7.9653,7.9825,48656,true
ZSMPE,2026-09-08T16:10:00Z,7.9825,7.984,7.9422,7.9437,133158,true
ZSMPE,2026-09-08T16:15:00Z,7.9437,7.9735,7.9397,7.9694,51339,true
ZSMPE,2026-09-08T16:20:00Z,7.9694,7.9756,7.9449,7.9511,69580,true
ZSMPE,2026-09-08T16:25:00Z,7.9511,7.9556,7.9368,7.9413,53794,true
ZSMPE,2026-09-08T16:30:00Z,7.9413,7.9673,7.9412,7.9672,72669,true
ZSMPE,2026-09-08T16:35:00Z,7.9672,7.9856,7.9633,7.9817,53941,true
ZSMPE,2026-09-08T16:40:00Z,7.9817,7.9859,7.973,7.9773,67536,true
ZSMPE,2026-09-08T16:45:00Z,7.9773,7.9851,7.9759,7.9836,46332,true
ZSMPE,2026-09-08T16:50:00Z,7.9836,7.995,7.9724,7.9837,35473,true
ZSMPE,2026-09-08T16:55:00Z,7.9837,8.0023,7.9731,7.9917,48768,true
ZSMPE,2026-09-08T17:00:00Z,7.9917,8.0004,7.976,7.9847,50427,true
ZSMPE,2026-09-08T17:05:00Z,7.9847,7.9858,7.9629,7.9639,40993,true
ZSMPE,2026-09-08T17:10:00Z,7.9639,7.9847,7.9595,7.9803,39710,true
ZSMPE,2026-09-08T17:15:00Z,7.9803,8.0038,7.9752,7.9987,73765,true
ZSMPE,2026-09-08T17:20:00Z,7.9987,8.0009,7.99,7.9922,59338,true
ZSMPE,2026-09-08T17:25:00Z,7.9922,8.0045,7.9788,7.9912,56411,true
ZSMPE,2026-09-08T17:30:00Z,7.9912,8.0007,7.9888,7.9983,79048,true
ZSMPE,2026-09-08T17:35:00Z,7.9983,8.004,7.9872,7.9929,92829,true
ZSMPE,2026-09-08T17:40:00Z,7.9929,8.001,7.9573,7.9654,99054,true
ZSMPE,2026-09-08T17:45:00Z,7.9654,7.9689,7.9617,7.9651,50764,true
ZSMPE,2026-09-08T17:50:00Z,7.9651,7.9656,7.9651,7.9655,75950,true
ZSMPE,2026-09-08T17:55:00Z,7.9655,7.974,7.9587,7.9672,52301,true
ZSMPE,2026-09-08T18:00:00Z,7.9672,7.9874,7.9457,7.9659,75172,true
ZSMPE,2026-09-08T18:05:00Z,7.9659,7.9765,7.946,7.9566,50948,true
ZSMPE,2026-09-08T18:10:00Z,7.9566,7.9629,7.9513,7.9577,74963,true
ZSMPE,2026-09-08T18:15:00Z,7.9577,7.9695,7.931,7.9428,48914,true
ZSMPE,2026-09-08T18:20:00Z,7.9428,7.9595,7.9337,7.9504,83458,true
ZSMPE,2026-09-08T18:25:00Z,7.9504,7.9626,7.9349,7.9471,63287,true
ZSMPE,2026-09-08T18:30:00Z,7.9471,7.9536,7.9242,7.9307,35654,true
ZSMPE,2026-09-08T18:35:00Z,7.9307,7.9819,7.9157,7.9668,71018,true
ZSMPE,2026-09-08T18:40:00Z,7.9668,7.9778,7.9391,7.9501,53525,true
ZSMPE,2026-09-08T18:45:00Z,7.9501,7.9646,7.9283,7.9428,72247,true
ZSMPE,2026-09-08T18:50:00Z,7.9428,7.952,7.9106,7.9198,45254,true
ZSMPE,2026-09-08T18:55:00Z,7.9198,7.9279,7.9185,7.9266,79134,true
ZSMPE,2026-09-08T19:00:00Z,7.9266,7.9268,7.9265,7.9267,73522,true
ZSMPE,2026-09-08T19:05:00Z,7.9267,7.9283,7.9026,7.9042,50635,true
ZSMPE,2026-09-08T19:10:00Z,7.9042,7.9115,7.9024,7.9097,115980,true
ZSMPE,2026-09-08T19:15:00Z,7.9097,7.9116,7.8888,7.8908,111840,true
ZSMPE,2026-09-08T19:20:00Z,7.8908,7.8913,7.879,7.8795,93132,true
ZSMPE,2026-09-08T19:25:00Z,7.8795,7.8875,7.8764,7.8844,42500,true
ZSMPE,2026-09-08T19:30:00Z,7.8844,7.8931,7.8785,7.8872,115382,true
ZSMPE,2026-09-08T19:35:00Z,7.8872,7.8883,7.8853,7.8864,92416,true
ZSMPE,2026-09-08T19:40:00Z,7.8864,7.9157,7.8704,7.8998,65159,true
ZSMPE,2026-09-08T19:45:00Z,7.8998,7.9157,7.8829,7.8988,115853,true
ZSMPE,2026-09-08T19:50:00Z,7.8988,7.9448,7.8901,7.9361,150179,true
ZSMPE,2026-09-08T19:55:00Z,7.9361,7.9492,7.9241,7.9371,138350,true
ZSMPE,2026-09-09T13:30:00Z,7.9371,7.9429,7.9183,7.924,185497,true
ZSMPE,2026-09-09T13:35:00Z,7.924,7.9338,7.9135,7.9233,188630,true
ZSMPE,2026-09-09T13:40:00Z,7.9233,7.9414,7.8731,7.8912,164595,true
ZSMPE,2026-09-09T13:45:00Z,7.8912,7.9241,7.8882,7.9211,74170,true
ZSMPE,2026-09-09T13:50:00Z,7.9211,7.9321,7.9098,7.9208,123161,true
ZSMPE,2026-09-09T13:55:00Z,7.9208,7.9329,7.9173,7.9295,86535,true
ZSMPE,2026-09-09T14:00:00Z,7.9295,7.9415,7.9126,7.9246,59870,true
ZSMPE,2026-09-09T14:05:00Z,7.9246,7.9298,7.9084,7.9136,80920,true
ZSMPE,2026-09-09T14:10:00Z,7.9136,7.928,7.9126,7.9271,122636,true
ZSMPE,2026-09-09T14:15:00Z,7.9271,7.946,7.9213,7.9403,102191,true
ZSMPE,2026-09-09T14:20:00Z,7.9403,7.9445,7.9111,7.9154,104199,true
ZSMPE,2026-09-09T14:25:00Z,7.9154,7.9353,7.9001,7.92,64480,true
ZSMPE,2026-09-09T14:30:00Z,7.92,7.9273,7.9163,7.9235,70255,true
ZSMPE,2026-09-09T14:35:00Z,7.9235,7.9255,7.8981,7.9001,85390,true
ZSMPE,2026-09-09T14:40:00Z,7.9001,7.9088,7.8952,7.9039,98135,true
ZSMPE,2026-09-09T14:45:00Z,7.9039,7.91,7.8887,7.8948,100376,true
ZSMPE,2026-09-09T14:50:00Z,7.8948,7.8953,7.8931,7.8936,76132,true
ZSMPE,2026-09-09T14:55:00Z,7.8936,7.9011,7.8889,7.8964,108361,true
ZSMPE,2026-09-09T15:00:00Z,7.8964,7.9044,7.8948,7.9029,94274,true
ZSMPE,2026-09-09T15:05:00Z,7.9029,7.9097,7.9002,7.907,56727,true
ZSMPE,2026-09-09T15:10:00Z,7.907,7.9376,7.9035,7.9341,68632,true
ZSMPE,2026-09-09T15:15:00Z,7.9341,7.9471,7.9149,7.9279,56761,true
ZSMPE,2026-09-09T15:20:00Z,7.9279,7.9409,7.9237,7.9367,61610,true
ZSMPE,2026-09-09T15:25:00Z,7.9367,7.9413,7.9088,7.9134,72659,true
ZSMPE,2026-09-09T15:30:00Z,7.9134,7.9138,7.9113,7.9116,71335,true
ZSMPE,2026-09-09T15:35:00Z,7.9116,7.9318,7.8735,7.8938,37631,true
ZSMPE,2026-09-09T15:40:00Z,7.8938,7.8979,7.892,7.8961,44909,true
ZSMPE,2026-09-09T15:45:00Z,7.8961,7.9045,7.8751,7.8835,62923,true
ZSMPE,2026-09-09T15:50:00Z,7.8835,7.8907,7.8655,7.8727,43769,true
ZSMPE,2026-09-09T15:55:00Z,7.8727,7.8782,7.8642,7.8698,64358,true
ZSMPE,2026-09-09T16:00:00Z,7.8698,7.8729,7.8641,7.8673,71998,true
ZSMPE,2026-09-09T16:05:00Z,7.8673,7.8721,7.8639,7.8687,45445,true
ZSMPE,2026-09-09T16:10:00Z,7.8687,7.886,7.8542,7.8715,63448,true
ZSMPE,2026-09-09T16:15:00Z,7.8715,7.8847,7.8438,7.8571,72066,true
ZSMPE,2026-09-09T16:20:00Z,7.8571,7.8585,7.8526,7.854,73491,true
ZSMPE,2026-09-09T16:25:00Z,7.854,7.8648,7.8497,7.8606,62433,true
ZSMPE,2026-09-09T16:30:00Z,7.8606,7.8662,7.8467,7.8523,85818,true
ZSMPE,2026-09-09T16:35:00Z,7.8523,7.8758,7.8507,7.8742,66036,true
ZSMPE,2026-09-09T16:40:00Z,7.8742,7.907,7.8626,7.8955,58320,true
ZSMPE,2026-09-09T16:45:00Z,7.8955,7.8972,7.886,7.8877,68948,true
ZSMPE,2026-09-09T16:50:00Z,7.8877,7.8904,7.8707,7.8734,61531,true
ZSMPE,2026-09-09T16:55:00Z,7.8734,7.8845,7.8668,7.8779,65852,true
ZSMPE,2026-09-09T17:00:00Z,7.8779,7.8786,7.8676,7.8683,61073,true
ZSMPE,2026-09-09T17:05:00Z,7.8683,7.9062,7.8584,7.8963,74566,true
ZSMPE,2026-09-09T17:10:00Z,7.8963,7.9019,7.889,7.8947,79740,true
ZSMPE,2026-09-09T17:15:00Z,7.8947,7.9515,7.8831,7.94,45567,true
ZSMPE,2026-09-09T17:20:00Z,7.94,7.9627,7.9342,7.957,43520,true
ZSMPE,2026-09-09T17:25:00Z,7.957,7.9677,7.9519,7.9626,65035,true
ZSMPE,2026-09-09T17:30:00Z,7.9626,7.9803,7.9504,7.9681,67441,true
ZSMPE,2026-09-09T17:35:00Z,7.9681,7.9702,7.9436,7.9458,54072,true
ZSMPE,2026-09-09T17:40:00Z,7.9458,7.9522,7.9306,7.937,35711,true
ZSMPE,2026-09-09T17:45:00Z,7.937,7.9692,7.9217,7.9538,47006,true
ZSMPE,2026-09-09T17:50:00Z,7.9538,7.9635,7.9521,7.9617,51632,true
ZSMPE,2026-09-09T17:55:00Z,7.9617,7.966,7.9604,7.9646,67609,true
ZSMPE,2026-09-09T18:00:00Z,7.9646,7.976,7.9414,7.9528,47382,true
ZSMPE,2026-09-09T18:05:00Z,7.9528,7.9584,7.9482,7.9537,77757,true
ZSMPE,2026-09-09T18:10:00Z,7.9537,7.9899,7.9499,7.986,49991,true
ZSMPE,2026-09-09T18:15:00Z,7.986,7.9936,7.9796,7.9872,55212,true
ZSMPE,2026-09-09T18:20:00Z,7.9872,8.016,7.9836,8.0124,58397,true
ZSMPE,2026-09-09T18:25:00Z,8.0124,8.0589,7.9981,8.0446,71408,true
ZSMPE,2026-09-09T18:30:00Z,8.0446,8.0712,8.0397,8.0663,85323,true
ZSMPE,2026-09-09T18:35:00Z,8.0663,8.0871,8.0598,8.0806,78940,true
ZSMPE,2026-09-09T18:40:00Z,8.0806,8.1035,8.0666,8.0895,58376,true
ZSMPE,2026-09-09T18:45:00Z,8.0895,8.0972,8.0804,8.0881,86696,true
ZSMPE,2026-09-09T18:50:00Z,8.0881,8.1144,8.0797,8.106,101838,true
ZSMPE,2026-09-09T18:55:00Z,8.106,8.1268,8.105,8.1258,56650,true
ZSMPE,2026-09-09T19:00:00Z,8.1258,8.1388,8.099,8.1121,69456,true
ZSMPE,2026-09-09T19:05:00Z,8.1121,8.1197,8.1015,8.1091,57917,true
ZSMPE,2026-09-09T19:10:00Z,8.1091,8.1404,8.0992,8.1305,81937,true
ZSMPE,2026-09-09T19:15:00Z,8.1305,8.1403,8.1277,8.1375,97030,true
ZSMPE,2026-09-09T19:20:00Z,8.1375,8.1388,8.1121,8.1134,61869,true
ZSMPE,2026-09-09T19:25:00Z,8.1134,8.1453,8.1055,8.1374,78037,true
ZSMPE,2026-09-09T19:30:00Z,8.1374,8.1421,8.1351,8.1398,106761,true
ZSMPE,2026-09-09T19:35:00Z,8.1398,8.1458,8.1174,8.1234,60196,true
ZSMPE,2026-09-09T19:40:00Z,8.1234,8.151,8.1124,8.14,120097,true
ZSMPE,2026-09-09T19:45:00Z,8.14,8.1439,8.136,8.1398,98907,true
ZSMPE,2026-09-09T19:50:00Z,8.1398,8.1459,8.1357,8.1419,110778,true
ZSMPE,2026-09-09T19:55:00Z,8.1419,8.168,8.1363,8.1624,144747,true
ZSMPE,2026-09-10T13:30:00Z,8.1624,8.1763,8.1408,8.1548,141508,true
ZSMPE,2026-09-10T13:35:00Z,8.1548,8.1665,8.1444,8.1561,120436,true
ZSMPE,2026-09-10T13:40:00Z,8.1561,8.1648,8.1286,8.1374,180313,true
ZSMPE,2026-09-10T13:45:00Z,8.1374,8.1472,8.1311,8.1408,77718,true
ZSMPE,2026-09-10T13:50:00Z,8.1408,8.149,8.1171,8.1253,100520,true
ZSMPE,2026-09-10T13:55:00Z,8.1253,8.1507,8.1134,8.1389,213382,true
ZSMPE,2026-09-10T14:00:00Z,8.1389,8.169,8.1234,8.1535,181587,true
ZSMPE,2026-09-10T14:05:00Z,8.1535,8.1648,8.1219,8.1332,81786,true
ZSMPE,2026-09-10T14:10:00Z,8.1332,8.1351,8.1169,8.1188,65316,true
ZSMPE,2026-09-10T14:15:00Z,8.1188,8.1546,8.1071,8.1429,73005,true
ZSMPE,2026-09-10T14:20:00Z,8.1429,8.171,8.1406,8.1687,87075,true
ZSMPE,2026-09-10T14:25:00Z,8.1687,8.1695,8.1646,8.1654,116381,true
ZSMPE,2026-09-10T14:30:00Z,8.1654,8.1739,8.1654,8.1738,70060,true
ZSMPE,2026-09-10T14:35:00Z,8.1738,8.1927,8.1514,8.1703,62654,true
ZSMPE,2026-09-10T14:40:00Z,8.1703,8.1806,8.1695,8.1798,45694,true
ZSMPE,2026-09-10T14:45:00Z,8.1798,8.1816,8.1635,8.1653,78706,true
ZSMPE,2026-09-10T14:50:00Z,8.1653,8.1807,8.1652,8.1807,106486,true
ZSMPE,2026-09-10T14:55:00Z,8.1807,8.191,8.1801,8.1904,45151,true
ZSMPE,2026-09-10T15:00:00Z,8.1904,8.1986,8.1767,8.1849,69690,true
ZSMPE,2026-09-10T15:05:00Z,8.1849,8.1865,8.1733,8.1749,61081,true
ZSMPE,2026-09-10T15:10:00Z,8.1749,8.1756,8.1679,8.1686,43169,true
ZSMPE,2026-09-10T15:15:00Z,8.1686,8.1693,8.1555,8.1561,53103,true
ZSMPE,2026-09-10T15:20:00Z,8.1561,8.1642,8.1548,8.1628,83497,true
ZSMPE,2026-09-10T15:25:00Z,8.1628,8.1703,8.1619,8.1694,51381,true
ZSMPE,2026-09-10T15:30:00Z,8.1694,8.1787,8.1685,8.1779,58144,true
ZSMPE,2026-09-10T15:35:00Z,8.1779,8.1847,8.1712,8.178,78667,true
ZSMPE,2026-09-10T15:40:00Z,8.178,8.1975,8.1663,8.1858,69268,true
ZSMPE,2026-09-10T15:45:00Z,8.1858,8.1978,8.1808,8.1928,48512,true
ZSMPE,2026-09-10T15:50:00Z,8.1928,8.194,8.1754,8.1766,59911,true
ZSMPE,2026-09-10T15:55:00Z,8.1766,8.2348,8.172,8.2302,59003,true
ZSMPE,2026-09-10T16:00:00Z,8.2302,8.2524,8.2247,8.247,44933,true
ZSMPE,2026-09-10T16:05:00Z,8.247,8.2492,8.23,8.2322,79003,true
ZSMPE,2026-09-10T16:10:00Z,8.2322,8.2419,8.2051,8.2148,74504,true
ZSMPE,2026-09-10T16:15:00Z,8.2148,8.2196,8.2099,8.2147,127236,true
ZSMPE,2026-09-10T16:20:00Z,8.2147,8.2247,8.2102,8.2201,60511,true
ZSMPE,2026-09-10T16:25:00Z,8.2201,8.2246,8.2052,8.2097,40929,true
ZSMPE,2026-09-10T16:30:00Z,8.2097,8.2186,8.1806,8.1894,93039,true
ZSMPE,2026-09-10T16:35:00Z,8.1894,8.2068,8.1653,8.1826,47180,true
ZSMPE,2026-09-10T16:40:00Z,8.1826,8.1912,8.1592,8.1678,36175,true
ZSMPE,2026-09-10T16:45:00Z,8.1678,8.1852,8.1617,8.1792,39627,true
ZSMPE,2026-09-10T16:50:00Z,8.1792,8.199,8.1785,8.1984,48898,true
ZSMPE,2026-09-10T16:55:00Z,8.1984,8.2105,8.185,8.1971,99544,true
ZSMPE,2026-09-10T17:00:00Z,8.1971,8.2025,8.1944,8.1997,50684,true
ZSMPE,2026-09-10T17:05:00Z,8.1997,8.2092,8.1966,8.206,68217,true
ZSMPE,2026-09-10T17:10:00Z,8.206,8.2255,8.1979,8.2174,61064,true
ZSMPE,2026-09-10T17:15:00Z,8.2174,8.2291,8.1885,8.2003,73248,true
ZSMPE,2026-09-10T17:20:00Z,8.2003,8.2005,8.1934,8.1937,75020,true
ZSMPE,2026-09-10T17:25:00Z,8.1937,8.219,8.1876,8.2129,73756,true
ZSMPE,2026-09-10T17:30:00Z,8.2129,8.2161,8.2011,8.2043,66319,true
ZSMPE,2026-09-10T17:35:00Z,8.2043,8.2054,8.1836,8.1847,66174,true
ZSMPE,2026-09-10T17:40:00Z,8.1847,8.1939,8.1644,8.1736,56728,true
ZSMPE,2026-09-10T17:45:00Z,8.1736,8.2055,8.172,8.2038,51800,true
ZSMPE,2026-09-10T17:50:00Z,8.2038,8.2246,8.2038,8.2246,40141,true
ZSMPE,2026-09-10T17:55:00Z,8.2246,8.2353,8.2188,8.2294,75990,true
ZSMPE,2026-09-10T18:00:00Z,8.2294,8.2377,8.221,8.2293,56583,true
ZSMPE,2026-09-10T18:05:00Z,8.2293,8.2684,8.2161,8.2552,42731,true
ZSMPE,2026-09-10T18:10:00Z,8.2552,8.3041,8.2469,8.2958,85969,true
ZSMPE,2026-09-10T18:15:00Z,8.2958,8.2985,8.2752,8.2779,97548,true
ZSMPE,2026-09-10T18:20:00Z,8.2779,8.2901,8.2778,8.2899,83323,true
ZSMPE,2026-09-10T18:25:00Z,8.2899,8.2923,8.2697,8.272,65582,true
ZSMPE,2026-09-10T18:30:00Z,8.272,8.2998,8.2589,8.2867,40531,true
ZSMPE,2026-09-10T18:35:00Z,8.2867,8.2888,8.2766,8.2787,80319,true
ZSMPE,2026-09-10T18:40:00Z,8.2787,8.2834,8.2694,8.2741,79562,true
ZSMPE,2026-09-10T18:45:00Z,8.2741,8.3069,8.2692,8.302,58692,true
ZSMPE,2026-09-10T18:50:00Z,8.302,8.3213,8.2809,8.3003,50521,true
ZSMPE,2026-09-10T18:55:00Z,8.3003,8.3378,8.2948,8.3323,78291,true
ZSMPE,2026-09-10T19:00:00Z,8.3323,8.3358,8.3166,8.3201,59249,true
ZSMPE,2026-09-10T19:05:00Z,8.3201,8.3351,8.2735,8.2885,70973,true
ZSMPE,2026-09-10T19:10:00Z,8.2885,8.298,8.2875,8.2971,68230,true
ZSMPE,2026-09-10T19:15:00Z,8.2971,8.3126,8.2919,8.3074,91339,true
ZSMPE,2026-09-10T19:20:00Z,8.3074,8.3129,8.2959,8.3015,123285,true
ZSMPE,2026-09-10T19:25:00Z,8.3015,8.3053,8.288,8.2919,83904,true
ZSMPE,2026-09-10T19:30:00Z,8.2919,8.2962,8.2724,8.2768,115225,true
ZSMPE,2026-09-10T19:35:00Z,8.2768,8.2814,8.264,8.2687,109426,true
ZSMPE,2026-09-10T19:40:00Z,8.2687,8.2695,8.264,8.2648,110851,true
ZSMPE,2026-09-10T19:45:00Z,8.2648,8.2769,8.2593,8.2714,59238,true
ZSMPE,2026-09-10T19:50:00Z,8.2714,8.2947,8.2581,8.2815,114605,true
ZSMPE,2026-09-10T19:55:00Z,8.2815,8.2834,8.2646,8.2665,117713,true
ZSMPE,2026-09-11T13:30:00Z,8.2665,8.2673,8.2565,8.2573,143809,true
ZSMPE,2026-09-11T13:35:00Z,8.2573,8.2745,8.2525,8.2698,144785,true
ZSMPE,2026-09-11T13:40:00Z,8.2698,8.2818,8.2405,8.2525,132429,true
ZSMPE,2026-09-11T13:45:00Z,8.2525,8.279,8.2456,8.2721,88363,true
ZSMPE,2026-09-11T13:50:00Z,8.2721,8.28,8.256,8.2639,134541,true
ZSMPE,2026-09-11T13:55:00Z,8.2639,8.2667,8.2494,8.2522,68819,true
ZSMPE,2026-09-11T14:00:00Z,8.2522,8.2549,8.2159,8.2186,140673,true
ZSMPE,2026-09-11T14:05:00Z,8.2186,8.2409,8.2125,8.2348,64145,true
ZSMPE,2026-09-11T14:10:00Z,8.2348,8.254,8.2324,8.2516,124094,true
ZSMPE,2026-09-11T14:15:00Z,8.2516,8.2558,8.251,8.2553,105082,true
ZSMPE,2026-09-11T14:20:00Z,8.2553,8.2623,8.2528,8.2598,92309,true
ZSMPE,2026-09-11T14:25:00Z,8.2598,8.2651,8.2333,8.2386,97077,true
ZSMPE,2026-09-11T14:30:00Z,8.2386,8.2688,8.2299,8.2601,59548,true
ZSMPE,2026-09-11T14:35:00Z,8.2601,8.284,8.2516,8.2755,70465,true
ZSMPE,2026-09-11T14:40:00Z,8.2755,8.2904,8.2734,8.2884,47420,true
ZSMPE,2026-09-11T14:45:00Z,8.2884,8.3042,8.2876,8.3034,55694,true
ZSMPE,2026-09-11T14:50:00Z,8.3034,8.3249,8.3032,8.3248,62663,true
ZSMPE,2026-09-11T14:55:00Z,8.3248,8.3516,8.303,8.3298,50258,true
ZSMPE,2026-09-11T15:00:00Z,8.3298,8.3327,8.3239,8.3268,68720,true
ZSMPE,2026-09-11T15:05:00Z,8.3268,8.3465,8.295,8.3147,49560,true
ZSMPE,2026-09-11T15:10:00Z,8.3147,8.3257,8.2914,8.3024,69644,true
ZSMPE,2026-09-11T15:15:00Z,8.3024,8.3029,8.2835,8.284,38085,true
ZSMPE,2026-09-11T15:20:00Z,8.284,8.3169,8.2759,8.3088,83635,true
ZSMPE,2026-09-11T15:25:00Z,8.3088,8.3448,8.3057,8.3417,75458,true
ZSMPE,2026-09-11T15:30:00Z,8.3417,8.3553,8.3149,8.3285,64694,true
ZSMPE,2026-09-11T15:35:00Z,8.3285,8.332,8.3242,8.3277,51483,true
ZSMPE,2026-09-11T15:40:00Z,8.3277,8.3344,8.3124,8.319,69583,true
ZSMPE,2026-09-11T15:45:00Z,8.319,8.3191,8.3043,8.3043,52683,true
ZSMPE,2026-09-11T15:50:00Z,8.3043,8.3088,8.2703,8.2747,46447,true
ZSMPE,2026-09-11T15:55:00Z,8.2747,8.2769,8.2422,8.2445,75576,true
ZSMPE,2026-09-11T16:00:00Z,8.2445,8.2481,8.232,8.2356,67063,true
ZSMPE,2026-09-11T16:05:00Z,8.2356,8.2591,8.2352,8.2587,56231,true
ZSMPE,2026-09-11T16:10:00Z,8.2587,8.2685,8.2231,8.2329,66327,true
ZSMPE,2026-09-11T16:15:00Z,8.2329,8.2422,8.2297,8.239,69375,true
ZSMPE,2026-09-11T16:20:00Z,8.239,8.2416,8.2286,8.2312,52137,true
ZSMPE,2026-09-11T16:25:00Z,8.2312,8.2375,8.211,8.2173,59438,true
ZSMPE,2026-09-11T16:30:00Z,8.2173,8.2384,8.2093,8.2304,72997,true
ZSMPE,2026-09-11T16:35:00Z,8.2304,8.2422,8.1948,8.2066,44963,true
ZSMPE,2026-09-11T16:40:00Z,8.2066,8.213,8.191,8.1974,81625,true
ZSMPE,2026-09-11T16:45:00Z,8.1974,8.2181,8.1939,8.2146,49752,true
ZSMPE,2026-09-11T16:50:00Z,8.2146,8.2399,8.2027,8.2279,63688,true
ZSMPE,2026-09-11T16:55:00Z,8.2279,8.2304,8.2145,8.217,42344,true
ZSMPE,2026-09-11T17:00:00Z,8.217,8.2307,8.1916,8.2053,40300,true
ZSMPE,2026-09-11T17:05:00Z,8.2053,8.2234,8.2005,8.2186,41466,true
ZSMPE,2026-09-11T17:10:00Z,8.2186,8.2228,8.1971,8.2013,49559,true
ZSMPE,2026-09-11T17:15:00Z,8.2013,8.211,8.1913,8.201,77733,true
ZSMPE,2026-09-11T17:20:00Z,8.201,8.2011,8.1794,8.1795,37843,true
ZSMPE,2026-09-11T17:25:00Z,8.1795,8.1864,8.1733,8.1802,66990,true
ZSMPE,2026-09-11T17:30:00Z,8.1802,8.1837,8.1794,8.183,51908,true
ZSMPE,2026-09-11T17:35:00Z,8.183,8.217,8.176,8.21,50905,true
ZSMPE,2026-09-11T17:40:00Z,8.21,8.2151,8.1632,8.1683,65304,true
ZSMPE,2026-09-11T17:45:00Z,8.1683,8.1872,8.1638,8.1826,93814,true
ZSMPE,2026-09-11T17:50:00Z,8.1826,8.2133,8.1675,8.1981,78349,true
ZSMPE,2026-09-11T17:55:00Z,8.1981,8.1995,8.1966,8.1979,51196,true
ZSMPE,2026-09-11T18:00:00Z,8.1979,8.2213,8.1797,8.2031,73795,true
ZSMPE,2026-09-11T18:05:00Z,8.2031,8.2097,8.185,8.1915,52871,true
ZSMPE,2026-09-11T18:10:00Z,8.1915,8.2206,8.1619,8.1909,65801,true
ZSMPE,2026-09-11T18:15:00Z,8.1909,8.2228,8.1821,8.214,74261,true
ZSMPE,2026-09-11T18:20:00Z,8.214,8.2497,8.206,8.2417,68421,true
ZSMPE,2026-09-11T18:25:00Z,8.2417,8.2478,8.2193,8.2254,88846,true
ZSMPE,2026-09-11T18:30:00Z,8.2254,8.2427,8.2136,8.2309,88002,true
ZSMPE,2026-09-11T18:35:00Z,8.2309,8.2424,8.2082,8.2197,50683,true
ZSMPE,2026-09-11T18:40:00Z,8.2197,8.2269,8.2052,8.2124,74080,true
ZSMPE,2026-09-11T18:45:00Z,8.2124,8.2307,8.189,8.2072,58865,true
ZSMPE,2026-09-11T18:50:00Z,8.2072,8.211,8.1984,8.2022,68783,true
ZSMPE,2026-09-11T18:55:00Z,8.2022,8.206,8.1897,8.1935,80880,true
ZSMPE,2026-09-11T19:00:00Z,8.1935,8.204,8.1806,8.1911,76569,true
ZSMPE,2026-09-11T19:05:00Z,8.1911,8.1974,8.1861,8.1924,50457,true
ZSMPE,2026-09-11T19:10:00Z,8.1924,8.2002,8.1854,8.1932,55920,true
ZSMPE,2026-09-11T19:15:00Z,8.1932,8.2018,8.1402,8.1488,89115,true
ZSMPE,2026-09-11T19:20:00Z,8.1488,8.1794,8.1422,8.1728,72995,true
ZSMPE,2026-09-11T19:25:00Z,8.1728,8.1822,8.1403,8.1497,108990,true
ZSMPE,2026-09-11T19:30:00Z,8.1497,8.1502,8.1187,8.1191,45539,true
ZSMPE,2026-09-11T19:35:00Z,8.1191,8.1335,8.1093,8.1237,107414,true
ZSMPE,2026-09-11T19:40:00Z,8.1237,8.1335,8.118,8.1279,127524,true
ZSMPE,2026-09-11T19:45:00Z,8.1279,8.1408,8.1262,8.1392,106773,true
ZSMPE,2026-09-11T19:50:00Z,8.1392,8.1629,8.1292,8.1529,127287,true
ZSMPE,2026-09-11T19:55:00Z,8.1529,8.1896,8.1488,8.1855,118618,true
ZSMPE,2026-09-14T13:30:00Z,8.1855,8.1909,8.1502,8.1556,150834,true
ZSMPE,2026-09-14T13:35:00Z,8.1556,8.1682,8.1538,8.1665,76908,true
ZSMPE,2026-09-14T13:40:00Z,8.1665,8.1696,8.1658,8.1689,119093,true
ZSMPE,2026-09-14T13:45:00Z,8.1689,8.1783,8.1669,8.1764,78300,true
ZSMPE,2026-09-14T13:50:00Z,8.1764,8.1866,8.155,8.1652,111228,true
ZSMPE,2026-09-14T13:55:00Z,8.1652,8.1746,8.1333,8.1427,104013,true
ZSMPE,2026-09-14T14:00:00Z,8.1427,8.1447,8.1386,8.1406,76145,true
ZSMPE,2026-09-14T14:05:00Z,8.1406,8.1428,8.1071,8.1092,80369,true
ZSMPE,2026-09-14T14:10:00Z,8.1092,8.139,8.108,8.1378,62386,true
ZSMPE,2026-09-14T14:15:00Z,8.1378,8.1439,8.1359,8.1421,86123,true
ZSMPE,2026-09-14T14:20:00Z,8.1421,8.1482,8.1293,8.1355,107673,true
ZSMPE,2026-09-14T14:25:00Z,8.1355,8.1395,8.1179,8.1219,88245,true
ZSMPE,2026-09-14T14:30:00Z,8.1219,8.1479,8.1087,8.1346,74466,true
ZSMPE,2026-09-14T14:35:00Z,8.1346,8.1676,8.131,8.164,61804,true
ZSMPE,2026-09-14T14:40:00Z,8.164,8.1752,8.1466,8.1579,70106,true
ZSMPE,2026-09-14T14:45:00Z,8.1579,8.1655,8.1319,8.1395,68058,true
ZSMPE,2026-09-14T14:50:00Z,8.1395,8.1516,8.1039,8.116,67869,true
ZSMPE,2026-09-14T14:55:00Z,8.116,8.1185,8.1049,8.1073,67503,true
ZSMPE,2026-09-14T15:00:00Z,8.1073,8.1149,8.0878,8.0954,84204,true
ZSMPE,2026-09-14T15:05:00Z,8.0954,8.0968,8.094,8.0954,49510,true
ZSMPE,2026-09-14T15:10:00Z,8.0954,8.141,8.0862,8.1318,46823,true
ZSMPE,2026-09-14T15:15:00Z,8.1318,8.1387,8.1314,8.1382,40288,true
ZSMPE,2026-09-14T15:20:00Z,8.1382,8.1388,8.1342,8.1348,51885,true
ZSMPE,2026-09-14T15:25:00Z,8.1348,8.1369,8.1252,8.1273,45779,true
ZSMPE,2026-09-14T15:30:00Z,8.1273,8.1412,8.1083,8.1223,37645,true
ZSMPE,2026-09-14T15:35:00Z,8.1223,8.1523,8.1087,8.1387,81906,true
ZSMPE,2026-09-14T15:40:00Z,8.1387,8.1578,8.1311,8.1503,66437,true
ZSMPE,2026-09-14T15:45:00Z,8.1503,8.1632,8.1254,8.1384,44349,true
ZSMPE,2026-09-14T15:50:00Z,8.1384,8.1389,8.1047,8.1053,81640,true
ZSMPE,2026-09-14T15:55:00Z,8.1053,8.109,8.1043,8.108,42551,true
ZSMPE,2026-09-14T16:00:00Z,8.108,8.1368,8.1061,8.1349,68677,true
ZSMPE,2026-09-14T16:05:00Z,8.1349,8.1487,8.1326,8.1465,44950,true
ZSMPE,2026-09-14T16:10:00Z,8.1465,8.1524,8.1331,8.1391,45389,true
ZSMPE,2026-09-14T16:15:00Z,8.1391,8.1438,8.1219,8.1266,38806,true
ZSMPE,2026-09-14T16:20:00Z,8.1266,8.1506,8.1236,8.1475,46703,true
ZSMPE,2026-09-14T16:25:00Z,8.1475,8.151,8.143,8.1465,48714,true
ZSMPE,2026-09-14T16:30:00Z,8.1465,8.1505,8.1273,8.1312,54436,true
ZSMPE,2026-09-14T16:35:00Z,8.1312,8.1573,8.1252,8.1513,72548,true
ZSMPE,2026-09-14T16:40:00Z,8.1513,8.158,8.142,8.1487,51912,true
ZSMPE,2026-09-14T16:45:00Z,8.1487,8.1497,8.1386,8.1396,54178,true
ZSMPE,2026-09-14T16:50:00Z,8.1396,8.1417,8.132,8.134,48576,true
ZSMPE,2026-09-14T16:55:00Z,8.134,8.1354,8.0976,8.099,47359,true
ZSMPE,2026-09-14T17:00:00Z,8.099,8.108,8.0774,8.0865,78601,true
ZSMPE,2026-09-14T17:05:00Z,8.0865,8.1042,8.0832,8.1009,58462,true
ZSMPE,2026-09-14T17:10:00Z,8.1009,8.1045,8.0912,8.0947,53688,true
ZSMPE,2026-09-14T17:15:00Z,8.0947,8.1132,8.0774,8.0959,49004,true
ZSMPE,2026-09-14T17:20:00Z,8.0959,8.1057,8.0886,8.0985,54127,true
ZSMPE,2026-09-14T17:25:00Z,8.0985,8.1026,8.0771,8.0812,76609,true
ZSMPE,2026-09-14T17:30:00Z,8.0812,8.0905,8.0348,8.0441,46911,true
ZSMPE,2026-09-14T17:35:00Z,8.0441,8.0691,8.0373,8.0622,59467,true
ZSMPE,2026-09-14T17:40:00Z,8.0622,8.065,8.0585,8.0613,52082,true
ZSMPE,2026-09-14T17:45:00Z,8.0613,8.0658,8.0401,8.0446,60748,true
ZSMPE,2026-09-14T17:50:00Z,8.0446,8.053,8.0246,8.033,73129,true
ZSMPE,2026-09-14T17:55:00Z,8.033,8.0417,8.012,8.0207,52951,true
ZSMPE,2026-09-14T18:00:00Z,8.0207,8.0217,8.0084,8.0094,43776,true
ZSMPE,2026-09-14T18:05:00Z,8.0094,8.0152,7.9831,7.989,73302,true
ZSMPE,2026-09-14T18:10:00Z,7.989,8.0286,7.9771,8.0168,35091,true
ZSMPE,2026-09-14T18:15:00Z,8.0168,8.033,8.003,8.0192,90418,true
ZSMPE,2026-09-14T18:20:00Z,8.0192,8.025,7.9989,8.0047,52594,true
ZSMPE,2026-09-14T18:25:00Z,8.0047,8.0056,7.9756,7.9765,87612,true
ZSMPE,2026-09-14T18:30:00Z,7.9765,7.9907,7.9681,7.9823,81644,true
ZSMPE,2026-09-14T18:35:00Z,7.9823,8.0147,7.9629,7.9953,69899,true
ZSMPE,2026-09-14T18:40:00Z,7.9953,8.0008,7.9789,7.9844,59723,true
ZSMPE,2026-09-14T18:45:00Z,7.9844,7.993,7.9825,7.9911,58134,true
ZSMPE,2026-09-14T18:50:00Z,7.9911,7.9915,7.989,7.9895,69904,true
ZSMPE,2026-09-14T18:55:00Z,7.9895,7.9987,7.9823,7.9915,82464,true
ZSMPE,2026-09-14T19:00:00Z,7.9915,8.0115,7.9897,8.0098,53139,true
ZSMPE,2026-09-14T19:05:00Z,8.0098,8.0112,8.0094,8.0108,43351,true
ZSMPE,2026-09-14T19:10:00Z,8.0108,8.0113,7.981,7.9815,76173,true
ZSMPE,2026-09-14T19:15:00Z,7.9815,8.0007,7.971,7.9902,62243,true
ZSMPE,2026-09-14T19:20:00Z,7.9902,7.9935,7.9831,7.9864,77833,true
ZSMPE,2026-09-14T19:25:00Z,7.9864,7.9944,7.9502,7.9582,78138,true
ZSMPE,2026-09-14T19:30:00Z,7.9582,7.9789,7.9509,7.9716,68861,true
ZSMPE,2026-09-14T19:35:00Z,7.9716,7.9867,7.9647,7.9798,64492,true
ZSMPE,2026-09-14T19:40:00Z,7.9798,7.9833,7.9691,7.9726,116164,true
ZSMPE,2026-09-14T19:45:00Z,7.9726,7.9897,7.9702,7.9873,100820,true
ZSMPE,2026-09-14T19:50:00Z,7.9873,8.0173,7.9837,8.0137,137998,true
ZSMPE,2026-09-14T19:55:00Z,8.0137,8.0228,7.9916,8.0007,135489,true
ZSMPE,2026-09-15T13:30:00Z,8.0007,8.0133,7.9921,8.0047,131189,true
ZSMPE,2026-09-15T13:35:00Z,8.0047,8.0227,8.0009,8.0189,163310,true
ZSMPE,2026-09-15T13:40:00Z,8.0189,8.0218,7.994,7.9968,166319,true
ZSMPE,2026-09-15T13:45:00Z,7.9968,8.0039,7.9926,7.9997,98464,true
ZSMPE,2026-09-15T13:50:00Z,7.9997,8.0239,7.9821,8.0063,143373,true
ZSMPE,2026-09-15T13:55:00Z,8.0063,8.0159,8.0043,8.0139,99739,true
ZSMPE,2026-09-15T14:00:00Z,8.0139,8.0343,8.0081,8.0285,91095,true
ZSMPE,2026-09-15T14:05:00Z,8.0285,8.0306,8.0034,8.0054,96610,true
ZSMPE,2026-09-15T14:10:00Z,8.0054,8.014,7.9944,8.0029,90709,true
ZSMPE,2026-09-15T14:15:00Z,8.0029,8.01,7.9904,7.9975,50013,true
ZSMPE,2026-09-15T14:20:00Z,7.9975,8.0023,7.9904,7.9951,61933,true
ZSMPE,2026-09-15T14:25:00Z,7.9951,7.9987,7.9715,7.9751,99433,true
ZSMPE,2026-09-15T14:30:00Z,7.9751,8.0009,7.969,7.9948,38092,true
ZSMPE,2026-09-15T14:35:00Z,7.9948,8.0022,7.9933,8.0007,57428,true
ZSMPE,2026-09-15T14:40:00Z,8.0007,8.0046,7.9819,7.9859,65662,true
ZSMPE,2026-09-15T14:45:00Z,7.9859,7.9887,7.9481,7.9509,50051,true
ZSMPE,2026-09-15T14:50:00Z,7.9509,7.9822,7.9408,7.9721,72277,true
ZSMPE,2026-09-15T14:55:00Z,7.9721,7.9994,7.9546,7.9819,60158,true
ZSMPE,2026-09-15T15:00:00Z,7.9819,7.9883,7.9628,7.9692,57949,true
ZSMPE,2026-09-15T15:05:00Z,7.9692,7.9716,7.9589,7.9613,76071,true
ZSMPE,2026-09-15T15:10:00Z,7.9613,7.9814,7.9554,7.9755,59996,true
ZSMPE,2026-09-15T15:15:00Z,7.9755,7.9938,7.9673,7.9856,72963,true
ZSMPE,2026-09-15T15:20:00Z,7.9856,7.991,7.9434,7.9488,59264,true
ZSMPE,2026-09-15T15:25:00Z,7.9488,7.9501,7.9175,7.9188,58575,true
ZSMPE,2026-09-15T15:30:00Z,7.9188,7.9188,7.9125,7.9126,51905,true
ZSMPE,2026-09-15T15:35:00Z,7.9126,7.9207,7.9052,7.9134,77724,true
ZSMPE,2026-09-15T15:40:00Z,7.9134,7.9417,7.9023,7.9307,57475,true
ZSMPE,2026-09-15T15:45:00Z,7.9307,7.937,7.9178,7.9241,73444,true
ZSMPE,2026-09-15T15:50:00Z,7.9241,7.9464,7.923,7.9453,51086,true
ZSMPE,2026-09-15T15:55:00Z,7.9453,7.946,7.9342,7.9349,63072,true
ZSMPE,2026-09-15T16:00:00Z,7.9349,7.9663,7.9259,7.9573,39857,true
ZSMPE,2026-09-15T16:05:00Z,7.9573,7.9958,7.9485,7.9869,70021,true
ZSMPE,2026-09-15T16:10:00Z,7.9869,7.9916,7.9609,7.9656,70571,true
ZSMPE,2026-09-15T16:15:00Z,7.9656,7.9814,7.9618,7.9775,36119,true
ZSMPE,2026-09-15T16:20:00Z,7.9775,7.9857,7.9697,7.9779,64565,true
ZSMPE,2026-09-15T16:25:00Z,7.9779,7.994,7.9417,7.9578,46044,true
ZSMPE,2026-09-15T16:30:00Z,7.9578,7.9589,7.9511,7.9523,65752,true
ZSMPE,2026-09-15T16:35:00Z,7.9523,7.9888,7.9519,7.9885,67593,true
ZSMPE,2026-09-15T16:40:00Z,7.9885,8.0033,7.9661,7.9809,47099,true
ZSMPE,2026-09-15T16:45:00Z,7.9809,8.0012,7.9502,7.9704,65236,true
ZSMPE,2026-09-15T16:50:00Z,7.9704,7.9915,7.969,7.9901,46901,true
ZSMPE,2026-09-15T16:55:00Z,7.9901,8.0253,7.9809,8.0161,107484,true
ZSMPE,2026-09-15T17:00:00Z,8.0161,8.0346,8.0146,8.0331,96736,true
ZSMPE,2026-09-15T17:05:00Z,8.0331,8.0565,8.0245,8.0479,80978,true
ZSMPE,2026-09-15T17:10:00Z,8.0479,8.054,8.0435,8.0495,51408,true
ZSMPE,2026-09-15T17:15:00Z,8.0495,8.0535,8.0439,8.0479,65187,true
ZSMPE,2026-09-15T17:20:00Z,8.0479,8.0749,8.0443,8.0713,76425,true
ZSMPE,2026-09-15T17:25:00Z,8.0713,8.104,8.0683,8.1011,49435,true
ZSMPE,2026-09-15T17:30:00Z,8.1011,8.1013,8.0993,8.0995,76257,true
ZSMPE,2026-09-15T17:35:00Z,8.0995,8.1431,8.0867,8.1303,58921,true
ZSMPE,2026-09-15T17:40:00Z,8.1303,8.1364,8.1149,8.121,71965,true
ZSMPE,2026-09-15T17:45:00Z,8.121,8.1232,8.1179,8.1201,59071,true
ZSMPE,2026-09-15T17:50:00Z,8.1201,8.1412,8.1195,8.1407,61183,true
ZSMPE,2026-09-15T17:55:00Z,8.1407,8.1498,8.1352,8.1443,92433,true
ZSMPE,2026-09-15T18:00:00Z,8.1443,8.1496,8.1201,8.1254,68717,true
ZSMPE,2026-09-15T18:05:00Z,8.1254,8.1347,8.0924,8.1017,50587,true
ZSMPE,2026-09-15T18:10:00Z,8.1017,8.111,8.0603,8.0696,51974,true
ZSMPE,2026-09-15T18:15:00Z,8.0696,8.0807,8.0602,8.0713,72929,true
ZSMPE,2026-09-15T18:20:00Z,8.0713,8.0737,8.0711,8.0735,65670,true
ZSMPE,2026-09-15T18:25:00Z,8.0735,8.0796,8.0626,8.0687,79792,true
ZSMPE,2026-09-15T18:30:00Z,8.0687,8.1014,8.0661,8.0988,61318,true
ZSMPE,2026-09-15T18:35:00Z,8.0988,8.124,8.0967,8.1218,65244,true
ZSMPE,2026-09-15T18:40:00Z,8.1218,8.144,8.1159,8.1381,63867,true
ZSMPE,2026-09-15T18:45:00Z,8.1381,8.1635,8.129,8.1543,82149,true
ZSMPE,2026-09-15T18:50:00Z,8.1543,8.1691,8.1399,8.1546,62615,true
ZSMPE,2026-09-15T18:55:00Z,8.1546,8.1588,8.1504,8.1545,82124,true
ZSMPE,2026-09-15T19:00:00Z,8.1545,8.1843,8.1403,8.1701,89901,true
ZSMPE,2026-09-15T19:05:00Z,8.1701,8.1704,8.1242,8.1245,83782,true
ZSMPE,2026-09-15T19:10:00Z,8.1245,8.1294,8.1196,8.1244,108502,true
ZSMPE,2026-09-15T19:15:00Z,8.1244,8.1559,8.0998,8.1313,69346,true
ZSMPE,2026-09-15T19:20:00Z,8.1313,8.1496,8.1215,8.1397,122554,true
ZSMPE,2026-09-15T19:25:00Z,8.1397,8.1668,8.1285,8.1555,102995,true
ZSMPE,2026-09-15T19:30:00Z,8.1555,8.16,8.1416,8.1461,96743,true
ZSMPE,2026-09-15T19:35:00Z,8.1461,8.149,8.1171,8.1199,51602,true
ZSMPE,2026-09-15T19:40:00Z,8.1199,8.1207,8.0929,8.0936,110812,true
ZSMPE,2026-09-15T19:45:00Z,8.0936,8.1183,8.0851,8.1098,76768,true
ZSMPE,2026-09-15T19:50:00Z,8.1098,8.1116,8.0818,8.0837,109860,true
ZSMPE,2026-09-15T19:55:00Z,8.0837,8.0853,8.0802,8.0818,170262,true
ZSMPE,2026-09-16T13:30:00Z,8.0818,8.0876,8.0735,8.0793,161380,true
ZSMPE,2026-09-16T13:35:00Z,8.0793,8.0969,8.0772,8.0948,144487,true
ZSMPE,2026-09-16T13:40:00Z,8.0948,8.1125,8.0921,8.1098,157913,true
ZSMPE,2026-09-16T13:45:00Z,8.1098,8.1161,8.0915,8.0978,114581,true
ZSMPE,2026-09-16T13:50:00Z,8.0978,8.1008,8.089,8.092,120818,true
ZSMPE,2026-09-16T13:55:00Z,8.092,8.1002,8.0715,8.0798,107138,true
ZSMPE,2026-09-16T14:00:00Z,8.0798,8.0834,8.061,8.0646,66744,true
ZSMPE,2026-09-16T14:05:00Z,8.0646,8.0802,8.0377,8.0533,70736,true
ZSMPE,2026-09-16T14:10:00Z,8.0533,8.0902,8.0493,8.0861,97635,true
ZSMPE,2026-09-16T14:15:00Z,8.0861,8.1271,8.0703,8.1113,61519,true
ZSMPE,2026-09-16T14:20:00Z,8.1113,8.1251,8.1002,8.1139,123494,true
ZSMPE,2026-09-16T14:25:00Z,8.1139,8.1385,8.102,8.1265,64034,true
ZSMPE,2026-09-16T14:30:00Z,8.1265,8.1299,8.1221,8.1254,76287,true
ZSMPE,2026-09-16T14:35:00Z,8.1254,8.1586,8.1171,8.1503,94194,true
ZSMPE,2026-09-16T14:40:00Z,8.1503,8.1638,8.1399,8.1534,74760,true
ZSMPE,2026-09-16T14:45:00Z,8.1534,8.1745,8.139,8.1601,61518,true
ZSMPE,2026-09-16T14:50:00Z,8.1601,8.1868,8.1437,8.1704,57393,true
ZSMPE,2026-09-16T14:55:00Z,8.1704,8.1821,8.1641,8.1758,92310,true
ZSMPE,2026-09-16T15:00:00Z,8.1758,8.1761,8.1569,8.1573,45989,true
ZSMPE,2026-09-16T15:05:00Z,8.1573,8.1669,8.1553,8.1649,62838,true
ZSMPE,2026-09-16T15:10:00Z,8.1649,8.1676,8.1626,8.1653,79803,true
ZSMPE,2026-09-16T15:15:00Z,8.1653,8.1779,8.1647,8.1773,60310,true
ZSMPE,2026-09-16T15:20:00Z,8.1773,8.1976,8.1437,8.164,57293,true
ZSMPE,2026-09-16T15:25:00Z,8.164,8.1789,8.1623,8.1772,69394,true
ZSMPE,2026-09-16T15:30:00Z,8.1772,8.18,8.1492,8.1521,37117,true
ZSMPE,2026-09-16T15:35:00Z,8.1521,8.1624,8.1412,8.1515,57563,true
ZSMPE,2026-09-16T15:40:00Z,8.1515,8.1637,8.1068,8.119,65199,true
ZSMPE,2026-09-16T15:45:00Z,8.119,8.1546,8.1166,8.1522,69372,true
ZSMPE,2026-09-16T15:50:00Z,8.1522,8.1652,8.1439,8.157,55136,true
ZSMPE,2026-09-16T15:55:00Z,8.157,8.1643,8.1452,8.1525,54079,true
ZSMPE,2026-09-16T16:00:00Z,8.1525,8.1573,8.1217,8.1266,73090,true
ZSMPE,2026-09-16T16:05:00Z,8.1266,8.1343,8.0946,8.1023,48496,true
ZSMPE,2026-09-16T16:10:00Z,8.1023,8.1347,8.0982,8.1305,68552,true
ZSMPE,2026-09-16T16:15:00Z,8.1305,8.1379,8.1182,8.1256,45884,true
ZSMPE,2026-09-16T16:20:00Z,8.1256,8.1406,8.1212,8.1361,45503,true
ZSMPE,2026-09-16T16:25:00Z,8.1361,8.1397,8.133,8.1365,63239,true
ZSMPE,2026-09-16T16:30:00Z,8.1365,8.1439,8.1194,8.1268,38694,true
ZSMPE,2026-09-16T16:35:00Z,8.1268,8.1322,8.102,8.1074,57481,true
ZSMPE,2026-09-16T16:40:00Z,8.1074,8.117,8.1015,8.1111,54875,true
ZSMPE,2026-09-16T16:45:00Z,8.1111,8.1128,8.1054,8.1071,52638,true
ZSMPE,2026-09-16T16:50:00Z,8.1071,8.1211,8.0871,8.101,72191,true
ZSMPE,2026-09-16T16:55:00Z,8.101,8.1174,8.0897,8.1061,98496,true
ZSMPE,2026-09-16T17:00:00Z,8.1061,8.1251,8.095,8.1141,81072,true
ZSMPE,2026-09-16T17:05:00Z,8.1141,8.1499,8.0994,8.1352,54262,true
ZSMPE,2026-09-16T17:10:00Z,8.1352,8.1366,8.1216,8.123,59421,true
ZSMPE,2026-09-16T17:15:00Z,8.123,8.1242,8.1221,8.1233,56612,true
ZSMPE,2026-09-16T17:20:00Z,8.1233,8.1324,8.103,8.1121,50790,true
ZSMPE,2026-09-16T17:25:00Z,8.1121,8.1264,8.1047,8.119,59212,true
ZSMPE,2026-09-16T17:30:00Z,8.119,8.1218,8.0888,8.0916,50910,true
ZSMPE,2026-09-16T17:35:00Z,8.0916,8.097,8.073,8.0784,72081,true
ZSMPE,2026-09-16T17:40:00Z,8.0784,8.0872,8.077,8.0858,115795,true
ZSMPE,2026-09-16T17:45:00Z,8.0858,8.0961,8.0814,8.0918,55221,true
ZSMPE,2026-09-16T17:50:00Z,8.0918,8.1268,8.0888,8.1238,77581,true
ZSMPE,2026-09-16T17:55:00Z,8.1238,8.1302,8.1188,8.1252,49901,true
ZSMPE,2026-09-16T18:00:00Z,8.1252,8.1424,8.114,8.1313,53812,true
ZSMPE,2026-09-16T18:05:00Z,8.1313,8.1347,8.1132,8.1167,58200,true
ZSMPE,2026-09-16T18:10:00Z,8.1167,8.12,8.1153,8.1187,48210,true
ZSMPE,2026-09-16T18:15:00Z,8.1187,8.142,8.116,8.1394,54225,true
ZSMPE,2026-09-16T18:20:00Z,8.1394,8.1607,8.1282,8.1495,84051,true
ZSMPE,2026-09-16T18:25:00Z,8.1495,8.1761,8.1394,8.166,63493,true
ZSMPE,2026-09-16T18:30:00Z,8.166,8.1941,8.1635,8.1915,49592,true
ZSMPE,2026-09-16T18:35:00Z,8.1915,8.1987,8.1751,8.1822,58014,true
ZSMPE,2026-09-16T18:40:00Z,8.1822,8.1882,8.149,8.155,66073,true
ZSMPE,2026-09-16T18:45:00Z,8.155,8.1568,8.1341,8.1359,55687,true
ZSMPE,2026-09-16T18:50:00Z,8.1359,8.1485,8.1334,8.146,63248,true
ZSMPE,2026-09-16T18:55:00Z,8.146,8.1672,8.1424,8.1636,60601,true
ZSMPE,2026-09-16T19:00:00Z,8.1636,8.1847,8.1631,8.1842,71156,true
ZSMPE,2026-09-16T19:05:00Z,8.1842,8.1878,8.1669,8.1705,67358,true
ZSMPE,2026-09-16T19:10:00Z,8.1705,8.1927,8.1509,8.1731,71420,true
ZSMPE,2026-09-16T19:15:00Z,8.1731,8.1903,8.1586,8.1758,114459,true
ZSMPE,2026-09-16T19:20:00Z,8.1758,8.1919,8.1444,8.1605,89222,true
ZSMPE,2026-09-16T19:25:00Z,8.1605,8.1948,8.1447,8.179,136201,true
ZSMPE,2026-09-16T19:30:00Z,8.179,8.1799,8.1703,8.1713,81456,true
ZSMPE,2026-09-16T19:35:00Z,8.1713,8.1734,8.1664,8.1685,108198,true
ZSMPE,2026-09-16T19:40:00Z,8.1685,8.2089,8.1642,8.2046,79146,true
ZSMPE,2026-09-16T19:45:00Z,8.2046,8.2425,8.1989,8.2368,106556,true
ZSMPE,2026-09-16T19:50:00Z,8.2368,8.2389,8.2279,8.2299,84725,true
ZSMPE,2026-09-16T19:55:00Z,8.2299,8.2331,8.2005,8.2036,79677,true
ZSMPE,2026-09-17T13:30:00Z,8.2036,8.2092,8.1946,8.2002,138346,true
ZSMPE,2026-09-17T13:35:00Z,8.2002,8.2079,8.1885,8.1963,114366,true
ZSMPE,2026-09-17T13:40:00Z,8.1963,8.2005,8.1679,8.1722,160252,true
ZSMPE,2026-09-17T13:45:00Z,8.1722,8.1767,8.1553,8.1597,93041,true
ZSMPE,2026-09-17T13:50:00Z,8.1597,8.1669,8.1576,8.1648,82768,true
ZSMPE,2026-09-17T13:55:00Z,8.1648,8.18,8.1587,8.1739,87785,true
ZSMPE,2026-09-17T14:00:00Z,8.1739,8.1745,8.154,8.1547,67629,true
ZSMPE,2026-09-17T14:05:00Z,8.1547,8.1659,8.1352,8.1465,90315,true
ZSMPE,2026-09-17T14:10:00Z,8.1465,8.1627,8.1441,8.1602,75690,true
ZSMPE,2026-09-17T14:15:00Z,8.1602,8.1603,8.1545,8.1546,71422,true
ZSMPF,2026-08-26T13:30:00Z,64.0,64.0286,63.9496,63.9783,40291,true
ZSMPF,2026-08-26T13:35:00Z,63.9783,64.0453,63.9242,63.9912,44750,true
ZSMPF,2026-08-26T13:40:00Z,63.9912,64.1673,63.9435,64.1196,33974,true
ZSMPF,2026-08-26T13:45:00Z,64.1196,64.1263,64.0963,64.103,40803,true
ZSMPF,2026-08-26T13:50:00Z,64.103,64.1491,64.0609,64.107,32501,true
ZSMPF,2026-08-26T13:55:00Z,64.107,64.1981,64.0404,64.1315,36578,true
ZSMPF,2026-08-26T14:00:00Z,64.1315,64.2997,64.0832,64.2514,15487,true
ZSMPF,2026-08-26T14:05:00Z,64.2514,64.2555,64.2017,64.2059,16782,true
ZSMPF,2026-08-26T14:10:00Z,64.2059,64.3978,64.1716,64.3635,21352,true
ZSMPF,2026-08-26T14:15:00Z,64.3635,64.4168,64.3447,64.3979,19871,true
ZSMPF,2026-08-26T14:20:00Z,64.3979,64.4339,64.3574,64.3934,14142,true
ZSMPF,2026-08-26T14:25:00Z,64.3934,64.4025,64.3868,64.3958,26580,true
ZSMPF,2026-08-26T14:30:00Z,64.3958,64.3998,64.3831,64.3871,21197,true
ZSMPF,2026-08-26T14:35:00Z,64.3871,64.4379,64.3404,64.3913,27638,true
ZSMPF,2026-08-26T14:40:00Z,64.3913,64.419,64.371,64.3988,16378,true
ZSMPF,2026-08-26T14:45:00Z,64.3988,64.4427,64.2477,64.2917,25240,true
ZSMPF,2026-08-26T14:50:00Z,64.2917,64.3581,64.2856,64.352,13386,true
ZSMPF,2026-08-26T14:55:00Z,64.352,64.3585,64.3433,64.3498,10303,true
ZSMPF,2026-08-26T15:00:00Z,64.3498,64.4393,64.3117,64.4013,19567,true
ZSMPF,2026-08-26T15:05:00Z,64.4013,64.5798,64.3048,64.4833,16273,true
ZSMPF,2026-08-26T15:10:00Z,64.4833,64.5209,64.4745,64.512,13088,true
ZSMPF,2026-08-26T15:15:00Z,64.512,64.5169,64.4826,64.4875,13094,true
ZSMPF,2026-08-26T15:20:00Z,64.4875,64.5579,64.4279,64.4983,16540,true
ZSMPF,2026-08-26T15:25:00Z,64.4983,64.615,64.4468,64.5635,11985,true
ZSMPF,2026-08-26T15:30:00Z,64.5635,64.5785,64.5434,64.5584,14366,true
ZSMPF,2026-08-26T15:35:00Z,64.5584,64.6138,64.3828,64.4382,16001,true
ZSMPF,2026-08-26T15:40:00Z,64.4382,64.463,64.387,64.4118,17892,true
ZSMPF,2026-08-26T15:45:00Z,64.4118,64.4523,64.3924,64.4329,20882,true
ZSMPF,2026-08-26T15:50:00Z,64.4329,64.4647,64.3578,64.3896,14417,true
ZSMPF,2026-08-26T15:55:00Z,64.3896,64.4682,64.3722,64.4508,22744,true
ZSMPF,2026-08-26T16:00:00Z,64.4508,64.4894,64.4274,64.4661,11503,true
ZSMPF,2026-08-26T16:05:00Z,64.4661,64.5203,64.393,64.4472,7406,true
ZSMPF,2026-08-26T16:10:00Z,64.4472,64.4506,64.3589,64.3623,12797,true
ZSMPF,2026-08-26T16:15:00Z,64.3623,64.4488,64.3284,64.415,15130,true
ZSMPF,2026-08-26T16:20:00Z,64.415,64.4489,64.4026,64.4365,21855,true
ZSMPF,2026-08-26T16:25:00Z,64.4365,64.4495,64.3147,64.3276,15145,true
ZSMPF,2026-08-26T16:30:00Z,64.3276,64.3569,64.3178,64.347,10442,true
ZSMPF,2026-08-26T16:35:00Z,64.347,64.4314,64.3018,64.3862,12481,true
ZSMPF,2026-08-26T16:40:00Z,64.3862,64.5577,64.354,64.5254,24268,true
ZSMPF,2026-08-26T16:45:00Z,64.5254,64.6924,64.4798,64.6467,21247,true
ZSMPF,2026-08-26T16:50:00Z,64.6467,64.673,64.5706,64.597,14260,true
ZSMPF,2026-08-26T16:55:00Z,64.597,64.6435,64.5895,64.6361,14143,true
ZSMPF,2026-08-26T17:00:00Z,64.6361,64.6879,64.5521,64.604,16633,true
ZSMPF,2026-08-26T17:05:00Z,64.604,64.6523,64.5397,64.588,12051,true
ZSMPF,2026-08-26T17:10:00Z,64.588,64.6039,64.4765,64.4924,13065,true
ZSMPF,2026-08-26T17:15:00Z,64.4924,64.5922,64.4617,64.5615,15771,true
ZSMPF,2026-08-26T17:20:00Z,64.5615,64.6912,64.5069,64.6367,18407,true
ZSMPF,2026-08-26T17:25:00Z,64.6367,64.6853,64.6038,64.6525,19033,true
ZSMPF,2026-08-26T17:30:00Z,64.6525,64.6964,64.6261,64.67,13976,true
ZSMPF,2026-08-26T17:35:00Z,64.67,64.764,64.6322,64.7262,11934,true
ZSMPF,2026-08-26T17:40:00Z,64.7262,64.7687,64.7031,64.7456,18028,true
ZSMPF,2026-08-26T17:45:00Z,64.7456,64.8003,64.733,64.7876,20057,true
ZSMPF,2026-08-26T17:50:00Z,64.7876,64.827,64.771,64.8103,15878,true
ZSMPF,2026-08-26T17:55:00Z,64.8103,64.8728,64.7883,64.8507,9075,true
ZSMPF,2026-08-26T18:00:00Z,64.8507,64.9153,64.6994,64.764,17015,true
ZSMPF,2026-08-26T18:05:00Z,64.764,64.8194,64.6899,64.7453,16902,true
ZSMPF,2026-08-26T18:10:00Z,64.7453,64.8046,64.6728,64.732,18321,true
ZSMPF,2026-08-26T18:15:00Z,64.732,64.7464,64.5875,64.6019,11162,true
ZSMPF,2026-08-26T18:20:00Z,64.6019,64.6741,64.5913,64.6634,9973,true
ZSMPF,2026-08-26T18:25:00Z,64.6634,64.7046,64.5799,64.6211,19395,true
ZSMPF,2026-08-26T18:30:00Z,64.6211,64.6747,64.5411,64.5947,14346,true
ZSMPF,2026-08-26T18:35:00Z,64.5947,64.7085,64.5038,64.6176,12268,true
ZSMPF,2026-08-26T18:40:00Z,64.6176,64.6495,64.5464,64.5783,17464,true
ZSMPF,2026-08-26T18:45:00Z,64.5783,64.6203,64.536,64.5781,15513,true
ZSMPF,2026-08-26T18:50:00Z,64.5781,64.6113,64.5471,64.5803,13228,true
ZSMPF,2026-08-26T18:55:00Z,64.5803,64.5923,64.4446,64.4566,14514,true
ZSMPF,2026-08-26T19:00:00Z,64.4566,64.5178,64.4252,64.4865,12379,true
ZSMPF,2026-08-26T19:05:00Z,64.4865,64.4865,64.4787,64.4787,11566,true
ZSMPF,2026-08-26T19:10:00Z,64.4787,64.5111,64.4459,64.4783,20981,true
ZSMPF,2026-08-26T19:15:00Z,64.4783,64.4971,64.2908,64.3097,18218,true
ZSMPF,2026-08-26T19:20:00Z,64.3097,64.3944,64.2261,64.3107,16463,true
ZSMPF,2026-08-26T19:25:00Z,64.3107,64.4031,64.2784,64.3707,18389,true
ZSMPF,2026-08-26T19:30:00Z,64.3707,64.4478,64.3583,64.4353,12005,true
ZSMPF,2026-08-26T19:35:00Z,64.4353,64.4713,64.4059,64.442,22993,true
ZSMPF,2026-08-26T19:40:00Z,64.442,64.462,64.4013,64.4214,25517,true
ZSMPF,2026-08-26T19:45:00Z,64.4214,64.4589,64.3987,64.4362,19619,true
ZSMPF,2026-08-26T19:50:00Z,64.4362,64.4569,64.3488,64.3695,52690,true
ZSMPF,2026-08-26T19:55:00Z,64.3695,64.3796,64.3492,64.3593,16986,true
ZSMPF,2026-08-27T13:30:00Z,64.3593,64.3885,64.2873,64.3165,30030,true
ZSMPF,2026-08-27T13:35:00Z,64.3165,64.3264,64.3092,64.3191,36759,true
ZSMPF,2026-08-27T13:40:00Z,64.3191,64.3276,64.1978,64.2064,35243,true
ZSMPF,2026-08-27T13:45:00Z,64.2064,64.2237,64.1829,64.2002,21544,true
ZSMPF,2026-08-27T13:50:00Z,64.2002,64.2712,64.1717,64.2427,28610,true
ZSMPF,2026-08-27T13:55:00Z,64.2427,64.3086,64.2223,64.2883,26425,true
ZSMPF,2026-08-27T14:00:00Z,64.2883,64.377,64.2662,64.3548,32224,true
ZSMPF,2026-08-27T14:05:00Z,64.3548,64.4477,64.3041,64.397,16299,true
ZSMPF,2026-08-27T14:10:00Z,64.397,64.5397,64.3838,64.5265,19551,true
ZSMPF,2026-08-27T14:15:00Z,64.5265,64.625,64.4607,64.5592,30008,true
ZSMPF,2026-08-27T14:20:00Z,64.5592,64.6109,64.4971,64.5487,24858,true
ZSMPF,2026-08-27T14:25:00Z,64.5487,64.6142,64.5239,64.5894,12568,true
ZSMPF,2026-08-27T14:30:00Z,64.5894,64.7026,64.5281,64.6413,21630,true
ZSMPF,2026-08-27T14:35:00Z,64.6413,64.7003,64.6235,64.6824,13581,true
ZSMPF,2026-08-27T14:40:00Z,64.6824,64.7068,64.6471,64.6714,14224,true
ZSMPF,2026-08-27T14:45:00Z,64.6714,64.7714,64.6659,64.7659,13197,true
ZSMPF,2026-08-27T14:50:00Z,64.7659,64.864,64.7207,64.8188,14714,true
ZSMPF,2026-08-27T14:55:00Z,64.8188,64.8565,64.8151,64.8529,11912,true
ZSMPF,2026-08-27T15:00:00Z,64.8529,64.8811,64.8256,64.8539,14238,true
ZSMPF,2026-08-27T15:05:00Z,64.8539,64.8815,64.76,64.7877,14714,true
ZSMPF,2026-08-27T15:10:00Z,64.7877,64.7895,64.7663,64.7681,27196,true
ZSMPF,2026-08-27T15:15:00Z,64.7681,64.7785,64.7107,64.7211,14483,true
ZSMPF,2026-08-27T15:20:00Z,64.7211,64.7266,64.6417,64.6472,14386,true
ZSMPF,2026-08-27T15:25:00Z,64.6472,64.7587,64.6168,64.7284,17627,true
ZSMPF,2026-08-27T15:30:00Z,64.7284,64.8582,64.7066,64.8364,14276,true
ZSMPF,2026-08-27T15:35:00Z,64.8364,64.8946,64.72,64.7783,11542,true
ZSMPF,2026-08-27T15:40:00Z,64.7783,64.8348,64.7707,64.8272,20228,true
ZSMPF,2026-08-27T15:45:00Z,64.8272,64.9435,64.8257,64.9419,11992,true
ZSMPF,2026-08-27T15:50:00Z,64.9419,65.0652,64.9337,65.057,14385,true
ZSMPF,2026-08-27T15:55:00Z,65.057,65.1009,65.0483,65.0923,9370,true
ZSMPF,2026-08-27T16:00:00Z,65.0923,65.173,65.0534,65.1341,16698,true
ZSMPF,2026-08-27T16:05:00Z,65.1341,65.2406,65.0876,65.1941,18989,true
ZSMPF,2026-08-27T16:10:00Z,65.1941,65.2125,65.0993,65.1177,14583,true
ZSMPF,2026-08-27T16:15:00Z,65.1177,65.1447,65.0392,65.0662,16155,true
ZSMPF,2026-08-27T16:20:00Z,65.0662,65.1307,64.9757,65.0402,12787,true
ZSMPF,2026-08-27T16:25:00Z,65.0402,65.1069,65.021,65.0877,16216,true
ZSMPF,2026-08-27T16:30:00Z,65.0877,65.1248,65.0387,65.0759,13670,true
ZSMPF,2026-08-27T16:35:00Z,65.0759,65.1231,64.9853,65.0325,18770,true
ZSMPF,2026-08-27T16:40:00Z,65.0325,65.2135,65.0268,65.2077,11642,true
ZSMPF,2026-08-27T16:45:00Z,65.2077,65.2943,65.1961,65.2827,18063,true
ZSMPF,2026-08-27T16:50:00Z,65.2827,65.2984,65.2763,65.292,12241,true
ZSMPF,2026-08-27T16:55:00Z,65.292,65.3406,65.2665,65.3151,15423,true
ZSMPF,2026-08-27T17:00:00Z,65.3151,65.3174,65.2324,65.2347,17668,true
ZSMPF,2026-08-27T17:05:00Z,65.2347,65.2561,65.2157,65.2371,12210,true
ZSMPF,2026-08-27T17:10:00Z,65.2371,65.2914,65.2308,65.285,11571,true
ZSMPF,2026-08-27T17:15:00Z,65.285,65.3465,65.2034,65.2649,14042,true
ZSMPF,2026-08-27T17:20:00Z,65.2649,65.2891,65.2319,65.256,18250,true
ZSMPF,2026-08-27T17:25:00Z,65.256,65.2809,65.1845,65.2094,17220,true
ZSMPF,2026-08-27T17:30:00Z,65.2094,65.242,65.1147,65.1474,20908,true
ZSMPF,2026-08-27T17:35:00Z,65.1474,65.1594,65.0649,65.077,11563,true
ZSMPF,2026-08-27T17:40:00Z,65.077,65.084,65.0398,65.0469,27274,true
ZSMPF,2026-08-27T17:45:00Z,65.0469,65.1385,65.0363,65.1279,20191,true
ZSMPF,2026-08-27T17:50:00Z,65.1279,65.1412,65.1045,65.1178,12916,true
ZSMPF,2026-08-27T17:55:00Z,65.1178,65.1446,64.9978,65.0246,18177,true
ZSMPF,2026-08-27T18:00:00Z,65.0246,65.0298,64.788,64.7933,10784,true
ZSMPF,2026-08-27T18:05:00Z,64.7933,64.859,64.751,64.8167,23224,true
ZSMPF,2026-08-27T18:10:00Z,64.8167,64.8197,64.7255,64.7285,13313,true
ZSMPF,2026-08-27T18:15:00Z,64.7285,64.873,64.6831,64.8276,16918,true
ZSMPF,2026-08-27T18:20:00Z,64.8276,64.8675,64.7094,64.7493,12325,true
ZSMPF,2026-08-27T18:25:00Z,64.7493,64.7785,64.6596,64.6888,10434,true
ZSMPF,2026-08-27T18:30:00Z,64.6888,64.8536,64.6522,64.817,16183,true
ZSMPF,2026-08-27T18:35:00Z,64.817,64.8323,64.8116,64.8269,8463,true
ZSMPF,2026-08-27T18:40:00Z,64.8269,64.9542,64.814,64.9413,16110,true
ZSMPF,2026-08-27T18:45:00Z,64.9413,65.033,64.9251,65.0168,15859,true
ZSMPF,2026-08-27T18:50:00Z,65.0168,65.0892,65.0089,65.0813,21442,true
ZSMPF,2026-08-27T18:55:00Z,65.0813,65.0994,65.0379,65.056,15962,true
ZSMPF,2026-08-27T19:00:00Z,65.056,65.1429,64.9694,65.0563,14044,true
ZSMPF,2026-08-27T19:05:00Z,65.0563,65.0973,64.9446,64.9855,13886,true
ZSMPF,2026-08-27T19:10:00Z,64.9855,65.0401,64.8345,64.8891,13596,true
ZSMPF,2026-08-27T19:15:00Z,64.8891,64.9129,64.7573,64.7811,18461,true
ZSMPF,2026-08-27T19:20:00Z,64.7811,64.802,64.7634,64.7844,21656,true
ZSMPF,2026-08-27T19:25:00Z,64.7844,64.85,64.7548,64.8205,30070,true
ZSMPF,2026-08-27T19:30:00Z,64.8205,64.9048,64.7128,64.7971,17252,true
ZSMPF,2026-08-27T19:35:00Z,64.7971,64.8263,64.6829,64.7121,19375,true
ZSMPF,2026-08-27T19:40:00Z,64.7121,64.7277,64.6671,64.6826,17797,true
ZSMPF,2026-08-27T19:45:00Z,64.6826,64.7753,64.6423,64.735,37634,true
ZSMPF,2026-08-27T19:50:00Z,64.735,64.79,64.7307,64.7857,21829,true
ZSMPF,2026-08-27T19:55:00Z,64.7857,64.9884,64.7583,64.961,40536,true
ZSMPF,2026-08-28T13:30:00Z,64.961,65.0953,64.9264,65.0608,26188,true
ZSMPF,2026-08-28T13:35:00Z,65.0608,65.1446,65.032,65.1157,34744,true
ZSMPF,2026-08-28T13:40:00Z,65.1157,65.1182,65.1127,65.1152,37171,true
ZSMPF,2026-08-28T13:45:00Z,65.1152,65.128,65.012,65.0248,20382,true
ZSMPF,2026-08-28T13:50:00Z,65.0248,65.0497,64.9426,64.9675,19639,true
ZSMPF,2026-08-28T13:55:00Z,64.9675,65.0514,64.9185,65.0024,26022,true
ZSMPF,2026-08-28T14:00:00Z,65.0024,65.0544,64.996,65.0479,25321,true
ZSMPF,2026-08-28T14:05:00Z,65.0479,65.0848,65.0369,65.0738,25561,true
ZSMPF,2026-08-28T14:10:00Z,65.0738,65.1546,65.0636,65.1444,25038,true
ZSMPF,2026-08-28T14:15:00Z,65.1444,65.1779,65.1171,65.1507,20082,true
ZSMPF,2026-08-28T14:20:00Z,65.1507,65.1567,65.136,65.142,24727,true
ZSMPF,2026-08-28T14:25:00Z,65.142,65.1983,65.1079,65.1642,18068,true
ZSMPF,2026-08-28T14:30:00Z,65.1642,65.239,65.1259,65.2007,25042,true
ZSMPF,2026-08-28T14:35:00Z,65.2007,65.2334,65.1602,65.1929,14958,true
ZSMPF,2026-08-28T14:40:00Z,65.1929,65.2041,65.1652,65.1764,25010,true
ZSMPF,2026-08-28T14:45:00Z,65.1764,65.2325,65.0582,65.1143,23590,true
ZSMPF,2026-08-28T14:50:00Z,65.1143,65.1446,65.0905,65.1208,19309,true
ZSMPF,2026-08-28T14:55:00Z,65.1208,65.1592,65.11,65.1484,16700,true
ZSMPF,2026-08-28T15:00:00Z,65.1484,65.1798,65.0965,65.1279,19291,true
ZSMPF,2026-08-28T15:05:00Z,65.1279,65.2387,65.0681,65.179,12375,true
ZSMPF,2026-08-28T15:10:00Z,65.179,65.188,65.1759,65.1849,15736,true
ZSMPF,2026-08-28T15:15:00Z,65.1849,65.2265,65.0537,65.0953,12520,true
ZSMPF,2026-08-28T15:20:00Z,65.0953,65.1143,65.0297,65.0488,13863,true
ZSMPF,2026-08-28T15:25:00Z,65.0488,65.0583,64.97,64.9795,16668,true
ZSMPF,2026-08-28T15:30:00Z,64.9795,64.999,64.9029,64.9224,10856,true
ZSMPF,2026-08-28T15:35:00Z,64.9224,64.9692,64.9074,64.9543,12832,true
ZSMPF,2026-08-28T15:40:00Z,64.9543,64.9901,64.9183,64.9541,10032,true
ZSMPF,2026-08-28T15:45:00Z,64.9541,64.992,64.9411,64.9789,8071,true
ZSMPF,2026-08-28T15:50:00Z,64.9789,65.0233,64.9313,64.9756,13233,true
ZSMPF,2026-08-28T15:55:00Z,64.9756,64.9835,64.9696,64.9774,16818,true
ZSMPF,2026-08-28T16:00:00Z,64.9774,64.9957,64.9316,64.9499,10569,true
ZSMPF,2026-08-28T16:05:00Z,64.9499,64.9516,64.8566,64.8583,16698,true
ZSMPF,2026-08-28T16:10:00Z,64.8583,64.9339,64.791,64.8665,15817,true
ZSMPF,2026-08-28T16:15:00Z,64.8665,64.8749,64.8515,64.8598,24257,true
ZSMPF,2026-08-28T16:20:00Z,64.8598,64.9158,64.8095,64.8655,17980,true
ZSMPF,2026-08-28T16:25:00Z,64.8655,64.8754,64.8185,64.8284,15613,true
ZSMPF,2026-08-28T16:30:00Z,64.8284,64.8811,64.8257,64.8784,13117,true
ZSMPF,2026-08-28T16:35:00Z,64.8784,64.9204,64.7947,64.8367,18294,true
ZSMPF,2026-08-28T16:40:00Z,64.8367,64.8524,64.8094,64.8252,12966,true
ZSMPF,2026-08-28T16:45:00Z,64.8252,64.8494,64.7953,64.8195,20037,true
ZSMPF,2026-08-28T16:50:00Z,64.8195,64.8504,64.7854,64.8163,16909,true
ZSMPF,2026-08-28T16:55:00Z,64.8163,64.9639,64.7853,64.9328,9950,true
ZSMPF,2026-08-28T17:00:00Z,64.9328,65.0857,64.9228,65.0757,8964,true
ZSMPF,2026-08-28T17:05:00Z,65.0757,65.0994,64.9534,64.9772,13657,true
ZSMPF,2026-08-28T17:10:00Z,64.9772,64.9804,64.9639,64.9671,17090,true
ZSMPF,2026-08-28T17:15:00Z,64.9671,64.9821,64.8797,64.8947,19070,true
ZSMPF,2026-08-28T17:20:00Z,64.8947,64.9364,64.8523,64.894,22084,true
ZSMPF,2026-08-28T17:25:00Z,64.894,64.9248,64.8553,64.886,13332,true
ZSMPF,2026-08-28T17:30:00Z,64.886,64.9763,64.8719,64.9621,14779,true
ZSMPF,2026-08-28T17:35:00Z,64.9621,64.9646,64.9281,64.9305,17913,true
ZSMPF,2026-08-28T17:40:00Z,64.9305,64.9495,64.8721,64.891,18031,true
ZSMPF,2026-08-28T17:45:00Z,64.891,64.943,64.8615,64.9135,18840,true
ZSMPF,2026-08-28T17:50:00Z,64.9135,64.9425,64.8242,64.8533,19379,true
ZSMPF,2026-08-28T17:55:00Z,64.8533,64.8668,64.8203,64.8339,16605,true
ZSMPF,2026-08-28T18:00:00Z,64.8339,64.8526,64.7033,64.7221,14052,true
ZSMPF,2026-08-28T18:05:00Z,64.7221,64.7784,64.6136,64.6699,22413,true
ZSMPF,2026-08-28T18:10:00Z,64.6699,64.6883,64.6013,64.6197,14748,true
ZSMPF,2026-08-28T18:15:00Z,64.6197,64.6932,64.4656,64.5391,19383,true
ZSMPF,2026-08-28T18:20:00Z,64.5391,64.5749,64.5235,64.5593,19396,true
ZSMPF,2026-08-28T18:25:00Z,64.5593,64.6134,64.4855,64.5395,10668,true
ZSMPF,2026-08-28T18:30:00Z,64.5395,64.6359,64.5119,64.6083,14375,true
ZSMPF,2026-08-28T18:35:00Z,64.6083,64.6358,64.568,64.5955,15098,true
ZSMPF,2026-08-28T18:40:00Z,64.5955,64.6742,64.5007,64.5794,15500,true
ZSMPF,2026-08-28T18:45:00Z,64.5794,64.5962,64.5383,64.5551,10635,true
ZSMPF,2026-08-28T18:50:00Z,64.5551,64.5979,64.4281,64.4709,16134,true
ZSMPF,2026-08-28T18:55:00Z,64.4709,64.4894,64.456,64.4745,31250,true
ZSMPF,2026-08-28T19:00:00Z,64.4745,64.5001,64.3145,64.3401,30767,true
ZSMPF,2026-08-28T19:05:00Z,64.3401,64.3645,64.2151,64.2395,20308,true
ZSMPF,2026-08-28T19:10:00Z,64.2395,64.3035,64.1852,64.2492,18392,true
ZSMPF,2026-08-28T19:15:00Z,64.2492,64.3022,64.1872,64.2402,23625,true
ZSMPF,2026-08-28T19:20:00Z,64.2402,64.2451,64.1642,64.1691,30628,true
ZSMPF,2026-08-28T19:25:00Z,64.1691,64.2715,64.1573,64.2597,19388,true
ZSMPF,2026-08-28T19:30:00Z,64.2597,64.275,64.1952,64.2105,29496,true
ZSMPF,2026-08-28T19:35:00Z,64.2105,64.2552,64.1503,64.195,15925,true
ZSMPF,2026-08-28T19:40:00Z,64.195,64.3025,64.1844,64.2919,16168,true
ZSMPF,2026-08-28T19:45:00Z,64.2919,64.3052,64.2648,64.2781,15885,true
ZSMPF,2026-08-28T19:50:00Z,64.2781,64.327,64.2302,64.2792,44492,true
ZSMPF,2026-08-28T19:55:00Z,64.2792,64.3603,64.2495,64.3306,22846,true
ZSMPF,2026-08-31T13:30:00Z,64.3306,64.3784,64.3208,64.3686,47348,true
ZSMPF,2026-08-31T13:35:00Z,64.3686,64.3755,64.1731,64.18,27993,true
ZSMPF,2026-08-31T13:40:00Z,64.18,64.2831,64.1475,64.2505,40365,true
ZSMPF,2026-08-31T13:45:00Z,64.2505,64.2851,64.2331,64.2677,39576,true
ZSMPF,2026-08-31T13:50:00Z,64.2677,64.3405,64.2117,64.2846,13876,true
ZSMPF,2026-08-31T13:55:00Z,64.2846,64.341,64.2584,64.3149,24975,true
ZSMPF,2026-08-31T14:00:00Z,64.3149,64.3213,64.1991,64.2055,27720,true
ZSMPF,2026-08-31T14:05:00Z,64.2055,64.2233,64.1766,64.1944,23831,true
ZSMPF,2026-08-31T14:10:00Z,64.1944,64.2668,64.1485,64.2209,19375,true
ZSMPF,2026-08-31T14:15:00Z,64.2209,64.3063,64.2041,64.2894,11196,true
ZSMPF,2026-08-31T14:20:00Z,64.2894,64.3108,64.2281,64.2495,13159,true
ZSMPF,2026-08-31T14:25:00Z,64.2495,64.2669,64.2205,64.2379,22764,true
ZSMPF,2026-08-31T14:30:00Z,64.2379,64.2611,64.2319,64.2552,15710,true
ZSMPF,2026-08-31T14:35:00Z,64.2552,64.3456,64.2357,64.3261,23461,true
ZSMPF,2026-08-31T14:40:00Z,64.3261,64.4023,64.3207,64.3969,16152,true
ZSMPF,2026-08-31T14:45:00Z,64.3969,64.4323,64.3919,64.4273,18700,true
ZSMPF,2026-08-31T14:50:00Z,64.4273,64.5101,64.4137,64.4965,20293,true
ZSMPF,2026-08-31T14:55:00Z,64.4965,64.5647,64.4764,64.5446,13955,true
ZSMPF,2026-08-31T15:00:00Z,64.5446,64.5785,64.5262,64.5601,16715,true
ZSMPF,2026-08-31T15:05:00Z,64.5601,64.5611,64.5285,64.5295,14320,true
ZSMPF,2026-08-31T15:10:00Z,64.5295,64.5644,64.5014,64.5363,16889,true
ZSMPF,2026-08-31T15:15:00Z,64.5363,64.5501,64.5182,64.5319,24223,true
ZSMPF,2026-08-31T15:20:00Z,64.5319,64.6458,64.512,64.626,12881,true
ZSMPF,2026-08-31T15:25:00Z,64.626,64.6411,64.612,64.6272,12905,true
ZSMPF,2026-08-31T15:30:00Z,64.6272,64.653,64.5293,64.5552,24610,true
ZSMPF,2026-08-31T15:35:00Z,64.5552,64.6221,64.5213,64.5882,22305,true
ZSMPF,2026-08-31T15:40:00Z,64.5882,64.6119,64.5545,64.5782,15237,true
ZSMPF,2026-08-31T15:45:00Z,64.5782,64.6632,64.5675,64.6524,17901,true
ZSMPF,2026-08-31T15:50:00Z,64.6524,64.7883,64.6488,64.7846,8746,true
ZSMPF,2026-08-31T15:55:00Z,64.7846,64.8538,64.7755,64.8447,16258,true
ZSMPF,2026-08-31T16:00:00Z,64.8447,64.9485,64.8336,64.9375,12348,true
ZSMPF,2026-08-31T16:05:00Z,64.9375,65.052,64.9275,65.042,16587,true
ZSMPF,2026-08-31T16:10:00Z,65.042,65.0528,64.9624,64.9733,13169,true
ZSMPF,2026-08-31T16:15:00Z,64.9733,65.0893,64.9359,65.0519,16175,true
ZSMPF,2026-08-31T16:20:00Z,65.0519,65.0533,64.9444,64.9458,11576,true
ZSMPF,2026-08-31T16:25:00Z,64.9458,65.1042,64.9192,65.0776,13940,true
ZSMPF,2026-08-31T16:30:00Z,65.0776,65.1238,65.0034,65.0496,19127,true
ZSMPF,2026-08-31T16:35:00Z,65.0496,65.0783,65.0105,65.0393,24993,true
ZSMPF,2026-08-31T16:40:00Z,65.0393,65.112,64.9859,65.0586,11683,true
ZSMPF,2026-08-31T16:45:00Z,65.0586,65.0621,64.9894,64.9928,14850,true
ZSMPF,2026-08-31T16:50:00Z,64.9928,65.1301,64.9787,65.116,13711,true
ZSMPF,2026-08-31T16:55:00Z,65.116,65.1919,65.1066,65.1825,13439,true
ZSMPF,2026-08-31T17:00:00Z,65.1825,65.2047,65.1608,65.183,11400,true
ZSMPF,2026-08-31T17:05:00Z,65.183,65.2034,65.1588,65.1792,13470,true
ZSMPF,2026-08-31T17:10:00Z,65.1792,65.2534,65.1532,65.2274,16482,true
ZSMPF,2026-08-31T17:15:00Z,65.2274,65.2502,65.197,65.2197,10937,true
ZSMPF,2026-08-31T17:20:00Z,65.2197,65.2987,65.1515,65.2305,11803,true
ZSMPF,2026-08-31T17:25:00Z,65.2305,65.2391,65.1837,65.1923,11677,true
ZSMPF,2026-08-31T17:30:00Z,65.1923,65.2314,65.0552,65.0943,15037,true
ZSMPF,2026-08-31T17:35:00Z,65.0943,65.113,64.9946,65.0132,20040,true
ZSMPF,2026-08-31T17:40:00Z,65.0132,65.1566,65.0104,65.1539,11791,true
ZSMPF,2026-08-31T17:45:00Z,65.1539,65.1841,65.089,65.1192,18363,true
ZSMPF,2026-08-31T17:50:00Z,65.1192,65.1551,65.1026,65.1386,22171,true
ZSMPF,2026-08-31T17:55:00Z,65.1386,65.1541,65.1089,65.1244,15569,true
ZSMPF,2026-08-31T18:00:00Z,65.1244,65.1353,65.0972,65.1082,21283,true
ZSMPF,2026-08-31T18:05:00Z,65.1082,65.1215,65.0639,65.0773,18849,true
ZSMPF,2026-08-31T18:10:00Z,65.0773,65.2127,65.015,65.1503,15374,true
ZSMPF,2026-08-31T18:15:00Z,65.1503,65.159,65.057,65.0657,16199,true
ZSMPF,2026-08-31T18:20:00Z,65.0657,65.1436,65.0337,65.1116,14657,true
ZSMPF,2026-08-31T18:25:00Z,65.1116,65.1227,65.089,65.1001,21093,true
ZSMPF,2026-08-31T18:30:00Z,65.1001,65.1196,65.0632,65.0827,14142,true
ZSMPF,2026-08-31T18:35:00Z,65.0827,65.1716,64.967,65.0559,12941,true
ZSMPF,2026-08-31T18:40:00Z,65.0559,65.0837,64.9251,64.9529,16946,true
ZSMPF,2026-08-31T18:45:00Z,64.9529,65.003,64.8831,64.9332,16527,true
ZSMPF,2026-08-31T18:50:00Z,64.9332,64.9491,64.8626,64.8785,11704,true
ZSMPF,2026-08-31T18:55:00Z,64.8785,64.9392,64.8055,64.8662,17130,true
ZSMPF,2026-08-31T19:00:00Z,64.8662,64.9598,64.8544,64.948,19974,true
ZSMPF,2026-08-31T19:05:00Z,64.948,64.9565,64.7852,64.7936,15515,true
ZSMPF,2026-08-31T19:10:00Z,64.7936,64.7951,64.6693,64.6707,17064,true
ZSMPF,2026-08-31T19:15:00Z,64.6707,64.7631,64.6076,64.7,11364,true
ZSMPF,2026-08-31T19:20:00Z,64.7,64.7145,64.6854,64.7,30909,true
ZSMPF,2026-08-31T19:25:00Z,64.7,64.8595,64.6808,64.8403,29986,true
ZSMPF,2026-08-31T19:30:00Z,64.8403,64.8807,64.7008,64.7411,19574,true
ZSMPF,2026-08-31T19:35:00Z,64.7411,64.7999,64.7218,64.7805,25505,true
ZSMPF,2026-08-31T19:40:00Z,64.7805,64.7978,64.7437,64.7609,22141,true
ZSMPF,2026-08-31T19:45:00Z,64.7609,64.9145,64.7242,64.8777,37684,true
ZSMPF,2026-08-31T19:50:00Z,64.8777,64.9262,64.77,64.8186,43640,true
ZSMPF,2026-08-31T19:55:00Z,64.8186,64.8727,64.7703,64.8244,35464,true
ZSMPF,2026-09-01T13:30:00Z,64.8244,64.8478,64.8174,64.8408,31369,true
ZSMPF,2026-09-01T13:35:00Z,64.8408,64.863,64.8381,64.8603,34109,true
ZSMPF,2026-09-01T13:40:00Z,64.8603,64.9058,64.8423,64.8878,26606,true
ZSMPF,2026-09-01T13:45:00Z,64.8878,64.8977,64.8175,64.8274,22731,true
ZSMPF,2026-09-01T13:50:00Z,64.8274,64.917,64.8141,64.9037,32206,true
ZSMPF,2026-09-01T13:55:00Z,64.9037,64.92,64.8455,64.8618,21459,true
ZSMPF,2026-09-01T14:00:00Z,64.8618,64.8623,64.8044,64.805,29060,true
ZSMPF,2026-09-01T14:05:00Z,64.805,64.8454,64.7057,64.7462,31387,true
ZSMPF,2026-09-01T14:10:00Z,64.7462,64.7501,64.7157,64.7196,16615,true
ZSMPF,2026-09-01T14:15:00Z,64.7196,64.7975,64.6278,64.7057,19567,true
ZSMPF,2026-09-01T14:20:00Z,64.7057,64.738,64.6967,64.7289,29623,true
ZSMPF,2026-09-01T14:25:00Z,64.7289,64.8235,64.7085,64.8031,22134,true
ZSMPF,2026-09-01T14:30:00Z,64.8031,64.8102,64.8009,64.808,20426,true
ZSMPF,2026-09-01T14:35:00Z,64.808,64.8348,64.7518,64.7787,25118,true
ZSMPF,2026-09-01T14:40:00Z,64.7787,64.9262,64.7303,64.8778,13952,true
ZSMPF,2026-09-01T14:45:00Z,64.8778,64.9655,64.8632,64.9509,17104,true
ZSMPF,2026-09-01T14:50:00Z,64.9509,65.0085,64.8352,64.8928,17867,true
ZSMPF,2026-09-01T14:55:00Z,64.8928,64.9216,64.8822,64.911,15830,true
ZSMPF,2026-09-01T15:00:00Z,64.911,64.9138,64.8972,64.9,13433,true
ZSMPF,2026-09-01T15:05:00Z,64.9,64.922,64.8783,64.9003,18397,true
ZSMPF,2026-09-01T15:10:00Z,64.9003,64.9182,64.8556,64.8734,11202,true
ZSMPF,2026-09-01T15:15:00Z,64.8734,64.9357,64.8517,64.914,21910,true
ZSMPF,2026-09-01T15:20:00Z,64.914,65.0169,64.901,65.0039,9317,true
ZSMPF,2026-09-01T15:25:00Z,65.0039,65.0077,64.9038,64.9077,14767,true
ZSMPF,2026-09-01T15:30:00Z,64.9077,64.9359,64.9002,64.9284,15653,true
ZSMPF,2026-09-01T15:35:00Z,64.9284,64.9518,64.8525,64.8759,20273,true
ZSMPF,2026-09-01T15:40:00Z,64.8759,64.8822,64.8615,64.8679,9061,true
ZSMPF,2026-09-01T15:45:00Z,64.8679,64.9706,64.8105,64.9133,22159,true
ZSMPF,2026-09-01T15:50:00Z,64.9133,64.9507,64.8255,64.8629,7573,true
ZSMPF,2026-09-01T15:55:00Z,64.8629,64.865,64.7302,64.7324,15943,true
ZSMPF,2026-09-01T16:00:00Z,64.7324,64.7849,64.637,64.6896,10537,true
ZSMPF,2026-09-01T16:05:00Z,64.6896,64.716,64.6239,64.6503,9608,true
ZSMPF,2026-09-01T16:10:00Z,64.6503,64.6949,64.5083,64.5529,17413,true
ZSMPF,2026-09-01T16:15:00Z,64.5529,64.602,64.4858,64.5349,13156,true
ZSMPF,2026-09-01T16:20:00Z,64.5349,64.5685,64.3257,64.3593,14478,true
ZSMPF,2026-09-01T16:25:00Z,64.3593,64.4148,64.2145,64.2701,12718,true
ZSMPF,2026-09-01T16:30:00Z,64.2701,64.3086,64.2215,64.26,9782,true
ZSMPF,2026-09-01T16:35:00Z,64.26,64.2913,64.1433,64.1746,15109,true
ZSMPF,2026-09-01T16:40:00Z,64.1746,64.2412,64.1315,64.198,13745,true
ZSMPF,2026-09-01T16:45:00Z,64.198,64.2792,63.9925,64.0737,10373,true
ZSMPF,2026-09-01T16:50:00Z,64.0737,64.2213,64.0049,64.1525,8947,true
ZSMPF,2026-09-01T16:55:00Z,64.1525,64.2356,64.1167,64.1998,24443,true
ZSMPF,2026-09-01T17:00:00Z,64.1998,64.2282,64.1377,64.1661,12422,true
ZSMPF,2026-09-01T17:05:00Z,64.1661,64.1912,64.0892,64.1143,15430,true
ZSMPF,2026-09-01T17:10:00Z,64.1143,64.1925,64.0973,64.1755,11264,true
ZSMPF,2026-09-01T17:15:00Z,64.1755,64.3248,64.1755,64.3248,10013,true
ZSMPF,2026-09-01T17:20:00Z,64.3248,64.3542,64.2861,64.3154,15069,true
ZSMPF,2026-09-01T17:25:00Z,64.3154,64.4193,64.3013,64.4051,14086,true
ZSMPF,2026-09-01T17:30:00Z,64.4051,64.5017,64.3737,64.4703,12532,true
ZSMPF,2026-09-01T17:35:00Z,64.4703,64.4961,64.3883,64.4141,14149,true
ZSMPF,2026-09-01T17:40:00Z,64.4141,64.4433,64.3259,64.3551,20528,true
ZSMPF,2026-09-01T17:45:00Z,64.3551,64.3856,64.3181,64.3486,16134,true
ZSMPF,2026-09-01T17:50:00Z,64.3486,64.4196,64.346,64.4171,16990,true
ZSMPF,2026-09-01T17:55:00Z,64.4171,64.4834,64.4071,64.4734,19853,true
ZSMPF,2026-09-01T18:00:00Z,64.4734,64.6144,64.4078,64.5488,21842,true
ZSMPF,2026-09-01T18:05:00Z,64.5488,64.6573,64.5384,64.6469,11675,true
ZSMPF,2026-09-01T18:10:00Z,64.6469,64.7095,64.6322,64.6948,14334,true
ZSMPF,2026-09-01T18:15:00Z,64.6948,64.7525,64.4956,64.5533,17473,true
ZSMPF,2026-09-01T18:20:00Z,64.5533,64.6186,64.5173,64.5827,7971,true
ZSMPF,2026-09-01T18:25:00Z,64.5827,64.5846,64.5566,64.5585,12653,true
ZSMPF,2026-09-01T18:30:00Z,64.5585,64.5746,64.5097,64.5257,18559,true
ZSMPF,2026-09-01T18:35:00Z,64.5257,64.6974,64.4936,64.6653,24449,true
ZSMPF,2026-09-01T18:40:00Z,64.6653,64.7436,64.6408,64.7191,17397,true
ZSMPF,2026-09-01T18:45:00Z,64.7191,64.7348,64.5947,64.6105,12435,true
ZSMPF,2026-09-01T18:50:00Z,64.6105,64.6391,64.5224,64.551,16006,true
ZSMPF,2026-09-01T18:55:00Z,64.551,64.5599,64.5442,64.553,33287,true
ZSMPF,2026-09-01T19:00:00Z,64.553,64.6062,64.5263,64.5795,24554,true
ZSMPF,2026-09-01T19:05:00Z,64.5795,64.7337,64.5248,64.679,16028,true
ZSMPF,2026-09-01T19:10:00Z,64.679,64.6862,64.653,64.6602,15549,true
ZSMPF,2026-09-01T19:15:00Z,64.6602,64.7616,64.6399,64.7413,25277,true
ZSMPF,2026-09-01T19:20:00Z,64.7413,64.8216,64.7094,64.7898,14151,true
ZSMPF,2026-09-01T19:25:00Z,64.7898,64.8015,64.7498,64.7615,24031,true
ZSMPF,2026-09-01T19:30:00Z,64.7615,64.768,64.7381,64.7446,21527,true
ZSMPF,2026-09-01T19:35:00Z,64.7446,64.8126,64.7299,64.7979,23544,true
ZSMPF,2026-09-01T19:40:00Z,64.7979,64.8031,64.6817,64.6869,30656,true
ZSMPF,2026-09-01T19:45:00Z,64.6869,64.7208,64.5922,64.6262,19591,true
ZSMPF,2026-09-01T19:50:00Z,64.6262,64.7219,64.6048,64.7005,31575,true
ZSMPF,2026-09-01T19:55:00Z,64.7005,64.9032,64.6797,64.8824,26587,true
ZSMPF,2026-09-02T13:30:00Z,64.8824,64.8834,64.8046,64.8057,42178,true
ZSMPF,2026-09-02T13:35:00Z,64.8057,64.9329,64.7762,64.9035,48383,true
ZSMPF,2026-09-02T13:40:00Z,64.9035,64.9898,64.851,64.9372,29306,true
ZSMPF,2026-09-02T13:45:00Z,64.9372,65.0005,64.9138,64.977,45292,true
ZSMPF,2026-09-02T13:50:00Z,64.977,64.9949,64.9649,64.9828,23483,true
ZSMPF,2026-09-02T13:55:00Z,64.9828,65.0053,64.9423,64.9648,28603,true
ZSMPF,2026-09-02T14:00:00Z,64.9648,64.9928,64.8829,64.9109,30251,true
ZSMPF,2026-09-02T14:05:00Z,64.9109,64.9112,64.8897,64.89,24980,true
ZSMPF,2026-09-02T14:10:00Z,64.89,65.0099,64.8388,64.9587,23061,true
ZSMPF,2026-09-02T14:15:00Z,64.9587,65.0146,64.935,64.9909,19823,true
ZSMPF,2026-09-02T14:20:00Z,64.9909,65.0205,64.8867,64.9164,30362,true
ZSMPF,2026-09-02T14:25:00Z,64.9164,64.9411,64.8534,64.878,25432,true
ZSMPF,2026-09-02T14:30:00Z,64.878,64.9697,64.8575,64.9491,21914,true
ZSMPF,2026-09-02T14:35:00Z,64.9491,64.9671,64.8493,64.8672,26260,true
ZSMPF,2026-09-02T14:40:00Z,64.8672,64.9189,64.7104,64.7621,17337,true
ZSMPF,2026-09-02T14:45:00Z,64.7621,64.8287,64.7226,64.7892,16925,true
ZSMPF,2026-09-02T14:50:00Z,64.7892,64.8491,64.7529,64.8128,22473,true
ZSMPF,2026-09-02T14:55:00Z,64.8128,64.8225,64.7462,64.7559,19813,true
ZSMPF,2026-09-02T15:00:00Z,64.7559,64.842,64.7537,64.8398,25844,true
ZSMPF,2026-09-02T15:05:00Z,64.8398,65.0301,64.7826,64.9729,16082,true
ZSMPF,2026-09-02T15:10:00Z,64.9729,65.0586,64.9548,65.0405,19588,true
ZSMPF,2026-09-02T15:15:00Z,65.0405,65.103,65.013,65.0756,16136,true
ZSMPF,2026-09-02T15:20:00Z,65.0756,65.0796,65.0083,65.0124,10228,true
ZSMPF,2026-09-02T15:25:00Z,65.0124,65.0364,64.8716,64.8956,17535,true
ZSMPF,2026-09-02T15:30:00Z,64.8956,65.0136,64.8794,64.9974,12674,true
ZSMPF,2026-09-02T15:35:00Z,64.9974,65.0088,64.9135,64.9249,17238,true
ZSMPF,2026-09-02T15:40:00Z,64.9249,64.9472,64.8945,64.9168,9591,true
ZSMPF,2026-09-02T15:45:00Z,64.9168,64.9758,64.6805,64.7395,22293,true
ZSMPF,2026-09-02T15:50:00Z,64.7395,64.798,64.7375,64.796,12005,true
ZSMPF,2026-09-02T15:55:00Z,64.796,64.8911,64.7801,64.8751,15324,true
ZSMPF,2026-09-02T16:00:00Z,64.8751,64.9113,64.8155,64.8517,17715,true
ZSMPF,2026-09-02T16:05:00Z,64.8517,64.8925,64.7707,64.8114,15901,true
ZSMPF,2026-09-02T16:10:00Z,64.8114,64.8578,64.7409,64.7873,13859,true
ZSMPF,2026-09-02T16:15:00Z,64.7873,64.8236,64.7241,64.7603,19599,true
ZSMPF,2026-09-02T16:20:00Z,64.7603,64.8112,64.7243,64.7752,12894,true
ZSMPF,2026-09-02T16:25:00Z,64.7752,64.8013,64.7627,64.7887,14325,true
ZSMPF,2026-09-02T16:30:00Z,64.7887,64.8434,64.6672,64.7219,12732,true
ZSMPF,2026-09-02T16:35:00Z,64.7219,64.7631,64.6568,64.698,19699,true
ZSMPF,2026-09-02T16:40:00Z,64.698,64.7218,64.687,64.7107,28636,true
ZSMPF,2026-09-02T16:45:00Z,64.7107,64.767,64.6682,64.7245,18186,true
ZSMPF,2026-09-02T16:50:00Z,64.7245,64.816,64.7029,64.7945,26624,true
ZSMPF,2026-09-02T16:55:00Z,64.7945,64.8374,64.7761,64.819,17472,true
ZSMPF,2026-09-02T17:00:00Z,64.819,64.9243,64.8061,64.9114,12898,true
ZSMPF,2026-09-02T17:05:00Z,64.9114,64.963,64.8526,64.9041,11211,true
ZSMPF,2026-09-02T17:10:00Z,64.9041,64.9609,64.8787,64.9355,15436,true
ZSMPF,2026-09-02T17:15:00Z,64.9355,65.0156,64.9121,64.9921,14420,true
ZSMPF,2026-09-02T17:20:00Z,64.9921,65.1079,64.9315,65.0472,15142,true
ZSMPF,2026-09-02T17:25:00Z,65.0472,65.069,64.971,64.9927,18159,true
ZSMPF,2026-09-02T17:30:00Z,64.9927,65.1247,64.9861,65.1181,14570,true
ZSMPF,2026-09-02T17:35:00Z,65.1181,65.1515,65.1143,65.1477,14942,true
ZSMPF,2026-09-02T17:40:00Z,65.1477,65.2123,65.145,65.2096,9226,true
ZSMPF,2026-09-02T17:45:00Z,65.2096,65.2474,65.1551,65.1929,15524,true
ZSMPF,2026-09-02T17:50:00Z,65.1929,65.2109,65.1006,65.1186,13937,true
ZSMPF,2026-09-02T17:55:00Z,65.1186,65.1233,65.0633,65.0681,15622,true
ZSMPF,2026-09-02T18:00:00Z,65.0681,65.1594,64.9917,65.083,11376,true
ZSMPF,2026-09-02T18:05:00Z,65.083,65.0985,65.0511,65.0666,10996,true
ZSMPF,2026-09-02T18:10:00Z,65.0666,65.0757,65.0349,65.0441,17192,true
ZSMPF,2026-09-02T18:15:00Z,65.0441,65.1733,65.02,65.1492,11899,true
ZSMPF,2026-09-02T18:20:00Z,65.1492,65.1577,65.1412,65.1497,14813,true
ZSMPF,2026-09-02T18:25:00Z,65.1497,65.1772,65.1268,65.1543,17231,true
ZSMPF,2026-09-02T18:30:00Z,65.1543,65.2148,65.1371,65.1975,11437,true
ZSMPF,2026-09-02T18:35:00Z,65.1975,65.2605,65.1837,65.2467,24652,true
ZSMPF,2026-09-02T18:40:00Z,65.2467,65.3029,65.1409,65.1971,12446,true
ZSMPF,2026-09-02T18:45:00Z,65.1971,65.1988,65.1572,65.1589,22014,true
ZSMPF,2026-09-02T18:50:00Z,65.1589,65.2301,65.1499,65.2211,16170,true
ZSMPF,2026-09-02T18:55:00Z,65.2211,65.3008,65.2146,65.2942,18362,true
ZSMPF,2026-09-02T19:00:00Z,65.2942,65.4157,65.2383,65.3597,15119,true
ZSMPF,2026-09-02T19:05:00Z,65.3597,65.3837,65.2942,65.3181,22863,true
ZSMPF,2026-09-02T19:10:00Z,65.3181,65.3697,65.3085,65.3601,14331,true
ZSMPF,2026-09-02T19:15:00Z,65.3601,65.3866,65.2955,65.3221,14675,true
ZSMPF,2026-09-02T19:20:00Z,65.3221,65.3461,65.1993,65.2233,14318,true
ZSMPF,2026-09-02T19:25:00Z,65.2233,65.2362,65.2133,65.2262,30810,true
ZSMPF,2026-09-02T19:30:00Z,65.2262,65.2787,65.2083,65.2607,13315,true
ZSMPF,2026-09-02T19:35:00Z,65.2607,65.2914,65.2579,65.2886,26376,true
ZSMPF,2026-09-02T19:40:00Z,65.2886,65.2899,65.278,65.2793,24262,true
ZSMPF,2026-09-02T19:45:00Z,65.2793,65.3715,65.2115,65.3037,14939,true
ZSMPF,2026-09-02T19:50:00Z,65.3037,65.3894,65.2863,65.372,33890,true
ZSMPF,2026-09-02T19:55:00Z,65.372,65.4845,65.3479,65.4604,47865,true
ZSMPF,2026-09-03T13:30:00Z,65.4604,65.4615,65.443,65.4441,29634,true
ZSMPF,2026-09-03T13:35:00Z,65.4441,65.4478,65.3759,65.3796,36130,true
ZSMPF,2026-09-03T13:40:00Z,65.3796,65.3993,65.3498,65.3695,39922,true
ZSMPF,2026-09-03T13:45:00Z,65.3695,65.4135,65.3061,65.3501,30814,true
ZSMPF,2026-09-03T13:50:00Z,65.3501,65.3839,65.3393,65.3731,28332,true
ZSMPF,2026-09-03T13:55:00Z,65.3731,65.3902,65.2786,65.2957,30436,true
ZSMPF,2026-09-03T14:00:00Z,65.2957,65.3876,65.2609,65.3528,34301,true
ZSMPF,2026-09-03T14:05:00Z,65.3528,65.3774,65.2596,65.2842,23806,true
ZSMPF,2026-09-03T14:10:00Z,65.2842,65.3457,65.2475,65.309,13797,true
ZSMPF,2026-09-03T14:15:00Z,65.309,65.3228,65.2633,65.2771,23871,true
ZSMPF,2026-09-03T14:20:00Z,65.2771,65.3656,65.2705,65.3591,13475,true
ZSMPF,2026-09-03T14:25:00Z,65.3591,65.3677,65.3117,65.3203,22194,true
ZSMPF,2026-09-03T14:30:00Z,65.3203,65.3597,65.3032,65.3426,14548,true
ZSMPF,2026-09-03T14:35:00Z,65.3426,65.3567,65.3146,65.3287,22557,true
ZSMPF,2026-09-03T14:40:00Z,65.3287,65.4642,65.277,65.4125,14228,true
ZSMPF,2026-09-03T14:45:00Z,65.4125,65.438,65.3865,65.4119,16368,true
ZSMPF,2026-09-03T14:50:00Z,65.4119,65.4944,65.3952,65.4777,18310,true
ZSMPF,2026-09-03T14:55:00Z,65.4777,65.509,65.4586,65.4898,15724,true
ZSMPF,2026-09-03T15:00:00Z,65.4898,65.5016,65.4876,65.4994,11940,true
ZSMPF,2026-09-03T15:05:00Z,65.4994,65.5141,65.4277,65.4424,11283,true
ZSMPF,2026-09-03T15:10:00Z,65.4424,65.4667,65.3945,65.4188,21195,true
ZSMPF,2026-09-03T15:15:00Z,65.4188,65.4873,65.3729,65.4414,18711,true
ZSMPF,2026-09-03T15:20:00Z,65.4414,65.4908,65.3544,65.4038,19330,true
ZSMPF,2026-09-03T15:25:00Z,65.4038,65.4839,65.3866,65.4667,19686,true
ZSMPF,2026-09-03T15:30:00Z,65.4667,65.5224,65.4402,65.4959,15147,true
ZSMPF,2026-09-03T15:35:00Z,65.4959,65.5757,65.4811,65.5609,16088,true
ZSMPF,2026-09-03T15:40:00Z,65.5609,65.5891,65.438,65.4662,13998,true
ZSMPF,2026-09-03T15:45:00Z,65.4662,65.485,65.3699,65.3888,13087,true
ZSMPF,2026-09-03T15:50:00Z,65.3888,65.4201,65.2969,65.3282,16719,true
ZSMPF,2026-09-03T15:55:00Z,65.3282,65.3319,65.3191,65.3228,16293,true
ZSMPF,2026-09-03T16:00:00Z,65.3228,65.3575,65.2627,65.2974,13445,true
ZSMPF,2026-09-03T16:05:00Z,65.2974,65.3082,65.2629,65.2737,12775,true
ZSMPF,2026-09-03T16:10:00Z,65.2737,65.2769,65.2149,65.218,17337,true
ZSMPF,2026-09-03T16:15:00Z,65.218,65.2393,65.2134,65.2346,14016,true
ZSMPF,2026-09-03T16:20:00Z,65.2346,65.2642,65.2177,65.2473,8893,true
ZSMPF,2026-09-03T16:25:00Z,65.2473,65.3274,65.2472,65.3272,11807,true
ZSMPF,2026-09-03T16:30:00Z,65.3272,65.4878,65.3128,65.4734,15856,true
ZSMPF,2026-09-03T16:35:00Z,65.4734,65.4772,65.4214,65.4252,12408,true
ZSMPF,2026-09-03T16:40:00Z,65.4252,65.5214,65.4091,65.5053,17494,true
ZSMPF,2026-09-03T16:45:00Z,65.5053,65.5877,65.4182,65.5005,8955,true
ZSMPF,2026-09-03T16:50:00Z,65.5005,65.6761,65.4915,65.6671,13402,true
ZSMPF,2026-09-03T16:55:00Z,65.6671,65.6765,65.5767,65.5861,17786,true
ZSMPF,2026-09-03T17:00:00Z,65.5861,65.64,65.5488,65.6027,18949,true
ZSMPF,2026-09-03T17:05:00Z,65.6027,65.6059,65.5921,65.5954,10440,true
ZSMPF,2026-09-03T17:10:00Z,65.5954,65.6582,65.3904,65.4533,11808,true
ZSMPF,2026-09-03T17:15:00Z,65.4533,65.464,65.4153,65.426,18222,true
ZSMPF,2026-09-03T17:20:00Z,65.426,65.4808,65.4202,65.475,12124,true
ZSMPF,2026-09-03T17:25:00Z,65.475,65.5435,65.316,65.3845,10714,true
ZSMPF,2026-09-03T17:30:00Z,65.3845,65.3865,65.37,65.372,12006,true
ZSMPF,2026-09-03T17:35:00Z,65.372,65.412,65.2974,65.3374,14081,true
ZSMPF,2026-09-03T17:40:00Z,65.3374,65.4133,65.3057,65.3816,17436,true
ZSMPF,2026-09-03T17:45:00Z,65.3816,65.4445,65.3576,65.4205,20967,true
ZSMPF,2026-09-03T17:50:00Z,65.4205,65.5955,65.3735,65.5485,16437,true
ZSMPF,2026-09-03T17:55:00Z,65.5485,65.6407,65.5304,65.6226,10758,true
ZSMPF,2026-09-03T18:00:00Z,65.6226,65.6306,65.5289,65.5369,16709,true
ZSMPF,2026-09-03T18:05:00Z,65.5369,65.5743,65.3996,65.437,17780,true
ZSMPF,2026-09-03T18:10:00Z,65.437,65.4678,65.4,65.4308,11075,true
ZSMPF,2026-09-03T18:15:00Z,65.4308,65.489,65.3784,65.4365,15577,true
ZSMPF,2026-09-03T18:20:00Z,65.4365,65.4788,65.3545,65.3968,16795,true
ZSMPF,2026-09-03T18:25:00Z,65.3968,65.434,65.3354,65.3726,15805,true
ZSMPF,2026-09-03T18:30:00Z,65.3726,65.4059,65.3625,65.3958,13239,true
ZSMPF,2026-09-03T18:35:00Z,65.3958,65.4271,65.3725,65.4038,11432,true
ZSMPF,2026-09-03T18:40:00Z,65.4038,65.4952,65.3789,65.4702,21743,true
ZSMPF,2026-09-03T18:45:00Z,65.4702,65.6188,65.4698,65.6184,25414,true
ZSMPF,2026-09-03T18:50:00Z,65.6184,65.6593,65.5177,65.5587,14632,true
ZSMPF,2026-09-03T18:55:00Z,65.5587,65.5786,65.5098,65.5297,12926,true
ZSMPF,2026-09-03T19:00:00Z,65.5297,65.6531,65.4991,65.6224,19979,true
ZSMPF,2026-09-03T19:05:00Z,65.6224,65.7438,65.5671,65.6885,15491,true
ZSMPF,2026-09-03T19:10:00Z,65.6885,65.7237,65.646,65.6812,22117,true
ZSMPF,2026-09-03T19:15:00Z,65.6812,65.8154,65.6315,65.7657,14773,true
ZSMPF,2026-09-03T19:20:00Z,65.7657,65.7875,65.7506,65.7724,22190,true
ZSMPF,2026-09-03T19:25:00Z,65.7724,65.8653,65.764,65.8569,20282,true
ZSMPF,2026-09-03T19:30:00Z,65.8569,65.8963,65.8274,65.8667,18464,true
ZSMPF,2026-09-03T19:35:00Z,65.8667,65.9722,65.8576,65.963,35004,true
ZSMPF,2026-09-03T19:40:00Z,65.963,66.1064,65.894,66.0373,27202,true
ZSMPF,2026-09-03T19:45:00Z,66.0373,66.0498,66.0332,66.0457,38917,true
ZSMPF,2026-09-03T19:50:00Z,66.0457,66.0636,65.9927,66.0106,17725,true
ZSMPF,2026-09-03T19:55:00Z,66.0106,66.068,65.9828,66.0402,26246,true
ZSMPF,2026-09-04T13:30:00Z,66.0402,66.1313,65.9988,66.0899,45023,true
ZSMPF,2026-09-04T13:35:00Z,66.0899,66.2738,66.0417,66.2256,35207,true
ZSMPF,2026-09-04T13:40:00Z,66.2256,66.4206,66.1696,66.3647,35831,true
ZSMPF,2026-09-04T13:45:00Z,66.3647,66.3736,66.3162,66.3251,20739,true
ZSMPF,2026-09-04T13:50:00Z,66.3251,66.3342,66.2868,66.296,28909,true
ZSMPF,2026-09-04T13:55:00Z,66.296,66.3958,66.2716,66.3714,21528,true
ZSMPF,2026-09-04T14:00:00Z,66.3714,66.4508,66.3311,66.4105,19745,true
ZSMPF,2026-09-04T14:05:00Z,66.4105,66.4108,66.3718,66.3721,19887,true
ZSMPF,2026-09-04T14:10:00Z,66.3721,66.3926,66.3357,66.3562,20948,true
ZSMPF,2026-09-04T14:15:00Z,66.3562,66.4108,66.2846,66.3392,15931,true
ZSMPF,2026-09-04T14:20:00Z,66.3392,66.3606,66.3378,66.3592,22655,true
ZSMPF,2026-09-04T14:25:00Z,66.3592,66.3939,66.2807,66.3154,19586,true
ZSMPF,2026-09-04T14:30:00Z,66.3154,66.3558,66.3032,66.3436,18358,true
ZSMPF,2026-09-04T14:35:00Z,66.3436,66.4343,66.2432,66.3339,21977,true
ZSMPF,2026-09-04T14:40:00Z,66.3339,66.483,66.302,66.451,15341,true
ZSMPF,2026-09-04T14:45:00Z,66.451,66.4915,66.4507,66.4912,14677,true
ZSMPF,2026-09-04T14:50:00Z,66.4912,66.5662,66.4041,66.4791,12115,true
ZSMPF,2026-09-04T14:55:00Z,66.4791,66.4952,66.3449,66.3609,19180,true
ZSMPF,2026-09-04T15:00:00Z,66.3609,66.3782,66.3316,66.349,20190,true
ZSMPF,2026-09-04T15:05:00Z,66.349,66.4161,66.31,66.3771,17960,true
ZSMPF,2026-09-04T15:10:00Z,66.3771,66.4385,66.3489,66.4103,13943,true
ZSMPF,2026-09-04T15:15:00Z,66.4103,66.5257,66.3688,66.4842,18781,true
ZSMPF,2026-09-04T15:20:00Z,66.4842,66.6119,66.4478,66.5754,9163,true
ZSMPF,2026-09-04T15:25:00Z,66.5754,66.5915,66.4758,66.4918,15704,true
ZSMPF,2026-09-04T15:30:00Z,66.4918,66.5056,66.382,66.3957,10944,true
ZSMPF,2026-09-04T15:35:00Z,66.3957,66.4645,66.3795,66.4483,18162,true
ZSMPF,2026-09-04T15:40:00Z,66.4483,66.5769,66.4461,66.5747,16061,true
ZSMPF,2026-09-04T15:45:00Z,66.5747,66.6033,66.4892,66.5177,13685,true
ZSMPF,2026-09-04T15:50:00Z,66.5177,66.5298,66.506,66.5181,10887,true
ZSMPF,2026-09-04T15:55:00Z,66.5181,66.5261,66.471,66.4791,18613,true
ZSMPF,2026-09-04T16:00:00Z,66.4791,66.4809,66.3854,66.3873,10416,true
ZSMPF,2026-09-04T16:05:00Z,66.3873,66.4737,66.3187,66.4052,20355,true
ZSMPF,2026-09-04T16:10:00Z,66.4052,66.4279,66.3528,66.3755,18273,true
ZSMPF,2026-09-04T16:15:00Z,66.3755,66.3867,66.3495,66.3608,18254,true
ZSMPF,2026-09-04T16:20:00Z,66.3608,66.484,66.3131,66.4363,12620,true
ZSMPF,2026-09-04T16:25:00Z,66.4363,66.5341,66.4355,66.5332,13892,true
ZSMPF,2026-09-04T16:30:00Z,66.5332,66.5616,66.4425,66.4709,18277,true
ZSMPF,2026-09-04T16:35:00Z,66.4709,66.4774,66.4257,66.4323,16307,true
ZSMPF,2026-09-04T16:40:00Z,66.4323,66.4421,66.4048,66.4147,9786,true
ZSMPF,2026-09-04T16:45:00Z,66.4147,66.4884,66.3962,66.4699,14501,true
ZSMPF,2026-09-04T16:50:00Z,66.4699,66.4766,66.4495,66.4562,12504,true
ZSMPF,2026-09-04T16:55:00Z,66.4562,66.4818,66.3953,66.4209,17517,true
ZSMPF,2026-09-04T17:00:00Z,66.4209,66.4257,66.4196,66.4245,18284,true
ZSMPF,2026-09-04T17:05:00Z,66.4245,66.4691,66.36,66.4046,10810,true
ZSMPF,2026-09-04T17:10:00Z,66.4046,66.5199,66.4024,66.5176,18999,true
ZSMPF,2026-09-04T17:15:00Z,66.5176,66.5309,66.496,66.5093,14671,true
ZSMPF,2026-09-04T17:20:00Z,66.5093,66.6152,66.4721,66.578,17806,true
ZSMPF,2026-09-04T17:25:00Z,66.578,66.6455,66.5497,66.6172,10917,true
ZSMPF,2026-09-04T17:30:00Z,66.6172,66.6397,66.5343,66.5569,18548,true
ZSMPF,2026-09-04T17:35:00Z,66.5569,66.5886,66.5449,66.5767,12463,true
ZSMPF,2026-09-04T17:40:00Z,66.5767,66.5885,66.5261,66.5379,20067,true
ZSMPF,2026-09-04T17:45:00Z,66.5379,66.5624,66.5275,66.552,17287,true
ZSMPF,2026-09-04T17:50:00Z,66.552,66.646,66.5486,66.6427,13640,true
ZSMPF,2026-09-04T17:55:00Z,66.6427,66.6816,66.5694,66.6084,10863,true
ZSMPF,2026-09-04T18:00:00Z,66.6084,66.703,66.5775,66.6721,15938,true
ZSMPF,2026-09-04T18:05:00Z,66.6721,66.7059,66.5561,66.5899,17147,true
ZSMPF,2026-09-04T18:10:00Z,66.5899,66.592,66.5708,66.5728,12924,true
ZSMPF,2026-09-04T18:15:00Z,66.5728,66.637,66.5588,66.6229,22249,true
ZSMPF,2026-09-04T18:20:00Z,66.6229,66.6264,66.5618,66.5653,13858,true
ZSMPF,2026-09-04T18:25:00Z,66.5653,66.6261,66.4296,66.4905,13675,true
ZSMPF,2026-09-04T18:30:00Z,66.4905,66.5097,66.3837,66.403,10265,true
ZSMPF,2026-09-04T18:35:00Z,66.403,66.4093,66.3527,66.359,25232,true
ZSMPF,2026-09-04T18:40:00Z,66.359,66.4052,66.3435,66.3898,27632,true
ZSMPF,2026-09-04T18:45:00Z,66.3898,66.4099,66.3795,66.3997,15022,true
ZSMPF,2026-09-04T18:50:00Z,66.3997,66.3999,66.3952,66.3954,10285,true
ZSMPF,2026-09-04T18:55:00Z,66.3954,66.4288,66.3822,66.4157,17342,true
ZSMPF,2026-09-04T19:00:00Z,66.4157,66.4614,66.4142,66.4599,19315,true
ZSMPF,2026-09-04T19:05:00Z,66.4599,66.4629,66.3415,66.3445,27170,true
ZSMPF,2026-09-04T19:10:00Z,66.3445,66.3559,66.1993,66.2107,16406,true
ZSMPF,2026-09-04T19:15:00Z,66.2107,66.2217,66.1744,66.1854,18945,true
ZSMPF,2026-09-04T19:20:00Z,66.1854,66.2318,66.1821,66.2285,16000,true
ZSMPF,2026-09-04T19:25:00Z,66.2285,66.2468,66.171,66.1893,23870,true
ZSMPF,2026-09-04T19:30:00Z,66.1893,66.2068,66.0037,66.0212,13964,true
ZSMPF,2026-09-04T19:35:00Z,66.0212,66.1086,65.9693,66.0568,19090,true
ZSMPF,2026-09-04T19:40:00Z,66.0568,66.1295,66.0257,66.0984,29417,true
ZSMPF,2026-09-04T19:45:00Z,66.0984,66.1123,66.0857,66.0996,19325,true
ZSMPF,2026-09-04T19:50:00Z,66.0996,66.1101,66.0797,66.0902,24524,true
ZSMPF,2026-09-04T19:55:00Z,66.0902,66.1264,66.0876,66.1238,31502,true
ZSMPF,2026-09-08T13:30:00Z,66.1238,66.2234,66.0885,66.1881,33513,true
ZSMPF,2026-09-08T13:35:00Z,66.1881,66.3161,66.146,66.2741,30879,true
ZSMPF,2026-09-08T13:40:00Z,66.2741,66.275,66.1932,66.1941,28285,true
ZSMPF,2026-09-08T13:45:00Z,66.1941,66.1955,66.131,66.1324,35794,true
ZSMPF,2026-09-08T13:50:00Z,66.1324,66.1505,66.1037,66.1218,38929,true
ZSMPF,2026-09-08T13:55:00Z,66.1218,66.2253,66.0951,66.1987,21768,true
ZSMPF,2026-09-08T14:00:00Z,66.1987,66.2613,66.1898,66.2525,20476,true
ZSMPF,2026-09-08T14:05:00Z,66.2525,66.2704,66.2245,66.2424,30792,true
ZSMPF,2026-09-08T14:10:00Z,66.2424,66.3073,66.2375,66.3023,20219,true
ZSMPF,2026-09-08T14:15:00Z,66.3023,66.3584,66.2962,66.3524,20075,true
ZSMPF,2026-09-08T14:20:00Z,66.3524,66.3828,66.3512,66.3816,21639,true
ZSMPF,2026-09-08T14:25:00Z,66.3816,66.4694,66.3612,66.4489,14434,true
ZSMPF,2026-09-08T14:30:00Z,66.4489,66.5845,66.3984,66.534,17122,true
ZSMPF,2026-09-08T14:35:00Z,66.534,66.6025,66.4293,66.4978,12667,true
ZSMPF,2026-09-08T14:40:00Z,66.4978,66.5234,66.4198,66.4454,10235,true
ZSMPF,2026-09-08T14:45:00Z,66.4454,66.4655,66.4034,66.4235,13282,true
ZSMPF,2026-09-08T14:50:00Z,66.4235,66.4427,66.2431,66.2623,19279,true
ZSMPF,2026-09-08T14:55:00Z,66.2623,66.3887,66.2045,66.3309,17321,true
ZSMPF,2026-09-08T15:00:00Z,66.3309,66.3925,66.317,66.3786,20125,true
ZSMPF,2026-09-08T15:05:00Z,66.3786,66.4142,66.3776,66.4132,24338,true
ZSMPF,2026-09-08T15:10:00Z,66.4132,66.4471,66.3396,66.3735,17182,true
ZSMPF,2026-09-08T15:15:00Z,66.3735,66.4406,66.3282,66.3954,31373,true
ZSMPF,2026-09-08T15:20:00Z,66.3954,66.4067,66.2825,66.2938,13528,true
ZSMPF,2026-09-08T15:25:00Z,66.2938,66.3352,66.2242,66.2656,21113,true
ZSMPF,2026-09-08T15:30:00Z,66.2656,66.3298,66.2269,66.2911,14831,true
ZSMPF,2026-09-08T15:35:00Z,66.2911,66.4712,66.278,66.4581,13620,true
ZSMPF,2026-09-08T15:40:00Z,66.4581,66.4752,66.4342,66.4513,13364,true
ZSMPF,2026-09-08T15:45:00Z,66.4513,66.4707,66.4134,66.4327,14933,true
ZSMPF,2026-09-08T15:50:00Z,66.4327,66.4578,66.3969,66.422,27233,true
ZSMPF,2026-09-08T15:55:00Z,66.422,66.5381,66.3966,66.5127,25294,true
ZSMPF,2026-09-08T16:00:00Z,66.5127,66.6276,66.4364,66.5513,16647,true
ZSMPF,2026-09-08T16:05:00Z,66.5513,66.556,66.4562,66.4609,14686,true
ZSMPF,2026-09-08T16:10:00Z,66.4609,66.6175,66.4224,66.579,13314,true
ZSMPF,2026-09-08T16:15:00Z,66.579,66.6983,66.5546,66.6739,8138,true
ZSMPF,2026-09-08T16:20:00Z,66.6739,66.7662,66.5448,66.6371,12041,true
ZSMPF,2026-09-08T16:25:00Z,66.6371,66.6988,66.4952,66.5569,14974,true
ZSMPF,2026-09-08T16:30:00Z,66.5569,66.5813,66.4412,66.4656,18224,true
ZSMPF,2026-09-08T16:35:00Z,66.4656,66.5242,66.2889,66.3475,9888,true
ZSMPF,2026-09-08T16:40:00Z,66.3475,66.3893,66.342,66.3838,16206,true
ZSMPF,2026-09-08T16:45:00Z,66.3838,66.4694,66.367,66.4526,18414,true
ZSMPF,2026-09-08T16:50:00Z,66.4526,66.5365,66.4446,66.5284,18401,true
ZSMPF,2026-09-08T16:55:00Z,66.5284,66.6614,66.4971,66.6301,11663,true
ZSMPF,2026-09-08T17:00:00Z,66.6301,66.6781,66.5697,66.6177,22419,true
ZSMPF,2026-09-08T17:05:00Z,66.6177,66.6343,66.6125,66.629,19496,true
ZSMPF,2026-09-08T17:10:00Z,66.629,66.668,66.5434,66.5824,11111,true
ZSMPF,2026-09-08T17:15:00Z,66.5824,66.5918,66.4971,66.5065,22575,true
ZSMPF,2026-09-08T17:20:00Z,66.5065,66.5289,66.4546,66.4769,12260,true
ZSMPF,2026-09-08T17:25:00Z,66.4769,66.6122,66.4307,66.566,10746,true
ZSMPF,2026-09-08T17:30:00Z,66.566,66.6958,66.5401,66.6699,19297,true
ZSMPF,2026-09-08T17:35:00Z,66.6699,66.6981,66.643,66.6712,13798,true
ZSMPF,2026-09-08T17:40:00Z,66.6712,66.7637,66.6398,66.7323,11958,true
ZSMPF,2026-09-08T17:45:00Z,66.7323,66.8001,66.7162,66.784,21251,true
ZSMPF,2026-09-08T17:50:00Z,66.784,66.8987,66.7683,66.883,27475,true
ZSMPF,2026-09-08T17:55:00Z,66.883,66.9014,66.7723,66.7906,29698,true
ZSMPF,2026-09-08T18:00:00Z,66.7906,66.8718,66.7313,66.8125,12233,true
ZSMPF,2026-09-08T18:05:00Z,66.8125,66.9297,66.811,66.9282,11384,true
ZSMPF,2026-09-08T18:10:00Z,66.9282,67.0261,66.9059,67.0039,13428,true
ZSMPF,2026-09-08T18:15:00Z,67.0039,67.0387,66.9623,66.9971,18504,true
ZSMPF,2026-09-08T18:20:00Z,66.9971,67.0357,66.8956,66.9341,25444,true
ZSMPF,2026-09-08T18:25:00Z,66.9341,66.935,66.8618,66.8627,18549,true
ZSMPF,2026-09-08T18:30:00Z,66.8627,66.9237,66.8327,66.8937,16012,true
ZSMPF,2026-09-08T18:35:00Z,66.8937,66.9253,66.8851,66.9167,17240,true
ZSMPF,2026-09-08T18:40:00Z,66.9167,66.9734,66.8589,66.9155,19549,true
ZSMPF,2026-09-08T18:45:00Z,66.9155,66.9373,66.8634,66.8852,13738,true
ZSMPF,2026-09-08T18:50:00Z,66.8852,66.9343,66.8715,66.9206,23316,true
ZSMPF,2026-09-08T18:55:00Z,66.9206,67.0411,66.9128,67.0334,11334,true
ZSMPF,2026-09-08T19:00:00Z,67.0334,67.0787,66.9025,66.9478,20677,true
ZSMPF,2026-09-08T19:05:00Z,66.9478,66.9545,66.8281,66.8349,19286,true
ZSMPF,2026-09-08T19:10:00Z,66.8349,66.8373,66.7895,66.7919,13299,true
ZSMPF,2026-09-08T19:15:00Z,66.7919,66.8068,66.7426,66.7575,14017,true
ZSMPF,2026-09-08T19:20:00Z,66.7575,66.7978,66.6138,66.6541,19173,true
ZSMPF,2026-09-08T19:25:00Z,66.6541,66.6589,66.5366,66.5415,20460,true
ZSMPF,2026-09-08T19:30:00Z,66.5415,66.6951,66.5371,66.6908,19415,true
ZSMPF,2026-09-08T19:35:00Z,66.6908,66.7476,66.6337,66.6905,29896,true
ZSMPF,2026-09-08T19:40:00Z,66.6905,66.7696,66.6198,66.6989,27569,true
ZSMPF,2026-09-08T19:45:00Z,66.6989,66.7371,66.6935,66.7317,22457,true
ZSMPF,2026-09-08T19:50:00Z,66.7317,66.7345,66.72,66.7228,17616,true
ZSMPF,2026-09-08T19:55:00Z,66.7228,66.7967,66.5521,66.6261,32523,true
ZSMPF,2026-09-09T13:30:00Z,66.6261,66.8225,66.5869,66.7833,41339,true
ZSMPF,2026-09-09T13:35:00Z,66.7833,66.8896,66.7454,66.8518,21424,true
ZSMPF,2026-09-09T13:40:00Z,66.8518,66.8601,66.7374,66.7458,32435,true
ZSMPF,2026-09-09T13:45:00Z,66.7458,66.7552,66.7084,66.7179,28050,true
ZSMPF,2026-09-09T13:50:00Z,66.7179,66.8159,66.6737,66.7718,29351,true
ZSMPF,2026-09-09T13:55:00Z,66.7718,66.8144,66.7345,66.7771,45557,true
ZSMPF,2026-09-09T14:00:00Z,66.7771,66.9066,66.7542,66.8838,20855,true
ZSMPF,2026-09-09T14:05:00Z,66.8838,66.9321,66.8403,66.8886,16960,true
ZSMPF,2026-09-09T14:10:00Z,66.8886,66.8936,66.8214,66.8264,26648,true
ZSMPF,2026-09-09T14:15:00Z,66.8264,66.8341,66.7832,66.7909,16916,true
ZSMPF,2026-09-09T14:20:00Z,66.7909,66.9208,66.7789,66.9088,25831,true
ZSMPF,2026-09-09T14:25:00Z,66.9088,66.9837,66.8779,66.9529,22547,true
ZSMPF,2026-09-09T14:30:00Z,66.9529,67.0474,66.923,67.0175,24993,true
ZSMPF,2026-09-09T14:35:00Z,67.0175,67.0516,66.9174,66.9515,19225,true
ZSMPF,2026-09-09T14:40:00Z,66.9515,66.9599,66.8117,66.8202,13209,true
ZSMPF,2026-09-09T14:45:00Z,66.8202,66.8664,66.7696,66.8158,8927,true
ZSMPF,2026-09-09T14:50:00Z,66.8158,66.8366,66.7995,66.8203,14033,true
ZSMPF,2026-09-09T14:55:00Z,66.8203,66.8925,66.6883,66.7604,14328,true
ZSMPF,2026-09-09T15:00:00Z,66.7604,66.8019,66.7531,66.7945,19928,true
ZSMPF,2026-09-09T15:05:00Z,66.7945,66.8978,66.7833,66.8866,17011,true
ZSMPF,2026-09-09T15:10:00Z,66.8866,66.9477,66.8739,66.935,21709,true
ZSMPF,2026-09-09T15:15:00Z,66.935,67.0411,66.8877,66.9938,18989,true
ZSMPF,2026-09-09T15:20:00Z,66.9938,66.9952,66.9691,66.9705,31270,true
ZSMPF,2026-09-09T15:25:00Z,66.9705,67.0349,66.9099,66.9743,12613,true
ZSMPF,2026-09-09T15:30:00Z,66.9743,67.0312,66.9414,66.9983,10276,true
ZSMPF,2026-09-09T15:35:00Z,66.9983,67.0267,66.9675,66.996,27180,true
ZSMPF,2026-09-09T15:40:00Z,66.996,67.1968,66.9513,67.1521,11578,true
ZSMPF,2026-09-09T15:45:00Z,67.1521,67.2235,67.1257,67.1971,9518,true
ZSMPF,2026-09-09T15:50:00Z,67.1971,67.2166,67.0815,67.101,22425,true
ZSMPF,2026-09-09T15:55:00Z,67.101,67.1556,67.0508,67.1054,13007,true
ZSMPF,2026-09-09T16:00:00Z,67.1054,67.1606,67.0748,67.13,24308,true
ZSMPF,2026-09-09T16:05:00Z,67.13,67.2101,67.0865,67.1667,16853,true
ZSMPF,2026-09-09T16:10:00Z,67.1667,67.2227,67.1441,67.2001,14504,true
ZSMPF,2026-09-09T16:15:00Z,67.2001,67.2412,67.1918,67.2329,14765,true
ZSMPF,2026-09-09T16:20:00Z,67.2329,67.2571,67.1666,67.1908,20225,true
ZSMPF,2026-09-09T16:25:00Z,67.1908,67.2397,67.0916,67.1405,15189,true
ZSMPF,2026-09-09T16:30:00Z,67.1405,67.1835,67.1153,67.1583,12880,true
ZSMPF,2026-09-09T16:35:00Z,67.1583,67.2568,67.1527,67.2512,14309,true
ZSMPF,2026-09-09T16:40:00Z,67.2512,67.3246,67.0638,67.1372,22623,true
ZSMPF,2026-09-09T16:45:00Z,67.1372,67.1396,67.1187,67.1211,13357,true
ZSMPF,2026-09-09T16:50:00Z,67.1211,67.1609,67.0895,67.1293,15582,true
ZSMPF,2026-09-09T16:55:00Z,67.1293,67.1926,67.1273,67.1906,12458,true
ZSMPF,2026-09-09T17:00:00Z,67.1906,67.1908,67.155,67.1552,11797,true
ZSMPF,2026-09-09T17:05:00Z,67.1552,67.1896,66.9621,66.9965,15152,true
ZSMPF,2026-09-09T17:10:00Z,66.9965,67.0439,66.9116,66.9589,15942,true
ZSMPF,2026-09-09T17:15:00Z,66.9589,67.033,66.939,67.013,10854,true
ZSMPF,2026-09-09T17:20:00Z,67.013,67.126,66.9742,67.0872,16907,true
ZSMPF,2026-09-09T17:25:00Z,67.0872,67.1183,67.0219,67.053,10872,true
ZSMPF,2026-09-09T17:30:00Z,67.053,67.1638,66.9913,67.102,13825,true
ZSMPF,2026-09-09T17:35:00Z,67.102,67.1074,67.0828,67.0881,9398,true
ZSMPF,2026-09-09T17:40:00Z,67.0881,67.1185,67.0122,67.0425,10149,true
ZSMPF,2026-09-09T17:45:00Z,67.0425,67.1565,67.0144,67.1284,13554,true
ZSMPF,2026-09-09T17:50:00Z,67.1284,67.1436,67.0696,67.0848,19650,true
ZSMPF,2026-09-09T17:55:00Z,67.0848,67.2192,67.0605,67.1948,17100,true
ZSMPF,2026-09-09T18:00:00Z,67.1948,67.2407,67.0435,67.0893,14816,true
ZSMPF,2026-09-09T18:05:00Z,67.0893,67.2027,67.0686,67.1819,15834,true
ZSMPF,2026-09-09T18:10:00Z,67.1819,67.2805,67.1376,67.2362,13282,true
ZSMPF,2026-09-09T18:15:00Z,67.2362,67.2386,67.1889,67.1913,25072,true
ZSMPF,2026-09-09T18:20:00Z,67.1913,67.3874,67.1651,67.3612,11507,true
ZSMPF,2026-09-09T18:25:00Z,67.3612,67.4279,67.3482,67.4148,22215,true
ZSMPF,2026-09-09T18:30:00Z,67.4148,67.431,67.3935,67.4096,16755,true
ZSMPF,2026-09-09T18:35:00Z,67.4096,67.4963,67.371,67.4577,12547,true
ZSMPF,2026-09-09T18:40:00Z,67.4577,67.5239,67.4476,67.5138,14084,true
ZSMPF,2026-09-09T18:45:00Z,67.5138,67.581,67.4613,67.5284,17899,true
ZSMPF,2026-09-09T18:50:00Z,67.5284,67.5813,67.3794,67.4323,15650,true
ZSMPF,2026-09-09T18:55:00Z,67.4323,67.4505,67.4081,67.4263,20445,true
ZSMPF,2026-09-09T19:00:00Z,67.4263,67.5525,67.4197,67.5459,16973,true
ZSMPF,2026-09-09T19:05:00Z,67.5459,67.6373,67.5323,67.6238,19511,true
ZSMPF,2026-09-09T19:10:00Z,67.6238,67.6337,67.6084,67.6183,11315,true
ZSMPF,2026-09-09T19:15:00Z,67.6183,67.6633,67.5776,67.6226,19315,true
ZSMPF,2026-09-09T19:20:00Z,67.6226,67.6518,67.6046,67.6337,32682,true
ZSMPF,2026-09-09T19:25:00Z,67.6337,67.6654,67.5107,67.5424,18089,true
ZSMPF,2026-09-09T19:30:00Z,67.5424,67.5769,67.4908,67.5253,17136,true
ZSMPF,2026-09-09T19:35:00Z,67.5253,67.5297,67.4692,67.4736,23378,true
ZSMPF,2026-09-09T19:40:00Z,67.4736,67.5189,67.3754,67.4207,24100,true
ZSMPF,2026-09-09T19:45:00Z,67.4207,67.4753,67.4042,67.4588,41920,true
ZSMPF,2026-09-09T19:50:00Z,67.4588,67.4811,67.35,67.3724,22023,true
ZSMPF,2026-09-09T19:55:00Z,67.3724,67.3798,67.3487,67.356,23556,true
ZSMPF,2026-09-10T13:30:00Z,67.356,67.4098,67.2383,67.2921,41613,true
ZSMPF,2026-09-10T13:35:00Z,67.2921,67.4029,67.271,67.3818,38624,true
ZSMPF,2026-09-10T13:40:00Z,67.3818,67.5173,67.3555,67.4909,43324,true
ZSMPF,2026-09-10T13:45:00Z,67.4909,67.5039,67.4289,67.4419,29345,true
ZSMPF,2026-09-10T13:50:00Z,67.4419,67.4555,67.3636,67.3772,30729,true
ZSMPF,2026-09-10T13:55:00Z,67.3772,67.4797,67.3568,67.4593,25732,true
ZSMPF,2026-09-10T14:00:00Z,67.4593,67.5569,67.439,67.5366,24769,true
ZSMPF,2026-09-10T14:05:00Z,67.5366,67.6507,67.526,67.6401,20493,true
ZSMPF,2026-09-10T14:10:00Z,67.6401,67.6647,67.6209,67.6456,14013,true
ZSMPF,2026-09-10T14:15:00Z,67.6456,67.6684,67.5625,67.5853,19869,true
ZSMPF,2026-09-10T14:20:00Z,67.5853,67.5986,67.4949,67.5082,14191,true
ZSMPF,2026-09-10T14:25:00Z,67.5082,67.5583,67.4998,67.5498,15839,true
ZSMPF,2026-09-10T14:30:00Z,67.5498,67.6384,67.5375,67.6261,15242,true
ZSMPF,2026-09-10T14:35:00Z,67.6261,67.6299,67.5693,67.5731,17337,true
ZSMPF,2026-09-10T14:40:00Z,67.5731,67.6364,67.5335,67.5968,18195,true
ZSMPF,2026-09-10T14:45:00Z,67.5968,67.6376,67.492,67.5328,25065,true
ZSMPF,2026-09-10T14:50:00Z,67.5328,67.5746,67.5126,67.5544,17075,true
ZSMPF,2026-09-10T14:55:00Z,67.5544,67.5997,67.4341,67.4793,20540,true
ZSMPF,2026-09-10T15:00:00Z,67.4793,67.5224,67.4576,67.5007,16678,true
ZSMPF,2026-09-10T15:05:00Z,67.5007,67.6366,67.4819,67.6179,16605,true
ZSMPF,2026-09-10T15:10:00Z,67.6179,67.6769,67.5706,67.6296,23537,true
ZSMPF,2026-09-10T15:15:00Z,67.6296,67.6834,67.5667,67.6205,14228,true
ZSMPF,2026-09-10T15:20:00Z,67.6205,67.65,67.4763,67.5057,12281,true
ZSMPF,2026-09-10T15:25:00Z,67.5057,67.5189,67.418,67.4312,17684,true
ZSMPF,2026-09-10T15:30:00Z,67.4312,67.4386,67.3531,67.3605,13513,true
ZSMPF,2026-09-10T15:35:00Z,67.3605,67.4012,67.3496,67.3903,13701,true
ZSMPF,2026-09-10T15:40:00Z,67.3903,67.4166,67.2716,67.2979,14933,true
ZSMPF,2026-09-10T15:45:00Z,67.2979,67.329,67.2763,67.3074,13140,true
ZSMPF,2026-09-10T15:50:00Z,67.3074,67.3343,67.2091,67.236,16827,true
ZSMPF,2026-09-10T15:55:00Z,67.236,67.4256,67.2078,67.3975,12622,true
ZSMPF,2026-09-10T16:00:00Z,67.3975,67.4648,67.3665,67.4338,12167,true
ZSMPF,2026-09-10T16:05:00Z,67.4338,67.4519,67.3503,67.3684,10702,true
ZSMPF,2026-09-10T16:10:00Z,67.3684,67.5008,67.0529,67.1853,18143,true
ZSMPF,2026-09-10T16:15:00Z,67.1853,67.3598,67.0694,67.2438,33144,true
ZSMPF,2026-09-10T16:20:00Z,67.2438,67.266,67.1985,67.2206,15583,true
ZSMPF,2026-09-10T16:25:00Z,67.2206,67.3506,67.162,67.2919,9878,true
ZSMPF,2026-09-10T16:30:00Z,67.2919,67.3867,67.2876,67.3824,15315,true
ZSMPF,2026-09-10T16:35:00Z,67.3824,67.3952,67.2845,67.2973,15632,true
ZSMPF,2026-09-10T16:40:00Z,67.2973,67.3387,67.2876,67.329,14202,true
ZSMPF,2026-09-10T16:45:00Z,67.329,67.3605,67.3264,67.358,9097,true
ZSMPF,2026-09-10T16:50:00Z,67.358,67.3636,67.3111,67.3168,13908,true
ZSMPF,2026-09-10T16:55:00Z,67.3168,67.3233,67.2129,67.2194,17767,true
ZSMPF,2026-09-10T17:00:00Z,67.2194,67.2554,67.1328,67.1688,13696,true
ZSMPF,2026-09-10T17:05:00Z,67.1688,67.3301,67.1313,67.2925,14130,true
ZSMPF,2026-09-10T17:10:00Z,67.2925,67.2985,67.2127,67.2187,18202,true
ZSMPF,2026-09-10T17:15:00Z,67.2187,67.2473,67.207,67.2356,14730,true
ZSMPF,2026-09-10T17:20:00Z,67.2356,67.2422,67.224,67.2306,15582,true
ZSMPF,2026-09-10T17:25:00Z,67.2306,67.2532,67.2173,67.2399,12318,true
ZSMPF,2026-09-10T17:30:00Z,67.2399,67.2513,67.0556,67.067,14440,true
ZSMPF,2026-09-10T17:35:00Z,67.067,67.0974,67.0301,67.0605,12147,true
ZSMPF,2026-09-10T17:40:00Z,67.0605,67.1601,66.988,67.0876,14431,true
ZSMPF,2026-09-10T17:45:00Z,67.0876,67.1188,67.0249,67.0561,19686,true
ZSMPF,2026-09-10T17:50:00Z,67.0561,67.0699,66.9691,66.983,18468,true
ZSMPF,2026-09-10T17:55:00Z,66.983,67.034,66.9669,67.0179,12918,true
ZSMPF,2026-09-10T18:00:00Z,67.0179,67.0245,66.9759,66.9826,16733,true
ZSMPF,2026-09-10T18:05:00Z,66.9826,66.9948,66.9643,66.9765,17992,true
ZSMPF,2026-09-10T18:10:00Z,66.9765,66.98,66.8758,66.8794,15224,true
ZSMPF,2026-09-10T18:15:00Z,66.8794,66.8923,66.8335,66.8465,13457,true
ZSMPF,2026-09-10T18:20:00Z,66.8465,66.9033,66.8331,66.8899,14933,true
ZSMPF,2026-09-10T18:25:00Z,66.8899,66.9581,66.8864,66.9545,10505,true
ZSMPF,2026-09-10T18:30:00Z,66.9545,66.9775,66.9536,66.9765,10097,true
ZSMPF,2026-09-10T18:35:00Z,66.9765,67.1082,66.9447,67.0764,8456,true
ZSMPF,2026-09-10T18:40:00Z,67.0764,67.2709,67.0041,67.1985,16525,true
ZSMPF,2026-09-10T18:45:00Z,67.1985,67.2765,67.1275,67.2054,8699,true
ZSMPF,2026-09-10T18:50:00Z,67.2054,67.3183,67.1969,67.3098,12226,true
ZSMPF,2026-09-10T18:55:00Z,67.3098,67.3828,67.3046,67.3776,15474,true
ZSMPF,2026-09-10T19:00:00Z,67.3776,67.4865,67.3735,67.4824,17720,true
ZSMPF,2026-09-10T19:05:00Z,67.4824,67.5293,67.415,67.4619,19772,true
ZSMPF,2026-09-10T19:10:00Z,67.4619,67.5481,67.446,67.5321,13220,true
ZSMPF,2026-09-10T19:15:00Z,67.5321,67.5417,67.4512,67.4607,19459,true
ZSMPF,2026-09-10T19:20:00Z,67.4607,67.5851,67.4427,67.5671,23326,true
ZSMPF,2026-09-10T19:25:00Z,67.5671,67.5703,67.5643,67.5675,26847,true
ZSMPF,2026-09-10T19:30:00Z,67.5675,67.6035,67.5095,67.5455,24357,true
ZSMPF,2026-09-10T19:35:00Z,67.5455,67.572,67.4309,67.4574,25266,true
ZSMPF,2026-09-10T19:40:00Z,67.4574,67.4925,67.4498,67.4849,22074,true
ZSMPF,2026-09-10T19:45:00Z,67.4849,67.5071,67.4729,67.4951,13791,true
ZSMPF,2026-09-10T19:50:00Z,67.4951,67.5706,67.4865,67.5621,53839,true
ZSMPF,2026-09-10T19:55:00Z,67.5621,67.5723,67.4908,67.501,20549,true
ZSMPF,2026-09-11T13:30:00Z,67.501,67.5616,67.4511,67.5117,29758,true
ZSMPF,2026-09-11T13:35:00Z,67.5117,67.5621,67.4559,67.5063,27564,true
ZSMPF,2026-09-11T13:40:00Z,67.5063,67.5832,67.4314,67.5082,32779,true
ZSMPF,2026-09-11T13:45:00Z,67.5082,67.5583,67.4136,67.4637,39381,true
ZSMPF,2026-09-11T13:50:00Z,67.4637,67.6045,67.4367,67.5775,39064,true
ZSMPF,2026-09-11T13:55:00Z,67.5775,67.6588,67.5023,67.5836,20017,true
ZSMPF,2026-09-11T14:00:00Z,67.5836,67.6235,67.5522,67.5921,27376,true
ZSMPF,2026-09-11T14:05:00Z,67.5921,67.679,67.5656,67.6525,24205,true
ZSMPF,2026-09-11T14:10:00Z,67.6525,67.719,67.6317,67.6982,24056,true
ZSMPF,2026-09-11T14:15:00Z,67.6982,67.7282,67.5959,67.6258,17465,true
ZSMPF,2026-09-11T14:20:00Z,67.6258,67.7313,67.5828,67.6883,21171,true
ZSMPF,2026-09-11T14:25:00Z,67.6883,67.8363,67.6649,67.813,14564,true
ZSMPF,2026-09-11T14:30:00Z,67.813,67.8698,67.739,67.7958,24673,true
ZSMPF,2026-09-11T14:35:00Z,67.7958,67.8264,67.7748,67.8054,21165,true
ZSMPF,2026-09-11T14:40:00Z,67.8054,67.8944,67.7166,67.8057,22911,true
ZSMPF,2026-09-11T14:45:00Z,67.8057,67.8693,67.783,67.8466,11751,true
ZSMPF,2026-09-11T14:50:00Z,67.8466,67.877,67.7231,67.7534,11704,true
ZSMPF,2026-09-11T14:55:00Z,67.7534,67.7768,67.6985,67.7219,10761,true
ZSMPF,2026-09-11T15:00:00Z,67.7219,67.768,67.6788,67.7249,13788,true
ZSMPF,2026-09-11T15:05:00Z,67.7249,67.7487,67.6262,67.65,15747,true
ZSMPF,2026-09-11T15:10:00Z,67.65,67.6601,67.5649,67.575,17540,true
ZSMPF,2026-09-11T15:15:00Z,67.575,67.5883,67.5584,67.5716,11881,true
ZSMPF,2026-09-11T15:20:00Z,67.5716,67.6008,67.3536,67.3828,14951,true
ZSMPF,2026-09-11T15:25:00Z,67.3828,67.3893,67.2997,67.3062,11479,true
ZSMPF,2026-09-11T15:30:00Z,67.3062,67.3189,67.2749,67.2876,22442,true
ZSMPF,2026-09-11T15:35:00Z,67.2876,67.3574,67.2721,67.342,14902,true
ZSMPF,2026-09-11T15:40:00Z,67.342,67.3701,67.3247,67.3529,19091,true
ZSMPF,2026-09-11T15:45:00Z,67.3529,67.3603,67.2982,67.3056,13709,true
ZSMPF,2026-09-11T15:50:00Z,67.3056,67.3298,67.1637,67.1878,13539,true
ZSMPF,2026-09-11T15:55:00Z,67.1878,67.2714,67.1784,67.2619,14472,true
ZSMPF,2026-09-11T16:00:00Z,67.2619,67.268,67.2502,67.2563,28168,true
ZSMPF,2026-09-11T16:05:00Z,67.2563,67.2571,67.2206,67.2214,15350,true
ZSMPF,2026-09-11T16:10:00Z,67.2214,67.2296,67.1818,67.1899,16005,true
ZSMPF,2026-09-11T16:15:00Z,67.1899,67.2064,67.1761,67.1926,18661,true
ZSMPF,2026-09-11T16:20:00Z,67.1926,67.3036,67.1566,67.2676,9657,true
ZSMPF,2026-09-11T16:25:00Z,67.2676,67.2972,67.2653,67.2949,11022,true
ZSMPF,2026-09-11T16:30:00Z,67.2949,67.318,67.2489,67.2719,15871,true
ZSMPF,2026-09-11T16:35:00Z,67.2719,67.3133,67.222,67.2634,21019,true
ZSMPF,2026-09-11T16:40:00Z,67.2634,67.277,67.1332,67.1468,18761,true
ZSMPF,2026-09-11T16:45:00Z,67.1468,67.2306,67.1371,67.2209,15546,true
ZSMPF,2026-09-11T16:50:00Z,67.2209,67.3325,67.1955,67.3071,14174,true
ZSMPF,2026-09-11T16:55:00Z,67.3071,67.3724,67.2756,67.3409,12212,true
ZSMPF,2026-09-11T17:00:00Z,67.3409,67.3426,67.2508,67.2525,25586,true
ZSMPF,2026-09-11T17:05:00Z,67.2525,67.3679,67.2319,67.3473,22947,true
ZSMPF,2026-09-11T17:10:00Z,67.3473,67.3642,67.3185,67.3354,10532,true
ZSMPF,2026-09-11T17:15:00Z,67.3354,67.4334,67.2516,67.3496,21361,true
ZSMPF,2026-09-11T17:20:00Z,67.3496,67.3883,67.3274,67.3661,23303,true
ZSMPF,2026-09-11T17:25:00Z,67.3661,67.3791,67.3473,67.3603,19842,true
ZSMPF,2026-09-11T17:30:00Z,67.3603,67.4285,67.3417,67.4098,14114,true
ZSMPF,2026-09-11T17:35:00Z,67.4098,67.5519,67.314,67.456,16244,true
ZSMPF,2026-09-11T17:40:00Z,67.456,67.4702,67.4522,67.4664,16822,true
ZSMPF,2026-09-11T17:45:00Z,67.4664,67.4917,67.4234,67.4487,17756,true
ZSMPF,2026-09-11T17:50:00Z,67.4487,67.5026,67.4201,67.474,15096,true
ZSMPF,2026-09-11T17:55:00Z,67.474,67.6231,67.4027,67.5517,17463,true
ZSMPF,2026-09-11T18:00:00Z,67.5517,67.6092,67.5496,67.6071,10229,true
ZSMPF,2026-09-11T18:05:00Z,67.6071,67.6122,67.5304,67.5354,12593,true
ZSMPF,2026-09-11T18:10:00Z,67.5354,67.5913,67.5182,67.5741,24020,true
ZSMPF,2026-09-11T18:15:00Z,67.5741,67.7089,67.5583,67.6931,13835,true
ZSMPF,2026-09-11T18:20:00Z,67.6931,67.7441,67.6336,67.6846,19842,true
ZSMPF,2026-09-11T18:25:00Z,67.6846,67.7035,67.6048,67.6238,16392,true
ZSMPF,2026-09-11T18:30:00Z,67.6238,67.8201,67.548,67.7444,20687,true
ZSMPF,2026-09-11T18:35:00Z,67.7444,67.7663,67.6462,67.6681,13690,true
ZSMPF,2026-09-11T18:40:00Z,67.6681,67.6856,67.6039,67.6214,33908,true
ZSMPF,2026-09-11T18:45:00Z,67.6214,67.6492,67.494,67.5218,11289,true
ZSMPF,2026-09-11T18:50:00Z,67.5218,67.7065,67.4498,67.6345,22731,true
ZSMPF,2026-09-11T18:55:00Z,67.6345,67.6726,67.5742,67.6123,13834,true
ZSMPF,2026-09-11T19:00:00Z,67.6123,67.6477,67.6121,67.6474,18908,true
ZSMPF,2026-09-11T19:05:00Z,67.6474,67.681,67.5768,67.6104,22547,true
ZSMPF,2026-09-11T19:10:00Z,67.6104,67.6628,67.6038,67.6561,17976,true
ZSMPF,2026-09-11T19:15:00Z,67.6561,67.6853,67.5568,67.5861,19467,true
ZSMPF,2026-09-11T19:20:00Z,67.5861,67.7132,67.5295,67.6567,26586,true
ZSMPF,2026-09-11T19:25:00Z,67.6567,67.7848,67.6334,67.7616,20922,true
ZSMPF,2026-09-11T19:30:00Z,67.7616,67.8872,67.7304,67.856,17708,true
ZSMPF,2026-09-11T19:35:00Z,67.856,67.8796,67.8367,67.8602,20705,true
ZSMPF,2026-09-11T19:40:00Z,67.8602,67.9084,67.8596,67.9078,21912,true
ZSMPF,2026-09-11T19:45:00Z,67.9078,68.0188,67.8733,67.9844,28179,true
ZSMPF,2026-09-11T19:50:00Z,67.9844,68.0914,67.9363,68.0434,34001,true
ZSMPF,2026-09-11T19:55:00Z,68.0434,68.0967,67.9933,68.0466,25154,true
ZSMPF,2026-09-14T13:30:00Z,68.0466,68.0607,67.9755,67.9896,38363,true
ZSMPF,2026-09-14T13:35:00Z,67.9896,68.0481,67.8338,67.8923,30931,true
ZSMPF,2026-09-14T13:40:00Z,67.8923,67.9724,67.8308,67.9109,45321,true
ZSMPF,2026-09-14T13:45:00Z,67.9109,67.9404,67.859,67.8885,33874,true
ZSMPF,2026-09-14T13:50:00Z,67.8885,67.9095,67.8604,67.8813,37106,true
ZSMPF,2026-09-14T13:55:00Z,67.8813,67.921,67.803,67.8427,22750,true
ZSMPF,2026-09-14T14:00:00Z,67.8427,67.8577,67.8384,67.8534,22404,true
ZSMPF,2026-09-14T14:05:00Z,67.8534,67.8823,67.7692,67.7981,18120,true
ZSMPF,2026-09-14T14:10:00Z,67.7981,67.8722,67.7973,67.8714,19162,true
ZSMPF,2026-09-14T14:15:00Z,67.8714,68.0081,67.8281,67.9648,26695,true
ZSMPF,2026-09-14T14:20:00Z,67.9648,68.0532,67.895,67.9834,16965,true
ZSMPF,2026-09-14T14:25:00Z,67.9834,68.0018,67.9628,67.9812,18837,true
ZSMPF,2026-09-14T14:30:00Z,67.9812,67.9834,67.9495,67.9517,19630,true
ZSMPF,2026-09-14T14:35:00Z,67.9517,67.9541,67.7889,67.7913,14740,true
ZSMPF,2026-09-14T14:40:00Z,67.7913,67.8287,67.7878,67.8251,16448,true
ZSMPF,2026-09-14T14:45:00Z,67.8251,67.8632,67.8173,67.8553,20723,true
ZSMPF,2026-09-14T14:50:00Z,67.8553,67.8705,67.7791,67.7943,17477,true
ZSMPF,2026-09-14T14:55:00Z,67.7943,67.7981,67.7062,67.71,13935,true
ZSMPF,2026-09-14T15:00:00Z,67.71,67.9087,67.6059,67.8045,15760,true
ZSMPF,2026-09-14T15:05:00Z,67.8045,67.8523,67.7646,67.8124,18844,true
ZSMPF,2026-09-14T15:10:00Z,67.8124,67.9284,67.7627,67.8787,6977,true
ZSMPF,2026-09-14T15:15:00Z,67.8787,67.926,67.8726,67.9199,9455,true
ZSMPF,2026-09-14T15:20:00Z,67.9199,68.0448,67.9106,68.0355,21275,true
ZSMPF,2026-09-14T15:25:00Z,68.0355,68.0958,68.0161,68.0764,15963,true
ZSMPF,2026-09-14T15:30:00Z,68.0764,68.1285,68.0613,68.1133,20259,true
ZSMPF,2026-09-14T15:35:00Z,68.1133,68.1735,68.0776,68.1377,13316,true
ZSMPF,2026-09-14T15:40:00Z,68.1377,68.1634,68.1114,68.1372,9935,true
ZSMPF,2026-09-14T15:45:00Z,68.1372,68.283,68.0942,68.2401,10257,true
ZSMPF,2026-09-14T15:50:00Z,68.2401,68.3435,68.2363,68.3397,15324,true
ZSMPF,2026-09-14T15:55:00Z,68.3397,68.394,68.3264,68.3807,19219,true
ZSMPF,2026-09-14T16:00:00Z,68.3807,68.4518,68.3571,68.4282,17943,true
ZSMPF,2026-09-14T16:05:00Z,68.4282,68.4856,68.3114,68.3688,9586,true
ZSMPF,2026-09-14T16:10:00Z,68.3688,68.4431,68.3272,68.4015,9752,true
ZSMPF,2026-09-14T16:15:00Z,68.4015,68.5141,68.3787,68.4912,13718,true
ZSMPF,2026-09-14T16:20:00Z,68.4912,68.4963,68.4748,68.4799,24763,true
ZSMPF,2026-09-14T16:25:00Z,68.4799,68.5172,68.4513,68.4886,24369,true
ZSMPF,2026-09-14T16:30:00Z,68.4886,68.5223,68.3324,68.3661,18267,true
ZSMPF,2026-09-14T16:35:00Z,68.3661,68.4063,68.2205,68.2606,13927,true
ZSMPF,2026-09-14T16:40:00Z,68.2606,68.3108,68.2527,68.303,13820,true
ZSMPF,2026-09-14T16:45:00Z,68.303,68.3876,68.273,68.3576,15191,true
ZSMPF,2026-09-14T16:50:00Z,68.3576,68.3896,68.2291,68.2611,12558,true
ZSMPF,2026-09-14T16:55:00Z,68.2611,68.4238,68.2053,68.368,15872,true
ZSMPF,2026-09-14T17:00:00Z,68.368,68.4999,68.3234,68.4553,14918,true
ZSMPF,2026-09-14T17:05:00Z,68.4553,68.4984,68.4477,68.4908,15221,true
ZSMPF,2026-09-14T17:10:00Z,68.4908,68.5991,68.4783,68.5866,11573,true
ZSMPF,2026-09-14T17:15:00Z,68.5866,68.6621,68.5098,68.5853,19271,true
ZSMPF,2026-09-14T17:20:00Z,68.5853,68.6541,68.4154,68.4842,10680,true
ZSMPF,2026-09-14T17:25:00Z,68.4842,68.5152,68.4347,68.4658,17343,true
ZSMPF,2026-09-14T17:30:00Z,68.4658,68.5259,68.4287,68.4888,17189,true
ZSMPF,2026-09-14T17:35:00Z,68.4888,68.5594,68.4516,68.5223,13816,true
ZSMPF,2026-09-14T17:40:00Z,68.5223,68.5478,68.4995,68.5251,19559,true
ZSMPF,2026-09-14T17:45:00Z,68.5251,68.5492,68.4488,68.4728,14500,true
ZSMPF,2026-09-14T17:50:00Z,68.4728,68.556,68.3882,68.4714,13670,true
ZSMPF,2026-09-14T17:55:00Z,68.4714,68.5786,68.4392,68.5464,16733,true
ZSMPF,2026-09-14T18:00:00Z,68.5464,68.583,68.4092,68.4458,17119,true
ZSMPF,2026-09-14T18:05:00Z,68.4458,68.4559,68.3837,68.3938,15463,true
ZSMPF,2026-09-14T18:10:00Z,68.3938,68.4459,68.3682,68.4203,14184,true
ZSMPF,2026-09-14T18:15:00Z,68.4203,68.6219,68.3666,68.5682,12841,true
ZSMPF,2026-09-14T18:20:00Z,68.5682,68.5754,68.4255,68.4327,9675,true
ZSMPF,2026-09-14T18:25:00Z,68.4327,68.4577,68.4215,68.4466,15922,true
ZSMPF,2026-09-14T18:30:00Z,68.4466,68.5447,68.3742,68.4723,9424,true
ZSMPF,2026-09-14T18:35:00Z,68.4723,68.5235,68.436,68.4872,15310,true
ZSMPF,2026-09-14T18:40:00Z,68.4872,68.4906,68.4603,68.4636,15284,true
ZSMPF,2026-09-14T18:45:00Z,68.4636,68.5446,68.4404,68.5214,19735,true
ZSMPF,2026-09-14T18:50:00Z,68.5214,68.5453,68.4978,68.5217,16892,true
ZSMPF,2026-09-14T18:55:00Z,68.5217,68.5481,68.5006,68.5269,12917,true
ZSMPF,2026-09-14T19:00:00Z,68.5269,68.563,68.4668,68.5028,13683,true
ZSMPF,2026-09-14T19:05:00Z,68.5028,68.6369,68.4399,68.574,15564,true
ZSMPF,2026-09-14T19:10:00Z,68.574,68.5899,68.5256,68.5415,26564,true
ZSMPF,2026-09-14T19:15:00Z,68.5415,68.6288,68.5323,68.6197,20683,true
ZSMPF,2026-09-14T19:20:00Z,68.6197,68.6345,68.5143,68.5291,11764,true
ZSMPF,2026-09-14T19:25:00Z,68.5291,68.6562,68.5147,68.6417,22509,true
ZSMPF,2026-09-14T19:30:00Z,68.6417,68.7699,68.5793,68.7074,25214,true
ZSMPF,2026-09-14T19:35:00Z,68.7074,68.8052,68.6767,68.7745,31565,true
ZSMPF,2026-09-14T19:40:00Z,68.7745,68.7843,68.7102,68.7201,13719,true
ZSMPF,2026-09-14T19:45:00Z,68.7201,68.8516,68.7121,68.8436,28828,true
ZSMPF,2026-09-14T19:50:00Z,68.8436,68.9339,68.8286,68.9189,30636,true
ZSMPF,2026-09-14T19:55:00Z,68.9189,69.0083,68.9074,68.9968,44186,true
ZSMPF,2026-09-15T13:30:00Z,68.9968,69.0253,68.9354,68.9639,68475,true
ZSMPF,2026-09-15T13:35:00Z,68.9639,68.9823,68.8522,68.8705,33155,true
ZSMPF,2026-09-15T13:40:00Z,68.8705,68.8809,68.8489,68.8592,48734,true
ZSMPF,2026-09-15T13:45:00Z,68.8592,68.8663,68.7923,68.7993,27318,true
ZSMPF,2026-09-15T13:50:00Z,68.7993,68.8768,68.7529,68.8304,18896,true
ZSMPF,2026-09-15T13:55:00Z,68.8304,68.865,68.757,68.7916,28877,true
ZSMPF,2026-09-15T14:00:00Z,68.7916,68.9145,68.7882,68.9111,24714,true
ZSMPF,2026-09-15T14:05:00Z,68.9111,68.9516,68.8641,68.9047,21575,true
ZSMPF,2026-09-15T14:10:00Z,68.9047,68.9564,68.7817,68.8334,15768,true
ZSMPF,2026-09-15T14:15:00Z,68.8334,68.995,68.7762,68.9377,35296,true
ZSMPF,2026-09-15T14:20:00Z,68.9377,68.9432,68.9367,68.9422,20552,true
ZSMPF,2026-09-15T14:25:00Z,68.9422,69.0008,68.8971,68.9557,20817,true
ZSMPF,2026-09-15T14:30:00Z,68.9557,68.9634,68.951,68.9586,12348,true
ZSMPF,2026-09-15T14:35:00Z,68.9586,68.9772,68.9218,68.9403,21263,true
ZSMPF,2026-09-15T14:40:00Z,68.9403,68.9573,68.9142,68.9312,18533,true
ZSMPF,2026-09-15T14:45:00Z,68.9312,69.0912,68.872,69.032,11801,true
ZSMPF,2026-09-15T14:50:00Z,69.032,69.0361,68.8863,68.8904,15425,true
ZSMPF,2026-09-15T14:55:00Z,68.8904,69.0846,68.8239,69.0181,16599,true
ZSMPF,2026-09-15T15:00:00Z,69.0181,69.086,68.993,69.0609,17757,true
ZSMPF,2026-09-15T15:05:00Z,69.0609,69.086,68.9556,68.9808,15425,true
ZSMPF,2026-09-15T15:10:00Z,68.9808,68.9882,68.8518,68.8592,7515,true
ZSMPF,2026-09-15T15:15:00Z,68.8592,68.8805,68.779,68.8002,22804,true
ZSMPF,2026-09-15T15:20:00Z,68.8002,68.8406,68.7141,68.7545,22112,true
ZSMPF,2026-09-15T15:25:00Z,68.7545,68.927,68.7343,68.9068,13470,true
ZSMPF,2026-09-15T15:30:00Z,68.9068,68.9222,68.885,68.9004,11919,true
ZSMPF,2026-09-15T15:35:00Z,68.9004,68.9274,68.789,68.816,13733,true
ZSMPF,2026-09-15T15:40:00Z,68.816,68.9252,68.7445,68.8538,20328,true
ZSMPF,2026-09-15T15:45:00Z,68.8538,69.009,68.846,69.0013,11664,true
ZSMPF,2026-09-15T15:50:00Z,69.0013,69.0024,68.9812,68.9823,13396,true
ZSMPF,2026-09-15T15:55:00Z,68.9823,69.0121,68.952,68.9817,21222,true
ZSMPF,2026-09-15T16:00:00Z,68.9817,69.0474,68.9562,69.0218,23610,true
ZSMPF,2026-09-15T16:05:00Z,69.0218,69.041,68.8954,68.9146,14973,true
ZSMPF,2026-09-15T16:10:00Z,68.9146,68.9326,68.8918,68.9098,12642,true
ZSMPF,2026-09-15T16:15:00Z,68.9098,68.9331,68.8616,68.8849,13341,true
ZSMPF,2026-09-15T16:20:00Z,68.8849,68.9829,68.8468,68.9447,16019,true
ZSMPF,2026-09-15T16:25:00Z,68.9447,68.9611,68.8331,68.8495,9889,true
ZSMPF,2026-09-15T16:30:00Z,68.8495,68.8594,68.8412,68.8511,17376,true
ZSMPF,2026-09-15T16:35:00Z,68.8511,68.8562,68.777,68.7821,19233,true
ZSMPF,2026-09-15T16:40:00Z,68.7821,68.8622,68.7742,68.8543,11534,true
ZSMPF,2026-09-15T16:45:00Z,68.8543,68.899,68.766,68.8108,23386,true
ZSMPF,2026-09-15T16:50:00Z,68.8108,68.8333,68.7776,68.8001,20262,true
ZSMPF,2026-09-15T16:55:00Z,68.8001,68.8076,68.7865,68.794,16957,true
ZSMPF,2026-09-15T17:00:00Z,68.794,68.7998,68.7849,68.7908,15069,true
ZSMPF,2026-09-15T17:05:00Z,68.7908,68.838,68.7766,68.8238,13229,true
ZSMPF,2026-09-15T17:10:00Z,68.8238,68.8286,68.5938,68.5986,20497,true
ZSMPF,2026-09-15T17:15:00Z,68.5986,68.6015,68.5704,68.5733,9171,true
ZSMPF,2026-09-15T17:20:00Z,68.5733,68.5994,68.4353,68.4614,12588,true
ZSMPF,2026-09-15T17:25:00Z,68.4614,68.5018,68.4135,68.4539,13224,true
ZSMPF,2026-09-15T17:30:00Z,68.4539,68.5088,68.4171,68.4721,14295,true
ZSMPF,2026-09-15T17:35:00Z,68.4721,68.5336,68.4095,68.4711,13781,true
ZSMPF,2026-09-15T17:40:00Z,68.4711,68.5403,68.4644,68.5336,15559,true
ZSMPF,2026-09-15T17:45:00Z,68.5336,68.647,68.5155,68.6288,10597,true
ZSMPF,2026-09-15T17:50:00Z,68.6288,68.6623,68.6028,68.6362,11350,true
ZSMPF,2026-09-15T17:55:00Z,68.6362,68.6751,68.4689,68.5078,14274,true
ZSMPF,2026-09-15T18:00:00Z,68.5078,68.6078,68.4749,68.5749,13576,true
ZSMPF,2026-09-15T18:05:00Z,68.5749,68.7457,68.5118,68.6826,20266,true
ZSMPF,2026-09-15T18:10:00Z,68.6826,68.7614,68.6648,68.7436,18301,true
ZSMPF,2026-09-15T18:15:00Z,68.7436,68.8596,68.7032,68.8192,15228,true
ZSMPF,2026-09-15T18:20:00Z,68.8192,68.8816,68.7966,68.859,12730,true
ZSMPF,2026-09-15T18:25:00Z,68.859,68.881,68.8106,68.8326,14253,true
ZSMPF,2026-09-15T18:30:00Z,68.8326,68.8629,68.8317,68.862,17068,true
ZSMPF,2026-09-15T18:35:00Z,68.862,68.9344,68.8472,68.9197,14688,true
ZSMPF,2026-09-15T18:40:00Z,68.9197,68.9769,68.8493,68.9065,13303,true
ZSMPF,2026-09-15T18:45:00Z,68.9065,68.9496,68.8395,68.8826,20291,true
ZSMPF,2026-09-15T18:50:00Z,68.8826,68.8945,68.7772,68.7892,16318,true
ZSMPF,2026-09-15T18:55:00Z,68.7892,68.9028,68.7464,68.86,23533,true
ZSMPF,2026-09-15T19:00:00Z,68.86,68.9065,68.8027,68.8491,11624,true
ZSMPF,2026-09-15T19:05:00Z,68.8491,68.9839,68.8401,68.9749,17449,true
ZSMPF,2026-09-15T19:10:00Z,68.9749,69.0745,68.9354,69.0351,23665,true
ZSMPF,2026-09-15T19:15:00Z,69.0351,69.0757,68.9312,68.9718,20950,true
ZSMPF,2026-09-15T19:20:00Z,68.9718,69.03,68.9234,68.9816,14296,true
ZSMPF,2026-09-15T19:25:00Z,68.9816,69.0019,68.9307,68.9509,17155,true
ZSMPF,2026-09-15T19:30:00Z,68.9509,68.9652,68.9187,68.9329,27394,true
ZSMPF,2026-09-15T19:35:00Z,68.9329,68.9364,68.8945,68.898,20695,true
ZSMPF,2026-09-15T19:40:00Z,68.898,68.9449,68.8668,68.9137,18718,true
ZSMPF,2026-09-15T19:45:00Z,68.9137,68.9263,68.832,68.8445,17915,true
ZSMPF,2026-09-15T19:50:00Z,68.8445,68.8536,68.8324,68.8415,32548,true
ZSMPF,2026-09-15T19:55:00Z,68.8415,68.8749,68.7524,68.7859,27971,true
ZSMPF,2026-09-16T13:30:00Z,68.7859,68.8012,68.6381,68.6534,43702,true
ZSMPF,2026-09-16T13:35:00Z,68.6534,68.8226,68.648,68.8171,29599,true
ZSMPF,2026-09-16T13:40:00Z,68.8171,68.8247,68.6817,68.6892,34317,true
ZSMPF,2026-09-16T13:45:00Z,68.6892,68.7386,68.518,68.5674,23574,true
ZSMPF,2026-09-16T13:50:00Z,68.5674,68.5803,68.553,68.566,28142,true
ZSMPF,2026-09-16T13:55:00Z,68.566,68.733,68.5223,68.6892,20136,true
ZSMPF,2026-09-16T14:00:00Z,68.6892,68.7443,68.6692,68.7243,31174,true
ZSMPF,2026-09-16T14:05:00Z,68.7243,68.7402,68.6405,68.6565,26658,true
ZSMPF,2026-09-16T14:10:00Z,68.6565,68.6607,68.58,68.5843,31114,true
ZSMPF,2026-09-16T14:15:00Z,68.5843,68.5905,68.5672,68.5733,21578,true
ZSMPF,2026-09-16T14:20:00Z,68.5733,68.6229,68.5635,68.613,16946,true
ZSMPF,2026-09-16T14:25:00Z,68.613,68.6309,68.5537,68.5716,21529,true
ZSMPF,2026-09-16T14:30:00Z,68.5716,68.7413,68.4803,68.65,16927,true
ZSMPF,2026-09-16T14:35:00Z,68.65,68.6863,68.5527,68.5889,14382,true
ZSMPF,2026-09-16T14:40:00Z,68.5889,68.7636,68.5409,68.7156,22481,true
ZSMPF,2026-09-16T14:45:00Z,68.7156,68.7347,68.7093,68.7284,11615,true
ZSMPF,2026-09-16T14:50:00Z,68.7284,68.7482,68.668,68.6878,13111,true
ZSMPF,2026-09-16T14:55:00Z,68.6878,68.8225,68.6384,68.7731,11027,true
ZSMPF,2026-09-16T15:00:00Z,68.7731,68.793,68.745,68.7648,13958,true
ZSMPF,2026-09-16T15:05:00Z,68.7648,68.8527,68.7401,68.828,14313,true
ZSMPF,2026-09-16T15:10:00Z,68.828,68.9362,68.7979,68.9061,23809,true
ZSMPF,2026-09-16T15:15:00Z,68.9061,68.9199,68.8856,68.8994,14919,true
ZSMPF,2026-09-16T15:20:00Z,68.8994,68.9143,68.883,68.898,28488,true
ZSMPF,2026-09-16T15:25:00Z,68.898,68.9905,68.8568,68.9493,20760,true
ZSMPF,2026-09-16T15:30:00Z,68.9493,68.9742,68.9484,68.9733,14008,true
ZSMPF,2026-09-16T15:35:00Z,68.9733,68.9976,68.9417,68.966,10109,true
ZSMPF,2026-09-16T15:40:00Z,68.966,68.9698,68.8641,68.868,12450,true
ZSMPF,2026-09-16T15:45:00Z,68.868,68.8905,68.7514,68.7739,15227,true
ZSMPF,2026-09-16T15:50:00Z,68.7739,68.8291,68.6973,68.7525,15508,true
ZSMPF,2026-09-16T15:55:00Z,68.7525,68.824,68.7395,68.811,17356,true
ZSMPF,2026-09-16T16:00:00Z,68.811,68.886,68.8082,68.8832,14038,true
ZSMPF,2026-09-16T16:05:00Z,68.8832,68.9135,68.7804,68.8106,16920,true
ZSMPF,2026-09-16T16:10:00Z,68.8106,68.8497,68.7707,68.8098,17547,true
ZSMPF,2026-09-16T16:15:00Z,68.8098,68.8277,68.6177,68.6356,13222,true
ZSMPF,2026-09-16T16:20:00Z,68.6356,68.8214,68.5939,68.7797,14715,true
ZSMPF,2026-09-16T16:25:00Z,68.7797,68.821,68.6626,68.7038,15531,true
ZSMPF,2026-09-16T16:30:00Z,68.7038,68.7662,68.6999,68.7624,11873,true
ZSMPF,2026-09-16T16:35:00Z,68.7624,68.7625,68.7297,68.7298,11885,true
ZSMPF,2026-09-16T16:40:00Z,68.7298,68.7822,68.6692,68.7216,15028,true
ZSMPF,2026-09-16T16:45:00Z,68.7216,68.7324,68.6797,68.6905,7703,true
ZSMPF,2026-09-16T16:50:00Z,68.6905,68.7273,68.5729,68.6098,16815,true
ZSMPF,2026-09-16T16:55:00Z,68.6098,68.6303,68.5955,68.616,12362,true
ZSMPF,2026-09-16T17:00:00Z,68.616,68.6892,68.5626,68.6357,15065,true
ZSMPF,2026-09-16T17:05:00Z,68.6357,68.755,68.5794,68.6987,11000,true
ZSMPF,2026-09-16T17:10:00Z,68.6987,68.7584,68.6919,68.7516,18977,true
ZSMPF,2026-09-16T17:15:00Z,68.7516,68.7603,68.7101,68.7188,16212,true
ZSMPF,2026-09-16T17:20:00Z,68.7188,68.7444,68.656,68.6816,14371,true
ZSMPF,2026-09-16T17:25:00Z,68.6816,68.7197,68.6543,68.6924,15141,true
ZSMPF,2026-09-16T17:30:00Z,68.6924,68.6977,68.6504,68.6557,13122,true
ZSMPF,2026-09-16T17:35:00Z,68.6557,68.7037,68.6081,68.6561,11116,true
ZSMPF,2026-09-16T17:40:00Z,68.6561,68.735,68.6135,68.6925,14990,true
ZSMPF,2026-09-16T17:45:00Z,68.6925,68.7875,68.6158,68.7109,14906,true
ZSMPF,2026-09-16T17:50:00Z,68.7109,68.7578,68.4946,68.5416,12835,true
ZSMPF,2026-09-16T17:55:00Z,68.5416,68.5934,68.4668,68.5186,13313,true
ZSMPF,2026-09-16T18:00:00Z,68.5186,68.6891,68.5131,68.6836,17557,true
ZSMPF,2026-09-16T18:05:00Z,68.6836,68.7704,68.5687,68.6555,15245,true
ZSMPF,2026-09-16T18:10:00Z,68.6555,68.6878,68.6188,68.6511,14403,true
ZSMPF,2026-09-16T18:15:00Z,68.6511,68.6878,68.5789,68.6156,17147,true
ZSMPF,2026-09-16T18:20:00Z,68.6156,68.7034,68.5836,68.6714,13783,true
ZSMPF,2026-09-16T18:25:00Z,68.6714,68.7028,68.5648,68.5961,15074,true
ZSMPF,2026-09-16T18:30:00Z,68.5961,68.6717,68.5483,68.6239,13626,true
ZSMPF,2026-09-16T18:35:00Z,68.6239,68.7867,68.6006,68.7635,12548,true
ZSMPF,2026-09-16T18:40:00Z,68.7635,68.9158,68.7289,68.8812,27470,true
ZSMPF,2026-09-16T18:45:00Z,68.8812,68.9094,68.6946,68.7227,16430,true
ZSMPF,2026-09-16T18:50:00Z,68.7227,68.7324,68.5422,68.5519,11255,true
ZSMPF,2026-09-16T18:55:00Z,68.5519,68.5547,68.502,68.5048,12628,true
ZSMPF,2026-09-16T19:00:00Z,68.5048,68.5842,68.448,68.5274,19746,true
ZSMPF,2026-09-16T19:05:00Z,68.5274,68.5831,68.4383,68.494,16119,true
ZSMPF,2026-09-16T19:10:00Z,68.494,68.6174,68.4295,68.5529,19282,true
ZSMPF,2026-09-16T19:15:00Z,68.5529,68.6073,68.5482,68.6026,17732,true
ZSMPF,2026-09-16T19:20:00Z,68.6026,68.6287,68.5962,68.6223,16952,true
ZSMPF,2026-09-16T19:25:00Z,68.6223,68.6403,68.5903,68.6082,17890,true
ZSMPF,2026-09-16T19:30:00Z,68.6082,68.6256,68.5258,68.5432,19428,true
ZSMPF,2026-09-16T19:35:00Z,68.5432,68.5645,68.4804,68.5017,19421,true
ZSMPF,2026-09-16T19:40:00Z,68.5017,68.5445,68.4386,68.4814,23035,true
ZSMPF,2026-09-16T19:45:00Z,68.4814,68.6069,68.4277,68.5531,18182,true
ZSMPF,2026-09-16T19:50:00Z,68.5531,68.6236,68.5124,68.5829,34788,true
ZSMPF,2026-09-16T19:55:00Z,68.5829,68.6001,68.5707,68.5878,34908,true
ZSMPF,2026-09-17T13:30:00Z,68.5878,68.6571,68.5828,68.6521,50366,true
ZSMPF,2026-09-17T13:35:00Z,68.6521,68.6646,68.491,68.5035,39799,true
ZSMPF,2026-09-17T13:40:00Z,68.5035,68.5075,68.4176,68.4217,27888,true
ZSMPF,2026-09-17T13:45:00Z,68.4217,68.4413,68.3508,68.3704,28932,true
ZSMPF,2026-09-17T13:50:00Z,68.3704,68.4553,68.3681,68.453,23516,true
ZSMPF,2026-09-17T13:55:00Z,68.453,68.4873,68.432,68.4663,26634,true
ZSMPF,2026-09-17T14:00:00Z,68.4663,68.5348,68.4341,68.5025,17882,true
ZSMPF,2026-09-17T14:05:00Z,68.5025,68.6292,68.4995,68.6261,25150,true
ZSMPF,2026-09-17T14:10:00Z,68.6261,68.7596,68.5813,68.7148,16645,true
ZSMPF,2026-09-17T14:15:00Z,68.7148,68.8249,68.6903,68.8004,23026,true
ZSMPF,2026-09-17T14:20:00Z,68.8004,68.8005,68.7481,68.7483,20238,true
ZSMPF,2026-09-17T14:25:00Z,68.7483,68.8008,68.7435,68.7961,12151,true
ZSMPF,2026-09-17T14:30:00Z,68.7961,68.8512,68.7297,68.7849,27267,true
ZSMPF,2026-09-17T14:35:00Z,68.7849,68.9056,68.7776,68.8982,8398,true
ZSMPF,2026-09-17T14:40:00Z,68.8982,68.9078,68.8817,68.8913,19266,true
ZSMPF,2026-09-17T14:45:00Z,68.8913,68.9643,68.8852,68.9582,13390,true
ZSMPF,2026-09-17T14:50:00Z,68.9582,69.0112,68.8513,68.9044,12357,true
ZSMPF,2026-09-17T14:55:00Z,68.9044,68.9189,68.8886,68.9032,13943,true
ZSMPF,2026-09-17T15:00:00Z,68.9032,68.9299,68.8561,68.893,4707,false
ZSMPG,2026-08-26T13:30:00Z,12.0,12.0078,11.9949,12.0027,157653,true
ZSMPG,2026-08-26T13:35:00Z,12.0027,12.0376,11.9963,12.0311,104078,true
ZSMPG,2026-08-26T13:40:00Z,12.0311,12.0421,12.0105,12.0215,122648,true
ZSMPG,2026-08-26T13:45:00Z,12.0215,12.0414,12.0045,12.0243,113374,true
ZSMPG,2026-08-26T13:50:00Z,12.0243,12.0565,12.0121,12.0443,54303,true
ZSMPG,2026-08-26T13:55:00Z,12.0443,12.0805,12.0442,12.0804,56109,true
ZSMPG,2026-08-26T14:00:00Z,12.0804,12.0806,12.0737,12.0739,88166,true
ZSMPG,2026-08-26T14:05:00Z,12.0739,12.1137,12.0657,12.1055,97991,true
ZSMPG,2026-08-26T14:10:00Z,12.1055,12.1273,12.0981,12.1199,40349,true
ZSMPG,2026-08-26T14:15:00Z,12.1199,12.1248,12.1165,12.1214,69639,true
ZSMPG,2026-08-26T14:20:00Z,12.1214,12.124,12.1144,12.117,47020,true
ZSMPG,2026-08-26T14:25:00Z,12.117,12.1183,12.1126,12.1139,60253,true
ZSMPG,2026-08-26T14:30:00Z,12.1139,12.1355,12.1092,12.1308,52175,true
ZSMPG,2026-08-26T14:35:00Z,12.1308,12.1498,12.1179,12.1369,54906,true
ZSMPG,2026-08-26T14:40:00Z,12.1369,12.1419,12.1346,12.1396,79022,true
ZSMPG,2026-08-26T14:45:00Z,12.1396,12.1622,12.1326,12.1552,61117,true
ZSMPG,2026-08-26T14:50:00Z,12.1552,12.1606,12.1308,12.1362,54780,true
ZSMPG,2026-08-26T14:55:00Z,12.1362,12.1615,12.1339,12.1591,42272,true
ZSMPG,2026-08-26T15:00:00Z,12.1591,12.1647,12.1549,12.1605,52255,true
ZSMPG,2026-08-26T15:05:00Z,12.1605,12.166,12.1492,12.1548,51275,true
ZSMPG,2026-08-26T15:10:00Z,12.1548,12.165,12.1371,12.1473,35351,true
ZSMPG,2026-08-26T15:15:00Z,12.1473,12.1507,12.1361,12.1395,51926,true
ZSMPG,2026-08-26T15:20:00Z,12.1395,12.1454,12.1131,12.119,63365,true
ZSMPG,2026-08-26T15:25:00Z,12.119,12.1213,12.1055,12.1078,87937,true
ZSMPG,2026-08-26T15:30:00Z,12.1078,12.1314,12.0727,12.0963,59897,true
ZSMPG,2026-08-26T15:35:00Z,12.0963,12.1211,12.0615,12.0863,51438,true
ZSMPG,2026-08-26T15:40:00Z,12.0863,12.1661,12.0605,12.1403,57156,true
ZSMPG,2026-08-26T15:45:00Z,12.1403,12.1484,12.0933,12.1014,52882,true
ZSMPG,2026-08-26T15:50:00Z,12.1014,12.1141,12.075,12.0877,81384,true
ZSMPG,2026-08-26T15:55:00Z,12.0877,12.0921,12.0687,12.0731,49179,true
ZSMPG,2026-08-26T16:00:00Z,12.0731,12.0882,12.0704,12.0855,79263,true
ZSMPG,2026-08-26T16:05:00Z,12.0855,12.087,12.0595,12.061,59992,true
ZSMPG,2026-08-26T16:10:00Z,12.061,12.063,12.0373,12.0394,58439,true
ZSMPG,2026-08-26T16:15:00Z,12.0394,12.0412,12.0069,12.0087,82015,true
ZSMPG,2026-08-26T16:20:00Z,12.0087,12.0232,12.0052,12.0197,42636,true
ZSMPG,2026-08-26T16:25:00Z,12.0197,12.055,12.0196,12.0549,42722,true
ZSMPG,2026-08-26T16:30:00Z,12.0549,12.06,12.0396,12.0447,60899,true
ZSMPG,2026-08-26T16:35:00Z,12.0447,12.0568,12.043,12.0551,53001,true
ZSMPG,2026-08-26T16:40:00Z,12.0551,12.0578,12.0379,12.0406,57314,true
ZSMPG,2026-08-26T16:45:00Z,12.0406,12.053,12.0291,12.0415,53260,true
ZSMPG,2026-08-26T16:50:00Z,12.0415,12.0701,12.0338,12.0624,50060,true
ZSMPG,2026-08-26T16:55:00Z,12.0624,12.0726,12.0513,12.0614,49880,true
ZSMPG,2026-08-26T17:00:00Z,12.0614,12.0681,12.034,12.0406,64740,true
ZSMPG,2026-08-26T17:05:00Z,12.0406,12.0661,12.0206,12.0461,71329,true
ZSMPG,2026-08-26T17:10:00Z,12.0461,12.0596,12.0354,12.0489,55782,true
ZSMPG,2026-08-26T17:15:00Z,12.0489,12.0695,12.0457,12.0663,74387,true
ZSMPG,2026-08-26T17:20:00Z,12.0663,12.0982,12.0607,12.0926,67624,true
ZSMPG,2026-08-26T17:25:00Z,12.0926,12.1271,12.0922,12.1267,64020,true
ZSMPG,2026-08-26T17:30:00Z,12.1267,12.1353,12.084,12.0926,34605,true
ZSMPG,2026-08-26T17:35:00Z,12.0926,12.1179,12.0806,12.1059,47133,true
ZSMPG,2026-08-26T17:40:00Z,12.1059,12.1328,12.099,12.1258,41697,true
ZSMPG,2026-08-26T17:45:00Z,12.1258,12.1342,12.0964,12.1047,41795,true
ZSMPG,2026-08-26T17:50:00Z,12.1047,12.1144,12.102,12.1116,50240,true
ZSMPG,2026-08-26T17:55:00Z,12.1116,12.1169,12.0828,12.0881,65548,true
ZSMPG,2026-08-26T18:00:00Z,12.0881,12.0998,12.0631,12.0748,59777,true
ZSMPG,2026-08-26T18:05:00Z,12.0748,12.0762,12.0504,12.0518,80386,true
ZSMPG,2026-08-26T18:10:00Z,12.0518,12.0737,12.0024,12.0243,70862,true
ZSMPG,2026-08-26T18:15:00Z,12.0243,12.0256,12.0078,12.009,37329,true
ZSMPG,2026-08-26T18:20:00Z,12.009,12.0119,11.9531,11.956,25570,true
ZSMPG,2026-08-26T18:25:00Z,11.956,11.9575,11.9194,11.9208,44489,true
ZSMPG,2026-08-26T18:30:00Z,11.9208,11.9244,11.9035,11.9071,50291,true
ZSMPG,2026-08-26T18:35:00Z,11.9071,11.9152,11.8805,11.8886,43179,true
ZSMPG,2026-08-26T18:40:00Z,11.8886,11.9233,11.8813,11.916,51525,true
ZSMPG,2026-08-26T18:45:00Z,11.916,11.9287,11.9101,11.9227,45127,true
ZSMPG,2026-08-26T18:50:00Z,11.9227,11.9373,11.909,11.9236,81007,true
ZSMPG,2026-08-26T18:55:00Z,11.9236,11.929,11.9114,11.9168,78838,true
ZSMPG,2026-08-26T19:00:00Z,11.9168,11.9596,11.8945,11.9373,63359,true
ZSMPG,2026-08-26T19:05:00Z,11.9373,11.9467,11.8988,11.9083,55643,true
ZSMPG,2026-08-26T19:10:00Z,11.9083,11.915,11.9063,11.913,57216,true
ZSMPG,2026-08-26T19:15:00Z,11.913,11.9266,11.9068,11.9204,53777,true
ZSMPG,2026-08-26T19:20:00Z,11.9204,11.9294,11.8857,11.8947,51947,true
ZSMPG,2026-08-26T19:25:00Z,11.8947,11.97,11.8758,11.9512,90022,true
ZSMPG,2026-08-26T19:30:00Z,11.9512,11.9755,11.9498,11.9741,46454,true
ZSMPG,2026-08-26T19:35:00Z,11.9741,11.9807,11.9711,11.9777,84938,true
ZSMPG,2026-08-26T19:40:00Z,11.9777,11.9851,11.9707,11.9781,103703,true
ZSMPG,2026-08-26T19:45:00Z,11.9781,11.9985,11.9763,11.9967,58613,true
ZSMPG,2026-08-26T19:50:00Z,11.9967,11.9979,11.9777,11.979,111791,true
ZSMPG,2026-08-26T19:55:00Z,11.979,11.9934,11.9726,11.987,122483,true
ZSMPG,2026-08-27T13:30:00Z,11.987,11.9937,11.9829,11.9896,123632,true
ZSMPG,2026-08-27T13:35:00Z,11.9896,12.0181,11.9812,12.0097,100200,true
ZSMPG,2026-08-27T13:40:00Z,12.0097,12.0216,11.9696,11.9815,102150,true
ZSMPG,2026-08-27T13:45:00Z,11.9815,11.9911,11.9715,11.9811,109629,true
ZSMPG,2026-08-27T13:50:00Z,11.9811,11.9887,11.9801,11.9877,108634,true
ZSMPG,2026-08-27T13:55:00Z,11.9877,12.0008,11.9874,12.0005,93901,true
ZSMPG,2026-08-27T14:00:00Z,12.0005,12.0326,11.9327,11.9648,69200,true
ZSMPG,2026-08-27T14:05:00Z,11.9648,11.9781,11.9625,11.9758,58770,true
ZSMPG,2026-08-27T14:10:00Z,11.9758,11.9974,11.9647,11.9863,101244,true
ZSMPG,2026-08-27T14:15:00Z,11.9863,12.0058,11.9745,11.994,54542,true
ZSMPG,2026-08-27T14:20:00Z,11.994,12.0017,11.9917,11.9995,53746,true
ZSMPG,2026-08-27T14:25:00Z,11.9995,12.0114,11.9946,12.0065,93807,true
ZSMPG,2026-08-27T14:30:00Z,12.0065,12.0104,11.9788,11.9826,73813,true
ZSMPG,2026-08-27T14:35:00Z,11.9826,12.0044,11.9418,11.9637,53330,true
ZSMPG,2026-08-27T14:40:00Z,11.9637,12.0008,11.943,11.9802,66432,true
ZSMPG,2026-08-27T14:45:00Z,11.9802,12.0152,11.9657,12.0007,55370,true
ZSMPG,2026-08-27T14:50:00Z,12.0007,12.0071,12.0006,12.0069,62479,true
ZSMPG,2026-08-27T14:55:00Z,12.0069,12.0153,11.9992,12.0076,37912,true
ZSMPG,2026-08-27T15:00:00Z,12.0076,12.0614,11.9912,12.045,50983,true
ZSMPG,2026-08-27T15:05:00Z,12.045,12.0876,12.0359,12.0785,53530,true
ZSMPG,2026-08-27T15:10:00Z,12.0785,12.0888,12.0219,12.0322,45167,true
ZSMPG,2026-08-27T15:15:00Z,12.0322,12.0398,12.0225,12.0301,44275,true
ZSMPG,2026-08-27T15:20:00Z,12.0301,12.0961,12.0153,12.0813,63699,true
ZSMPG,2026-08-27T15:25:00Z,12.0813,12.1145,12.0409,12.074,47747,true
ZSMPG,2026-08-27T15:30:00Z,12.074,12.0851,12.0725,12.0836,36243,true
ZSMPG,2026-08-27T15:35:00Z,12.0836,12.0893,12.0813,12.087,42217,true
ZSMPG,2026-08-27T15:40:00Z,12.087,12.1016,12.0768,12.0914,39872,true
ZSMPG,2026-08-27T15:45:00Z,12.0914,12.0941,12.0842,12.0868,48037,true
ZSMPG,2026-08-27T15:50:00Z,12.0868,12.0871,12.0846,12.0849,55010,true
ZSMPG,2026-08-27T15:55:00Z,12.0849,12.1258,12.063,12.1039,41549,true
ZSMPG,2026-08-27T16:00:00Z,12.1039,12.1216,12.0883,12.106,48389,true
ZSMPG,2026-08-27T16:05:00Z,12.106,12.1386,12.0916,12.1242,59208,true
ZSMPG,2026-08-27T16:10:00Z,12.1242,12.1263,12.1214,12.1235,37796,true
ZSMPG,2026-08-27T16:15:00Z,12.1235,12.1508,12.1061,12.1333,63658,true
ZSMPG,2026-08-27T16:20:00Z,12.1333,12.1475,12.1282,12.1423,52616,true
ZSMPG,2026-08-27T16:25:00Z,12.1423,12.1471,12.1358,12.1405,58217,true
ZSMPG,2026-08-27T16:30:00Z,12.1405,12.1545,12.135,12.1489,48076,true
ZSMPG,2026-08-27T16:35:00Z,12.1489,12.1496,12.1408,12.1415,42864,true
ZSMPG,2026-08-27T16:40:00Z,12.1415,12.1445,12.1009,12.1039,67026,true
ZSMPG,2026-08-27T16:45:00Z,12.1039,12.1042,12.098,12.0982,54446,true
ZSMPG,2026-08-27T16:50:00Z,12.0982,12.1108,12.0573,12.0699,51705,true
ZSMPG,2026-08-27T16:55:00Z,12.0699,12.0768,12.0567,12.0637,97592,true
ZSMPG,2026-08-27T17:00:00Z,12.0637,12.0768,12.0378,12.0509,61845,true
ZSMPG,2026-08-27T17:05:00Z,12.0509,12.0568,12.0442,12.0501,61319,true
ZSMPG,2026-08-27T17:10:00Z,12.0501,12.0798,12.0322,12.062,52494,true
ZSMPG,2026-08-27T17:15:00Z,12.062,12.0639,12.0434,12.0453,60191,true
ZSMPG,2026-08-27T17:20:00Z,12.0453,12.0626,12.0354,12.0527,45974,true
ZSMPG,2026-08-27T17:25:00Z,12.0527,12.0793,12.0468,12.0734,51345,true
ZSMPG,2026-08-27T17:30:00Z,12.0734,12.1002,12.0296,12.0564,40223,true
ZSMPG,2026-08-27T17:35:00Z,12.0564,12.0754,12.0543,12.0733,56756,true
ZSMPG,2026-08-27T17:40:00Z,12.0733,12.0881,12.0666,12.0814,41056,true
ZSMPG,2026-08-27T17:45:00Z,12.0814,12.0842,12.0744,12.0773,45647,true
ZSMPG,2026-08-27T17:50:00Z,12.0773,12.097,12.0673,12.087,44606,true
ZSMPG,2026-08-27T17:55:00Z,12.087,12.0927,12.0697,12.0754,55850,true
ZSMPG,2026-08-27T18:00:00Z,12.0754,12.1171,12.0737,12.1154,62673,true
ZSMPG,2026-08-27T18:05:00Z,12.1154,12.1157,12.1034,12.1037,49352,true
ZSMPG,2026-08-27T18:10:00Z,12.1037,12.1147,12.053,12.064,49814,true
ZSMPG,2026-08-27T18:15:00Z,12.064,12.065,12.0361,12.0372,66911,true
ZSMPG,2026-08-27T18:20:00Z,12.0372,12.0477,12.0016,12.0121,58782,true
ZSMPG,2026-08-27T18:25:00Z,12.0121,12.0558,12.0034,12.0472,55078,true
ZSMPG,2026-08-27T18:30:00Z,12.0472,12.0715,12.043,12.0673,48377,true
ZSMPG,2026-08-27T18:35:00Z,12.0673,12.0716,12.0657,12.0699,53536,true
ZSMPG,2026-08-27T18:40:00Z,12.0699,12.0972,12.0595,12.0868,58622,true
ZSMPG,2026-08-27T18:45:00Z,12.0868,12.0972,12.0845,12.0949,39248,true
ZSMPG,2026-08-27T18:50:00Z,12.0949,12.1083,12.0667,12.0801,52782,true
ZSMPG,2026-08-27T18:55:00Z,12.0801,12.1121,12.0632,12.0951,45527,true
ZSMPG,2026-08-27T19:00:00Z,12.0951,12.0997,12.0704,12.0749,79388,true
ZSMPG,2026-08-27T19:05:00Z,12.0749,12.0749,12.0696,12.0696,55879,true
ZSMPG,2026-08-27T19:10:00Z,12.0696,12.0715,12.065,12.0668,99085,true
ZSMPG,2026-08-27T19:15:00Z,12.0668,12.0975,12.0639,12.0946,54047,true
ZSMPG,2026-08-27T19:20:00Z,12.0946,12.1085,12.0771,12.091,60327,true
ZSMPG,2026-08-27T19:25:00Z,12.091,12.1047,12.0516,12.0652,97632,true
ZSMPG,2026-08-27T19:30:00Z,12.0652,12.0739,12.0268,12.0355,73365,true
ZSMPG,2026-08-27T19:35:00Z,12.0355,12.0403,12.03,12.0348,57387,true
ZSMPG,2026-08-27T19:40:00Z,12.0348,12.0521,12.0328,12.0501,100030,true
ZSMPG,2026-08-27T19:45:00Z,12.0501,12.06,12.0187,12.0285,59803,true
ZSMPG,2026-08-27T19:50:00Z,12.0285,12.0646,12.0246,12.0607,114936,true
ZSMPG,2026-08-27T19:55:00Z,12.0607,12.0695,12.0541,12.0629,98935,true
ZSMPG,2026-08-28T13:30:00Z,12.0629,12.0964,12.0552,12.0888,119648,true
ZSMPG,2026-08-28T13:35:00Z,12.0888,12.1214,12.0811,12.1137,86787,true
ZSMPG,2026-08-28T13:40:00Z,12.1137,12.1216,12.1134,12.1213,105627,true
ZSMPG,2026-08-28T13:45:00Z,12.1213,12.128,12.1055,12.1122,76454,true
ZSMPG,2026-08-28T13:50:00Z,12.1122,12.1597,12.1121,12.1596,80555,true
ZSMPG,2026-08-28T13:55:00Z,12.1596,12.1818,12.1579,12.1801,104082,true
ZSMPG,2026-08-28T14:00:00Z,12.1801,12.1822,12.1757,12.1779,63774,true
ZSMPG,2026-08-28T14:05:00Z,12.1779,12.1897,12.1332,12.145,116652,true
ZSMPG,2026-08-28T14:10:00Z,12.145,12.1499,12.1423,12.1472,87134,true
ZSMPG,2026-08-28T14:15:00Z,12.1472,12.1579,12.1138,12.1244,79336,true
ZSMPG,2026-08-28T14:20:00Z,12.1244,12.1451,12.123,12.1437,46917,true
ZSMPG,2026-08-28T14:25:00Z,12.1437,12.1668,12.14,12.1631,67807,true
ZSMPG,2026-08-28T14:30:00Z,12.1631,12.1636,12.1627,12.1631,48944,true
ZSMPG,2026-08-28T14:35:00Z,12.1631,12.167,12.157,12.1608,50287,true
ZSMPG,2026-08-28T14:40:00Z,12.1608,12.185,12.1301,12.1543,32529,true
ZSMPG,2026-08-28T14:45:00Z,12.1543,12.1619,12.118,12.1256,45344,true
ZSMPG,2026-08-28T14:50:00Z,12.1256,12.1511,12.1056,12.1311,51977,true
ZSMPG,2026-08-28T14:55:00Z,12.1311,12.1504,12.1162,12.1355,49995,true
ZSMPG,2026-08-28T15:00:00Z,12.1355,12.1551,12.1239,12.1435,77696,true
ZSMPG,2026-08-28T15:05:00Z,12.1435,12.1676,12.1389,12.163,44125,true
ZSMPG,2026-08-28T15:10:00Z,12.163,12.1706,12.1554,12.1629,58080,true
ZSMPG,2026-08-28T15:15:00Z,12.1629,12.1882,12.1479,12.1732,46080,true
ZSMPG,2026-08-28T15:20:00Z,12.1732,12.1808,12.1697,12.1774,75554,true
ZSMPG,2026-08-28T15:25:00Z,12.1774,12.1846,12.1477,12.1549,53384,true
ZSMPG,2026-08-28T15:30:00Z,12.1549,12.1996,12.1377,12.1823,67847,true
ZSMPG,2026-08-28T15:35:00Z,12.1823,12.1862,12.1514,12.1554,47680,true
ZSMPG,2026-08-28T15:40:00Z,12.1554,12.1793,12.1487,12.1726,49330,true
ZSMPG,2026-08-28T15:45:00Z,12.1726,12.2134,12.1716,12.2124,42714,true
ZSMPG,2026-08-28T15:50:00Z,12.2124,12.2173,12.212,12.2168,61340,true
ZSMPG,2026-08-28T15:55:00Z,12.2168,12.2293,12.1748,12.1874,43088,true
ZSMPG,2026-08-28T16:00:00Z,12.1874,12.194,12.177,12.1836,60703,true
ZSMPG,2026-08-28T16:05:00Z,12.1836,12.1936,12.1614,12.1714,45733,true
ZSMPG,2026-08-28T16:10:00Z,12.1714,12.2112,12.1521,12.1918,52275,true
ZSMPG,2026-08-28T16:15:00Z,12.1918,12.2043,12.1784,12.1909,55647,true
ZSMPG,2026-08-28T16:20:00Z,12.1909,12.1923,12.1614,12.1629,44398,true
ZSMPG,2026-08-28T16:25:00Z,12.1629,12.204,12.1499,12.191,42113,true
ZSMPG,2026-08-28T16:30:00Z,12.191,12.2292,12.1771,12.2153,41640,true
ZSMPG,2026-08-28T16:35:00Z,12.2153,12.2188,12.2127,12.2162,57921,true
ZSMPG,2026-08-28T16:40:00Z,12.2162,12.2933,12.2028,12.28,33448,true
ZSMPG,2026-08-28T16:45:00Z,12.28,12.3068,12.2727,12.2995,68764,true
ZSMPG,2026-08-28T16:50:00Z,12.2995,12.3108,12.281,12.2924,45052,true
ZSMPG,2026-08-28T16:55:00Z,12.2924,12.3277,12.29,12.3254,50681,true
ZSMPG,2026-08-28T17:00:00Z,12.3254,12.3485,12.3238,12.3469,79942,true
ZSMPG,2026-08-28T17:05:00Z,12.3469,12.3508,12.3082,12.3121,48327,true
ZSMPG,2026-08-28T17:10:00Z,12.3121,12.3297,12.2707,12.2883,52271,true
ZSMPG,2026-08-28T17:15:00Z,12.2883,12.2897,12.2765,12.278,66663,true
ZSMPG,2026-08-28T17:20:00Z,12.278,12.288,12.2682,12.2782,55135,true
ZSMPG,2026-08-28T17:25:00Z,12.2782,12.3086,12.2769,12.3073,44276,true
ZSMPG,2026-08-28T17:30:00Z,12.3073,12.3091,12.2858,12.2875,74171,true
ZSMPG,2026-08-28T17:35:00Z,12.2875,12.2932,12.2822,12.2879,60386,true
ZSMPG,2026-08-28T17:40:00Z,12.2879,12.3225,12.2751,12.3097,63464,true
ZSMPG,2026-08-28T17:45:00Z,12.3097,12.3671,12.2852,12.3425,37810,true
ZSMPG,2026-08-28T17:50:00Z,12.3425,12.3477,12.3224,12.3276,61586,true
ZSMPG,2026-08-28T17:55:00Z,12.3276,12.3469,12.3187,12.338,58562,true
ZSMPG,2026-08-28T18:00:00Z,12.338,12.3599,12.3378,12.3597,32410,true
ZSMPG,2026-08-28T18:05:00Z,12.3597,12.3736,12.359,12.3728,66732,true
ZSMPG,2026-08-28T18:10:00Z,12.3728,12.3801,12.3328,12.34,50819,true
ZSMPG,2026-08-28T18:15:00Z,12.34,12.3478,12.3313,12.3392,78353,true
ZSMPG,2026-08-28T18:20:00Z,12.3392,12.3491,12.3354,12.3453,58771,true
ZSMPG,2026-08-28T18:25:00Z,12.3453,12.3736,12.3263,12.3546,49435,true
ZSMPG,2026-08-28T18:30:00Z,12.3546,12.3618,12.3341,12.3413,48781,true
ZSMPG,2026-08-28T18:35:00Z,12.3413,12.3427,12.3234,12.3248,42560,true
ZSMPG,2026-08-28T18:40:00Z,12.3248,12.3297,12.3209,12.3259,59627,true
ZSMPG,2026-08-28T18:45:00Z,12.3259,12.3289,12.3254,12.3284,56985,true
ZSMPG,2026-08-28T18:50:00Z,12.3284,12.3379,12.3087,12.3182,41907,true
ZSMPG,2026-08-28T18:55:00Z,12.3182,12.3287,12.3144,12.3249,44218,true
ZSMPG,2026-08-28T19:00:00Z,12.3249,12.3307,12.2977,12.3035,47679,true
ZSMPG,2026-08-28T19:05:00Z,12.3035,12.3075,12.2999,12.3038,69010,true
ZSMPG,2026-08-28T19:10:00Z,12.3038,12.3051,12.2592,12.2606,59724,true
ZSMPG,2026-08-28T19:15:00Z,12.2606,12.2718,12.2356,12.2468,52276,true
ZSMPG,2026-08-28T19:20:00Z,12.2468,12.2591,12.2258,12.2381,94325,true
ZSMPG,2026-08-28T19:25:00Z,12.2381,12.2393,12.2226,12.2238,64229,true
ZSMPG,2026-08-28T19:30:00Z,12.2238,12.232,12.222,12.2302,67065,true
ZSMPG,2026-08-28T19:35:00Z,12.2302,12.2309,12.1962,12.1969,125528,true
ZSMPG,2026-08-28T19:40:00Z,12.1969,12.2107,12.1707,12.1845,70251,true
ZSMPG,2026-08-28T19:45:00Z,12.1845,12.1863,12.1734,12.1751,77830,true
ZSMPG,2026-08-28T19:50:00Z,12.1751,12.2224,12.1522,12.1995,87085,true
ZSMPG,2026-08-28T19:55:00Z,12.1995,12.229,12.1941,12.2236,133663,true
ZSMPG,2026-08-31T13:30:00Z,12.2236,12.2915,12.2099,12.2779,139279,true
ZSMPG,2026-08-31T13:35:00Z,12.2779,12.2848,12.2746,12.2815,80267,true
ZSMPG,2026-08-31T13:40:00Z,12.2815,12.3043,12.2744,12.2972,55328,true
ZSMPG,2026-08-31T13:45:00Z,12.2972,12.2996,12.2654,12.2677,112115,true
ZSMPG,2026-08-31T13:50:00Z,12.2677,12.3171,12.2556,12.3051,106666,true
ZSMPG,2026-08-31T13:55:00Z,12.3051,12.3377,12.3042,12.3369,75787,true
ZSMPG,2026-08-31T14:00:00Z,12.3369,12.353,12.3219,12.3381,111561,true
ZSMPG,2026-08-31T14:05:00Z,12.3381,12.3555,12.3275,12.345,53162,true
ZSMPG,2026-08-31T14:10:00Z,12.345,12.3812,12.3175,12.3537,83461,true
ZSMPG,2026-08-31T14:15:00Z,12.3537,12.3646,12.3437,12.3545,58754,true
ZSMPG,2026-08-31T14:20:00Z,12.3545,12.3716,12.3512,12.3683,79298,true
ZSMPG,2026-08-31T14:25:00Z,12.3683,12.3769,12.3636,12.3722,72401,true
ZSMPG,2026-08-31T14:30:00Z,12.3722,12.3813,12.3289,12.338,45098,true
ZSMPG,2026-08-31T14:35:00Z,12.338,12.3822,12.3357,12.3799,99067,true
ZSMPG,2026-08-31T14:40:00Z,12.3799,12.3813,12.3727,12.3741,48540,true
ZSMPG,2026-08-31T14:45:00Z,12.3741,12.3797,12.3671,12.3728,42235,true
ZSMPG,2026-08-31T14:50:00Z,12.3728,12.3755,12.3634,12.3662,47920,true
ZSMPG,2026-08-31T14:55:00Z,12.3662,12.3849,12.361,12.3797,44522,true
ZSMPG,2026-08-31T15:00:00Z,12.3797,12.3808,12.3791,12.3802,110448,true
ZSMPG,2026-08-31T15:05:00Z,12.3802,12.4083,12.3704,12.3985,65417,true
ZSMPG,2026-08-31T15:10:00Z,12.3985,12.4077,12.3982,12.4074,52373,true
ZSMPG,2026-08-31T15:15:00Z,12.4074,12.4279,12.3559,12.3764,60159,true
ZSMPG,2026-08-31T15:20:00Z,12.3764,12.4003,12.3249,12.3487,48601,true
ZSMPG,2026-08-31T15:25:00Z,12.3487,12.3639,12.3283,12.3435,31995,true
ZSMPG,2026-08-31T15:30:00Z,12.3435,12.3484,12.328,12.3329,50493,true
ZSMPG,2026-08-31T15:35:00Z,12.3329,12.3508,12.3129,12.3309,49225,true
ZSMPG,2026-08-31T15:40:00Z,12.3309,12.3457,12.3263,12.3411,41964,true
ZSMPG,2026-08-31T15:45:00Z,12.3411,12.3589,12.3297,12.3476,26116,true
ZSMPG,2026-08-31T15:50:00Z,12.3476,12.3506,12.3172,12.3202,35219,true
ZSMPG,2026-08-31T15:55:00Z,12.3202,12.3407,12.3101,12.3306,46152,true
ZSMPG,2026-08-31T16:00:00Z,12.3306,12.3333,12.3097,12.3124,49841,true
ZSMPG,2026-08-31T16:05:00Z,12.3124,12.3165,12.299,12.3031,59546,true
ZSMPG,2026-08-31T16:10:00Z,12.3031,12.3134,12.2949,12.3052,43866,true
ZSMPG,2026-08-31T16:15:00Z,12.3052,12.3143,12.2912,12.3002,35349,true
ZSMPG,2026-08-31T16:20:00Z,12.3002,12.3004,12.2987,12.2989,41158,true
ZSMPG,2026-08-31T16:25:00Z,12.2989,12.3233,12.2874,12.3119,76154,true
ZSMPG,2026-08-31T16:30:00Z,12.3119,12.3221,12.305,12.3153,37285,true
ZSMPG,2026-08-31T16:35:00Z,12.3153,12.3326,12.3114,12.3287,40758,true
ZSMPG,2026-08-31T16:40:00Z,12.3287,12.3393,12.2813,12.2919,56251,true
ZSMPG,2026-08-31T16:45:00Z,12.2919,12.2965,12.2913,12.2959,59027,true
ZSMPG,2026-08-31T16:50:00Z,12.2959,12.3415,12.279,12.3246,71582,true
ZSMPG,2026-08-31T16:55:00Z,12.3246,12.3424,12.3126,12.3304,59307,true
ZSMPG,2026-08-31T17:00:00Z,12.3304,12.3347,12.2979,12.3022,46499,true
ZSMPG,2026-08-31T17:05:00Z,12.3022,12.3366,12.2904,12.3247,48235,true
ZSMPG,2026-08-31T17:10:00Z,12.3247,12.3788,12.3041,12.3582,36798,true
ZSMPG,2026-08-31T17:15:00Z,12.3582,12.3595,12.3209,12.3222,66751,true
ZSMPG,2026-08-31T17:20:00Z,12.3222,12.3374,12.2831,12.2983,64405,true
ZSMPG,2026-08-31T17:25:00Z,12.2983,12.3033,12.2629,12.2679,32219,true
ZSMPG,2026-08-31T17:30:00Z,12.2679,12.2734,12.2458,12.2512,47115,true
ZSMPG,2026-08-31T17:35:00Z,12.2512,12.2692,12.2471,12.2651,55541,true
ZSMPG,2026-08-31T17:40:00Z,12.2651,12.2738,12.2597,12.2684,41564,true
ZSMPG,2026-08-31T17:45:00Z,12.2684,12.2828,12.2602,12.2746,58189,true
ZSMPG,2026-08-31T17:50:00Z,12.2746,12.2858,12.2466,12.2579,54633,true
ZSMPG,2026-08-31T17:55:00Z,12.2579,12.2851,12.2464,12.2737,52733,true
ZSMPG,2026-08-31T18:00:00Z,12.2737,12.283,12.2576,12.2669,30796,true
ZSMPG,2026-08-31T18:05:00Z,12.2669,12.2786,12.2422,12.2538,65712,true
ZSMPG,2026-08-31T18:10:00Z,12.2538,12.2569,12.2518,12.2549,43495,true
ZSMPG,2026-08-31T18:15:00Z,12.2549,12.2627,12.2184,12.2262,64788,true
ZSMPG,2026-08-31T18:20:00Z,12.2262,12.232,12.2165,12.2223,31496,true
ZSMPG,2026-08-31T18:25:00Z,12.2223,12.2712,12.1974,12.2462,37419,true
ZSMPG,2026-08-31T18:30:00Z,12.2462,12.2538,12.2166,12.2241,74484,true
ZSMPG,2026-08-31T18:35:00Z,12.2241,12.2291,12.195,12.2,40659,true
ZSMPG,2026-08-31T18:40:00Z,12.2,12.2501,12.192,12.2422,53588,true
ZSMPG,2026-08-31T18:45:00Z,12.2422,12.2506,12.2273,12.2358,49780,true
ZSMPG,2026-08-31T18:50:00Z,12.2358,12.2496,12.2142,12.228,60804,true
ZSMPG,2026-08-31T18:55:00Z,12.228,12.2561,12.2259,12.2539,77030,true
ZSMPG,2026-08-31T19:00:00Z,12.2539,12.2613,12.2318,12.2391,56932,true
ZSMPG,2026-08-31T19:05:00Z,12.2391,12.2601,12.2298,12.2508,48643,true
ZSMPG,2026-08-31T19:10:00Z,12.2508,12.2526,12.2155,12.2173,35483,true
ZSMPG,2026-08-31T19:15:00Z,12.2173,12.2268,12.197,12.2064,76520,true
ZSMPG,2026-08-31T19:20:00Z,12.2064,12.2254,12.2035,12.2225,64329,true
ZSMPG,2026-08-31T19:25:00Z,12.2225,12.2492,12.2223,12.249,67330,true
ZSMPG,2026-08-31T19:30:00Z,12.249,12.2741,12.2402,12.2653,42303,true
ZSMPG,2026-08-31T19:35:00Z,12.2653,12.2659,12.2557,12.2563,73389,true
ZSMPG,2026-08-31T19:40:00Z,12.2563,12.2698,12.2511,12.2646,87306,true
ZSMPG,2026-08-31T19:45:00Z,12.2646,12.3151,12.2482,12.2987,69608,true
ZSMPG,2026-08-31T19:50:00Z,12.2987,12.3186,12.2957,12.3156,131878,true
ZSMPG,2026-08-31T19:55:00Z,12.3156,12.3301,12.278,12.2925,87761,true
ZSMPG,2026-09-01T13:30:00Z,12.2925,12.298,12.2793,12.2848,106817,true
ZSMPG,2026-09-01T13:35:00Z,12.2848,12.292,12.2616,12.2688,138941,true
ZSMPG,2026-09-01T13:40:00Z,12.2688,12.2834,12.2645,12.2791,100090,true
ZSMPG,2026-09-01T13:45:00Z,12.2791,12.3297,12.2598,12.3104,78239,true
ZSMPG,2026-09-01T13:50:00Z,12.3104,12.3221,12.2795,12.2913,82219,true
ZSMPG,2026-09-01T13:55:00Z,12.2913,12.3373,12.2801,12.3261,94316,true
ZSMPG,2026-09-01T14:00:00Z,12.3261,12.3451,12.3259,12.3449,150460,true
ZSMPG,2026-09-01T14:05:00Z,12.3449,12.345,12.3054,12.3054,57429,true
ZSMPG,2026-09-01T14:10:00Z,12.3054,12.3115,12.2806,12.2867,81393,true
ZSMPG,2026-09-01T14:15:00Z,12.2867,12.3011,12.2604,12.2748,75986,true
ZSMPG,2026-09-01T14:20:00Z,12.2748,12.2806,12.2412,12.247,36562,true
ZSMPG,2026-09-01T14:25:00Z,12.247,12.2818,12.2386,12.2733,61015,true
ZSMPG,2026-09-01T14:30:00Z,12.2733,12.2888,12.237,12.2525,44318,true
ZSMPG,2026-09-01T14:35:00Z,12.2525,12.2804,12.2437,12.2716,51004,true
ZSMPG,2026-09-01T14:40:00Z,12.2716,12.2902,12.2661,12.2848,36888,true
ZSMPG,2026-09-01T14:45:00Z,12.2848,12.2888,12.2711,12.2752,60195,true
ZSMPG,2026-09-01T14:50:00Z,12.2752,12.2832,12.2454,12.2535,70523,true
ZSMPG,2026-09-01T14:55:00Z,12.2535,12.28,12.2505,12.2771,50254,true
ZSMPG,2026-09-01T15:00:00Z,12.2771,12.3005,12.2756,12.299,44042,true
ZSMPG,2026-09-01T15:05:00Z,12.299,12.3026,12.2468,12.2503,51423,true
ZSMPG,2026-09-01T15:10:00Z,12.2503,12.2651,12.2088,12.2235,55677,true
ZSMPG,2026-09-01T15:15:00Z,12.2235,12.2285,12.2126,12.2175,44223,true
ZSMPG,2026-09-01T15:20:00Z,12.2175,12.2334,12.1881,12.204,84295,true
ZSMPG,2026-09-01T15:25:00Z,12.204,12.2073,12.1741,12.1773,33241,true
ZSMPG,2026-09-01T15:30:00Z,12.1773,12.1847,12.1751,12.1825,73663,true
ZSMPG,2026-09-01T15:35:00Z,12.1825,12.1971,12.1424,12.157,44294,true
ZSMPG,2026-09-01T15:40:00Z,12.157,12.1754,12.1499,12.1682,47743,true
ZSMPG,2026-09-01T15:45:00Z,12.1682,12.1745,12.1202,12.1264,41697,true
ZSMPG,2026-09-01T15:50:00Z,12.1264,12.1298,12.1256,12.1289,78257,true
ZSMPG,2026-09-01T15:55:00Z,12.1289,12.1375,12.1261,12.1347,65509,true
ZSMPG,2026-09-01T16:00:00Z,12.1347,12.1631,12.1296,12.1579,47546,true
ZSMPG,2026-09-01T16:05:00Z,12.1579,12.2087,12.125,12.1758,45934,true
ZSMPG,2026-09-01T16:10:00Z,12.1758,12.1951,12.1723,12.1917,60927,true
ZSMPG,2026-09-01T16:15:00Z,12.1917,12.2781,12.1777,12.2642,58028,true
ZSMPG,2026-09-01T16:20:00Z,12.2642,12.2681,12.2457,12.2496,67531,true
ZSMPG,2026-09-01T16:25:00Z,12.2496,12.2539,12.2393,12.2435,38281,true
ZSMPG,2026-09-01T16:30:00Z,12.2435,12.2554,12.1971,12.2091,37957,true
ZSMPG,2026-09-01T16:35:00Z,12.2091,12.2182,12.1964,12.2055,42409,true
ZSMPG,2026-09-01T16:40:00Z,12.2055,12.2102,12.2017,12.2065,64132,true
ZSMPG,2026-09-01T16:45:00Z,12.2065,12.2079,12.1761,12.1775,60445,true
ZSMPG,2026-09-01T16:50:00Z,12.1775,12.1897,12.161,12.1731,66191,true
ZSMPG,2026-09-01T16:55:00Z,12.1731,12.2046,12.1688,12.2003,49154,true
ZSMPG,2026-09-01T17:00:00Z,12.2003,12.2188,12.1871,12.2056,47365,true
ZSMPG,2026-09-01T17:05:00Z,12.2056,12.2135,12.1954,12.2033,89898,true
ZSMPG,2026-09-01T17:10:00Z,12.2033,12.2235,12.2031,12.2233,40995,true
ZSMPG,2026-09-01T17:15:00Z,12.2233,12.2642,12.1984,12.2393,41830,true
ZSMPG,2026-09-01T17:20:00Z,12.2393,12.2571,12.2386,12.2564,48895,true
ZSMPG,2026-09-01T17:25:00Z,12.2564,12.2672,12.2461,12.2569,47689,true
ZSMPG,2026-09-01T17:30:00Z,12.2569,12.2698,12.2299,12.2427,48479,true
ZSMPG,2026-09-01T17:35:00Z,12.2427,12.2455,12.2422,12.245,34186,true
ZSMPG,2026-09-01T17:40:00Z,12.245,12.2533,12.2199,12.2281,44583,true
ZSMPG,2026-09-01T17:45:00Z,12.2281,12.2302,12.2234,12.2255,53460,true
ZSMPG,2026-09-01T17:50:00Z,12.2255,12.2383,12.217,12.2298,44151,true
ZSMPG,2026-09-01T17:55:00Z,12.2298,12.2418,12.225,12.2369,53887,true
ZSMPG,2026-09-01T18:00:00Z,12.2369,12.2738,12.2145,12.2514,45699,true
ZSMPG,2026-09-01T18:05:00Z,12.2514,12.2632,12.2482,12.26,55229,true
ZSMPG,2026-09-01T18:10:00Z,12.26,12.2659,12.2132,12.2191,48532,true
ZSMPG,2026-09-01T18:15:00Z,12.2191,12.2275,12.2044,12.2128,70072,true
ZSMPG,2026-09-01T18:20:00Z,12.2128,12.2292,12.2097,12.2261,40538,true
ZSMPG,2026-09-01T18:25:00Z,12.2261,12.2398,12.1979,12.2116,60756,true
ZSMPG,2026-09-01T18:30:00Z,12.2116,12.2373,12.2093,12.2351,47688,true
ZSMPG,2026-09-01T18:35:00Z,12.2351,12.2605,12.2316,12.2571,41241,true
ZSMPG,2026-09-01T18:40:00Z,12.2571,12.2811,12.243,12.267,53711,true
ZSMPG,2026-09-01T18:45:00Z,12.267,12.2849,12.264,12.2818,83960,true
ZSMPG,2026-09-01T18:50:00Z,12.2818,12.339,12.2701,12.3272,86653,true
ZSMPG,2026-09-01T18:55:00Z,12.3272,12.3336,12.2941,12.3005,42438,true
ZSMPG,2026-09-01T19:00:00Z,12.3005,12.3139,12.2642,12.2776,96876,true
ZSMPG,2026-09-01T19:05:00Z,12.2776,12.3191,12.2707,12.3121,72178,true
ZSMPG,2026-09-01T19:10:00Z,12.3121,12.3287,12.2927,12.3093,44747,true
ZSMPG,2026-09-01T19:15:00Z,12.3093,12.3178,12.2932,12.3017,73607,true
ZSMPG,2026-09-01T19:20:00Z,12.3017,12.3037,12.2886,12.2906,60944,true
ZSMPG,2026-09-01T19:25:00Z,12.2906,12.2977,12.2816,12.2887,60473,true
ZSMPG,2026-09-01T19:30:00Z,12.2887,12.2951,12.2737,12.2801,82097,true
ZSMPG,2026-09-01T19:35:00Z,12.2801,12.2976,12.2648,12.2823,56154,true
ZSMPG,2026-09-01T19:40:00Z,12.2823,12.2877,12.28,12.2854,69693,true
ZSMPG,2026-09-01T19:45:00Z,12.2854,12.326,12.2805,12.3211,74451,true
ZSMPG,2026-09-01T19:50:00Z,12.3211,12.3579,12.3165,12.3533,98927,true
ZSMPG,2026-09-01T19:55:00Z,12.3533,12.378,12.3438,12.3685,125986,true
ZSMPG,2026-09-02T13:30:00Z,12.3685,12.3763,12.3498,12.3576,133935,true
ZSMPG,2026-09-02T13:35:00Z,12.3576,12.3615,12.3275,12.3313,122500,true
ZSMPG,2026-09-02T13:40:00Z,12.3313,12.3414,12.3095,12.3196,84591,true
ZSMPG,2026-09-02T13:45:00Z,12.3196,12.3508,12.3162,12.3474,109538,true
ZSMPG,2026-09-02T13:50:00Z,12.3474,12.3497,12.3381,12.3404,86637,true
ZSMPG,2026-09-02T13:55:00Z,12.3404,12.3507,12.3239,12.3342,132621,true
ZSMPG,2026-09-02T14:00:00Z,12.3342,12.3353,12.3064,12.3076,92189,true
ZSMPG,2026-09-02T14:05:00Z,12.3076,12.3126,12.2977,12.3027,94681,true
ZSMPG,2026-09-02T14:10:00Z,12.3027,12.3131,12.2586,12.269,90545,true
ZSMPG,2026-09-02T14:15:00Z,12.269,12.3079,12.2611,12.3,54358,true
ZSMPG,2026-09-02T14:20:00Z,12.3,12.3416,12.2858,12.3274,42839,true
ZSMPG,2026-09-02T14:25:00Z,12.3274,12.3315,12.3259,12.33,66124,true
ZSMPG,2026-09-02T14:30:00Z,12.33,12.341,12.3277,12.3386,49305,true
ZSMPG,2026-09-02T14:35:00Z,12.3386,12.3511,12.29,12.3025,56129,true
ZSMPG,2026-09-02T14:40:00Z,12.3025,12.3142,12.2763,12.288,46501,true
ZSMPG,2026-09-02T14:45:00Z,12.288,12.3083,12.2726,12.2929,53482,true
ZSMPG,2026-09-02T14:50:00Z,12.2929,12.2978,12.2791,12.284,39721,true
ZSMPG,2026-09-02T14:55:00Z,12.284,12.2924,12.2788,12.2872,65534,true
ZSMPG,2026-09-02T15:00:00Z,12.2872,12.3008,12.2622,12.2758,46108,true
ZSMPG,2026-09-02T15:05:00Z,12.2758,12.2822,12.2719,12.2782,64398,true
ZSMPG,2026-09-02T15:10:00Z,12.2782,12.2906,12.2427,12.2551,34534,true
ZSMPG,2026-09-02T15:15:00Z,12.2551,12.2928,12.2415,12.2792,60277,true
ZSMPG,2026-09-02T15:20:00Z,12.2792,12.3228,12.2752,12.3188,73682,true
ZSMPG,2026-09-02T15:25:00Z,12.3188,12.3468,12.3108,12.3388,55605,true
ZSMPG,2026-09-02T15:30:00Z,12.3388,12.3457,12.3017,12.3086,55157,true
ZSMPG,2026-09-02T15:35:00Z,12.3086,12.3194,12.3012,12.312,44391,true
ZSMPG,2026-09-02T15:40:00Z,12.312,12.3155,12.3073,12.3108,38116,true
ZSMPG,2026-09-02T15:45:00Z,12.3108,12.3409,12.2959,12.3261,50544,true
ZSMPG,2026-09-02T15:50:00Z,12.3261,12.3294,12.3084,12.3118,71255,true
ZSMPG,2026-09-02T15:55:00Z,12.3118,12.3522,12.2963,12.3367,45545,true
ZSMPG,2026-09-02T16:00:00Z,12.3367,12.3412,12.3274,12.3319,60403,true
ZSMPG,2026-09-02T16:05:00Z,12.3319,12.3381,12.288,12.2941,53434,true
ZSMPG,2026-09-02T16:10:00Z,12.2941,12.3167,12.2558,12.2783,52875,true
ZSMPG,2026-09-02T16:15:00Z,12.2783,12.286,12.267,12.2747,51664,true
ZSMPG,2026-09-02T16:20:00Z,12.2747,12.2802,12.2707,12.2762,50484,true
ZSMPG,2026-09-02T16:25:00Z,12.2762,12.2994,12.2587,12.2819,76394,true
ZSMPG,2026-09-02T16:30:00Z,12.2819,12.3149,12.2683,12.3013,46397,true
ZSMPG,2026-09-02T16:35:00Z,12.3013,12.3202,12.2744,12.2933,48776,true
ZSMPG,2026-09-02T16:40:00Z,12.2933,12.317,12.2909,12.3146,60442,true
ZSMPG,2026-09-02T16:45:00Z,12.3146,12.3189,12.3087,12.3131,52951,true
ZSMPG,2026-09-02T16:50:00Z,12.3131,12.3506,12.2954,12.333,61637,true
ZSMPG,2026-09-02T16:55:00Z,12.333,12.3683,12.3028,12.3381,36010,true
ZSMPG,2026-09-02T17:00:00Z,12.3381,12.3581,12.3241,12.3441,69613,true
ZSMPG,2026-09-02T17:05:00Z,12.3441,12.3497,12.337,12.3426,60294,true
ZSMPG,2026-09-02T17:10:00Z,12.3426,12.3767,12.319,12.3532,58228,true
ZSMPG,2026-09-02T17:15:00Z,12.3532,12.3673,12.3418,12.3559,48803,true
ZSMPG,2026-09-02T17:20:00Z,12.3559,12.3622,12.3557,12.3619,60164,true
ZSMPG,2026-09-02T17:25:00Z,12.3619,12.3624,12.3595,12.36,51832,true
ZSMPG,2026-09-02T17:30:00Z,12.36,12.4077,12.3412,12.3889,52093,true
ZSMPG,2026-09-02T17:35:00Z,12.3889,12.3894,12.3659,12.3664,59667,true
ZSMPG,2026-09-02T17:40:00Z,12.3664,12.3759,12.355,12.3645,36539,true
ZSMPG,2026-09-02T17:45:00Z,12.3645,12.3736,12.3055,12.3146,61677,true
ZSMPG,2026-09-02T17:50:00Z,12.3146,12.3433,12.2994,12.3281,37118,true
ZSMPG,2026-09-02T17:55:00Z,12.3281,12.3666,12.3155,12.354,48277,true
ZSMPG,2026-09-02T18:00:00Z,12.354,12.3549,12.3335,12.3344,73138,true
ZSMPG,2026-09-02T18:05:00Z,12.3344,12.3943,12.3164,12.3763,47782,true
ZSMPG,2026-09-02T18:10:00Z,12.3763,12.4,12.3747,12.3984,49681,true
ZSMPG,2026-09-02T18:15:00Z,12.3984,12.4105,12.3967,12.4089,82518,true
ZSMPG,2026-09-02T18:20:00Z,12.4089,12.4575,12.3915,12.44,56611,true
ZSMPG,2026-09-02T18:25:00Z,12.44,12.4481,12.439,12.4471,37657,true
ZSMPG,2026-09-02T18:30:00Z,12.4471,12.4527,12.4304,12.4361,53302,true
ZSMPG,2026-09-02T18:35:00Z,12.4361,12.4579,12.4302,12.4519,53381,true
ZSMPG,2026-09-02T18:40:00Z,12.4519,12.4726,12.4421,12.4628,74083,true
ZSMPG,2026-09-02T18:45:00Z,12.4628,12.4634,12.4349,12.4356,58578,true
ZSMPG,2026-09-02T18:50:00Z,12.4356,12.4495,12.3908,12.4048,54844,true
ZSMPG,2026-09-02T18:55:00Z,12.4048,12.4131,12.375,12.3834,79689,true
ZSMPG,2026-09-02T19:00:00Z,12.3834,12.39,12.382,12.3887,63419,true
ZSMPG,2026-09-02T19:05:00Z,12.3887,12.4314,12.3768,12.4195,58857,true
ZSMPG,2026-09-02T19:10:00Z,12.4195,12.4531,12.4056,12.4392,92133,true
ZSMPG,2026-09-02T19:15:00Z,12.4392,12.4493,12.3905,12.4006,75773,true
ZSMPG,2026-09-02T19:20:00Z,12.4006,12.4404,12.3983,12.4382,71203,true
ZSMPG,2026-09-02T19:25:00Z,12.4382,12.4554,12.4256,12.4428,66605,true
ZSMPG,2026-09-02T19:30:00Z,12.4428,12.4581,12.4392,12.4545,95924,true
ZSMPG,2026-09-02T19:35:00Z,12.4545,12.4722,12.4433,12.4609,87163,true
ZSMPG,2026-09-02T19:40:00Z,12.4609,12.4811,12.4576,12.4778,123378,true
ZSMPG,2026-09-02T19:45:00Z,12.4778,12.4839,12.4699,12.4759,117982,true
ZSMPG,2026-09-02T19:50:00Z,12.4759,12.4914,12.456,12.4715,116307,true
ZSMPG,2026-09-02T19:55:00Z,12.4715,12.4719,12.4538,12.4541,63605,true
ZSMPG,2026-09-03T13:30:00Z,12.4541,12.4651,12.4206,12.4316,99236,true
ZSMPG,2026-09-03T13:35:00Z,12.4316,12.4565,12.4295,12.4544,107114,true
ZSMPG,2026-09-03T13:40:00Z,12.4544,12.504,12.4309,12.4806,136808,true
ZSMPG,2026-09-03T13:45:00Z,12.4806,12.4937,12.4503,12.4634,128545,true
ZSMPG,2026-09-03T13:50:00Z,12.4634,12.4802,12.4165,12.4333,98756,true
ZSMPG,2026-09-03T13:55:00Z,12.4333,12.4468,12.3826,12.3961,49465,true
ZSMPG,2026-09-03T14:00:00Z,12.3961,12.4055,12.3853,12.3947,106019,true
ZSMPG,2026-09-03T14:05:00Z,12.3947,12.4244,12.3869,12.4167,49543,true
ZSMPG,2026-09-03T14:10:00Z,12.4167,12.4337,12.4147,12.4317,69125,true
ZSMPG,2026-09-03T14:15:00Z,12.4317,12.4562,12.4279,12.4524,50498,true
ZSMPG,2026-09-03T14:20:00Z,12.4524,12.467,12.4207,12.4353,66290,true
ZSMPG,2026-09-03T14:25:00Z,12.4353,12.4686,12.4209,12.4542,33323,true
ZSMPG,2026-09-03T14:30:00Z,12.4542,12.4685,12.4179,12.4322,47214,true
ZSMPG,2026-09-03T14:35:00Z,12.4322,12.4434,12.3983,12.4096,53565,true
ZSMPG,2026-09-03T14:40:00Z,12.4096,12.4237,12.4079,12.4221,59584,true
ZSMPG,2026-09-03T14:45:00Z,12.4221,12.4391,12.4105,12.4275,90443,true
ZSMPG,2026-09-03T14:50:00Z,12.4275,12.4397,12.3913,12.4035,74910,true
ZSMPG,2026-09-03T14:55:00Z,12.4035,12.4244,12.3978,12.4186,79044,true
ZSMPG,2026-09-03T15:00:00Z,12.4186,12.4506,12.4132,12.4452,47256,true
ZSMPG,2026-09-03T15:05:00Z,12.4452,12.4534,12.4314,12.4396,64749,true
ZSMPG,2026-09-03T15:10:00Z,12.4396,12.4652,12.4298,12.4553,50302,true
ZSMPG,2026-09-03T15:15:00Z,12.4553,12.4575,12.434,12.4362,40283,true
ZSMPG,2026-09-03T15:20:00Z,12.4362,12.445,12.3784,12.3873,44941,true
ZSMPG,2026-09-03T15:25:00Z,12.3873,12.4138,12.3872,12.4137,55770,true
ZSMPG,2026-09-03T15:30:00Z,12.4137,12.4558,12.4063,12.4483,38803,true
ZSMPG,2026-09-03T15:35:00Z,12.4483,12.4657,12.4433,12.4606,54922,true
ZSMPG,2026-09-03T15:40:00Z,12.4606,12.4714,12.4387,12.4495,40239,true
ZSMPG,2026-09-03T15:45:00Z,12.4495,12.4644,12.443,12.4579,46013,true
ZSMPG,2026-09-03T15:50:00Z,12.4579,12.5006,12.4478,12.4904,84456,true
ZSMPG,2026-09-03T15:55:00Z,12.4904,12.4989,12.4871,12.4956,71131,true
ZSMPG,2026-09-03T16:00:00Z,12.4956,12.5015,12.4909,12.4967,37264,true
ZSMPG,2026-09-03T16:05:00Z,12.4967,12.5141,12.493,12.5103,41331,true
ZSMPG,2026-09-03T16:10:00Z,12.5103,12.522,12.4974,12.5091,29732,true
ZSMPG,2026-09-03T16:15:00Z,12.5091,12.5113,12.4651,12.4673,43865,true
ZSMPG,2026-09-03T16:20:00Z,12.4673,12.4686,12.4515,12.4528,48954,true
ZSMPG,2026-09-03T16:25:00Z,12.4528,12.4632,12.4278,12.4383,58974,true
ZSMPG,2026-09-03T16:30:00Z,12.4383,12.4469,12.424,12.4327,55549,true
ZSMPG,2026-09-03T16:35:00Z,12.4327,12.4508,12.4102,12.4284,57966,true
ZSMPG,2026-09-03T16:40:00Z,12.4284,12.4376,12.3866,12.3959,51921,true
ZSMPG,2026-09-03T16:45:00Z,12.3959,12.4055,12.3743,12.384,49663,true
ZSMPG,2026-09-03T16:50:00Z,12.384,12.4225,12.3836,12.4221,77780,true
ZSMPG,2026-09-03T16:55:00Z,12.4221,12.4492,12.4114,12.4385,55060,true
ZSMPG,2026-09-03T17:00:00Z,12.4385,12.4479,12.4127,12.4221,59631,true
ZSMPG,2026-09-03T17:05:00Z,12.4221,12.4252,12.4188,12.4219,41047,true
ZSMPG,2026-09-03T17:10:00Z,12.4219,12.4291,12.4049,12.412,45682,true
ZSMPG,2026-09-03T17:15:00Z,12.412,12.4346,12.4016,12.4242,75629,true
ZSMPG,2026-09-03T17:20:00Z,12.4242,12.4504,12.4136,12.4398,51964,true
ZSMPG,2026-09-03T17:25:00Z,12.4398,12.4983,12.4315,12.49,61801,true
ZSMPG,2026-09-03T17:30:00Z,12.49,12.5384,12.4899,12.5384,62398,true
ZSMPG,2026-09-03T17:35:00Z,12.5384,12.5552,12.4992,12.5161,37344,true
ZSMPG,2026-09-03T17:40:00Z,12.5161,12.5317,12.4984,12.5141,57033,true
ZSMPG,2026-09-03T17:45:00Z,12.5141,12.544,12.4913,12.5213,39784,true
ZSMPG,2026-09-03T17:50:00Z,12.5213,12.526,12.5011,12.5058,70174,true
ZSMPG,2026-09-03T17:55:00Z,12.5058,12.5343,12.4678,12.4962,55848,true
ZSMPG,2026-09-03T18:00:00Z,12.4962,12.5002,12.4914,12.4954,47808,true
ZSMPG,2026-09-03T18:05:00Z,12.4954,12.5031,12.4876,12.4953,33426,true
ZSMPG,2026-09-03T18:10:00Z,12.4953,12.5329,12.4925,12.5302,60420,true
ZSMPG,2026-09-03T18:15:00Z,12.5302,12.5473,12.5119,12.529,48367,true
ZSMPG,2026-09-03T18:20:00Z,12.529,12.5325,12.52,12.5235,64052,true
ZSMPG,2026-09-03T18:25:00Z,12.5235,12.5529,12.5209,12.5502,39693,true
ZSMPG,2026-09-03T18:30:00Z,12.5502,12.5731,12.5439,12.5668,42281,true
ZSMPG,2026-09-03T18:35:00Z,12.5668,12.6021,12.5541,12.5894,50325,true
ZSMPG,2026-09-03T18:40:00Z,12.5894,12.5988,12.529,12.5383,49348,true
ZSMPG,2026-09-03T18:45:00Z,12.5383,12.5837,12.5197,12.5651,59119,true
ZSMPG,2026-09-03T18:50:00Z,12.5651,12.5795,12.5432,12.5576,54199,true
ZSMPG,2026-09-03T18:55:00Z,12.5576,12.5656,12.5351,12.5432,42069,true
ZSMPG,2026-09-03T19:00:00Z,12.5432,12.5439,12.5337,12.5345,59665,true
ZSMPG,2026-09-03T19:05:00Z,12.5345,12.5556,12.4905,12.5116,64548,true
ZSMPG,2026-09-03T19:10:00Z,12.5116,12.5445,12.5006,12.5335,61301,true
ZSMPG,2026-09-03T19:15:00Z,12.5335,12.557,12.5237,12.5473,70852,true
ZSMPG,2026-09-03T19:20:00Z,12.5473,12.5659,12.5167,12.5353,64091,true
ZSMPG,2026-09-03T19:25:00Z,12.5353,12.5427,12.5297,12.5371,57006,true
ZSMPG,2026-09-03T19:30:00Z,12.5371,12.5535,12.5225,12.5388,82899,true
ZSMPG,2026-09-03T19:35:00Z,12.5388,12.5441,12.5311,12.5364,66516,true
ZSMPG,2026-09-03T19:40:00Z,12.5364,12.5463,12.5079,12.5178,67489,true
ZSMPG,2026-09-03T19:45:00Z,12.5178,12.5202,12.5142,12.5166,132530,true
ZSMPG,2026-09-03T19:50:00Z,12.5166,12.5255,12.5145,12.5234,126431,true
ZSMPG,2026-09-03T19:55:00Z,12.5234,12.5312,12.523,12.5308,136640,true
ZSMPG,2026-09-04T13:30:00Z,12.5308,12.5647,12.5111,12.545,143982,true
ZSMPG,2026-09-04T13:35:00Z,12.545,12.5503,12.5427,12.548,133159,true
ZSMPG,2026-09-04T13:40:00Z,12.548,12.5682,12.5148,12.5351,83128,true
ZSMPG,2026-09-04T13:45:00Z,12.5351,12.5482,12.5117,12.5248,73485,true
ZSMPG,2026-09-04T13:50:00Z,12.5248,12.5469,12.5243,12.5464,109961,true
ZSMPG,2026-09-04T13:55:00Z,12.5464,12.5604,12.5394,12.5533,77908,true
ZSMPG,2026-09-04T14:00:00Z,12.5533,12.5634,12.5265,12.5366,93458,true
ZSMPG,2026-09-04T14:05:00Z,12.5366,12.5377,12.5302,12.5313,82084,true
ZSMPG,2026-09-04T14:10:00Z,12.5313,12.5646,12.5233,12.5566,53694,true
ZSMPG,2026-09-04T14:15:00Z,12.5566,12.6115,12.5303,12.5852,76481,true
ZSMPG,2026-09-04T14:20:00Z,12.5852,12.5921,12.5699,12.5768,76913,true
ZSMPG,2026-09-04T14:25:00Z,12.5768,12.5798,12.5423,12.5453,70132,true
ZSMPG,2026-09-04T14:30:00Z,12.5453,12.5896,12.5369,12.5812,58075,true
ZSMPG,2026-09-04T14:35:00Z,12.5812,12.586,12.5605,12.5653,53783,true
ZSMPG,2026-09-04T14:40:00Z,12.5653,12.5684,12.5554,12.5586,46760,true
ZSMPG,2026-09-04T14:45:00Z,12.5586,12.6128,12.5307,12.5849,63424,true
ZSMPG,2026-09-04T14:50:00Z,12.5849,12.6006,12.5453,12.561,102017,true
ZSMPG,2026-09-04T14:55:00Z,12.561,12.5645,12.5525,12.556,74599,true
ZSMPG,2026-09-04T15:00:00Z,12.556,12.567,12.554,12.5651,44608,true
ZSMPG,2026-09-04T15:05:00Z,12.5651,12.5805,12.5259,12.5413,62544,true
ZSMPG,2026-09-04T15:10:00Z,12.5413,12.5548,12.5366,12.5501,50433,true
ZSMPG,2026-09-04T15:15:00Z,12.5501,12.5558,12.5298,12.5355,36669,true
ZSMPG,2026-09-04T15:20:00Z,12.5355,12.5619,12.5309,12.5572,29843,true
ZSMPG,2026-09-04T15:25:00Z,12.5572,12.5793,12.5259,12.548,89740,true
ZSMPG,2026-09-04T15:30:00Z,12.548,12.5779,12.5418,12.5718,74774,true
ZSMPG,2026-09-04T15:35:00Z,12.5718,12.6085,12.5695,12.6062,56702,true
ZSMPG,2026-09-04T15:40:00Z,12.6062,12.6455,12.5911,12.6304,55702,true
ZSMPG,2026-09-04T15:45:00Z,12.6304,12.6307,12.6241,12.6245,48520,true
ZSMPG,2026-09-04T15:50:00Z,12.6245,12.6299,12.6211,12.6265,66621,true
ZSMPG,2026-09-04T15:55:00Z,12.6265,12.6699,12.6141,12.6574,46632,true
ZSMPG,2026-09-04T16:00:00Z,12.6574,12.7054,12.6343,12.6822,59347,true
ZSMPG,2026-09-04T16:05:00Z,12.6822,12.6927,12.653,12.6634,49441,true
ZSMPG,2026-09-04T16:10:00Z,12.6634,12.667,12.657,12.6605,46709,true
ZSMPG,2026-09-04T16:15:00Z,12.6605,12.6793,12.6429,12.6617,31047,true
ZSMPG,2026-09-04T16:20:00Z,12.6617,12.6639,12.6485,12.6507,60277,true
ZSMPG,2026-09-04T16:25:00Z,12.6507,12.662,12.647,12.6583,59620,true
ZSMPG,2026-09-04T16:30:00Z,12.6583,12.6718,12.6193,12.6328,57432,true
ZSMPG,2026-09-04T16:35:00Z,12.6328,12.6455,12.5931,12.6058,26161,true
ZSMPG,2026-09-04T16:40:00Z,12.6058,12.6253,12.5993,12.6189,38582,true
ZSMPG,2026-09-04T16:45:00Z,12.6189,12.6245,12.6159,12.6215,87338,true
ZSMPG,2026-09-04T16:50:00Z,12.6215,12.6219,12.6058,12.6062,39150,true
ZSMPG,2026-09-04T16:55:00Z,12.6062,12.6367,12.6038,12.6343,44827,true
ZSMPG,2026-09-04T17:00:00Z,12.6343,12.6535,12.6287,12.6479,73423,true
ZSMPG,2026-09-04T17:05:00Z,12.6479,12.6491,12.6377,12.6389,56776,true
ZSMPG,2026-09-04T17:10:00Z,12.6389,12.6487,12.613,12.6228,64033,true
ZSMPG,2026-09-04T17:15:00Z,12.6228,12.6243,12.6131,12.6146,58721,true
ZSMPG,2026-09-04T17:20:00Z,12.6146,12.6176,12.5858,12.5888,47446,true
ZSMPG,2026-09-04T17:25:00Z,12.5888,12.614,12.5811,12.6063,44597,true
ZSMPG,2026-09-04T17:30:00Z,12.6063,12.6277,12.6045,12.6258,60905,true
ZSMPG,2026-09-04T17:35:00Z,12.6258,12.6347,12.5944,12.6033,53154,true
ZSMPG,2026-09-04T17:40:00Z,12.6033,12.6145,12.5678,12.579,29464,true
ZSMPG,2026-09-04T17:45:00Z,12.579,12.6238,12.5677,12.6125,34039,true
ZSMPG,2026-09-04T17:50:00Z,12.6125,12.6222,12.5988,12.6085,92882,true
ZSMPG,2026-09-04T17:55:00Z,12.6085,12.6112,12.5986,12.6013,44788,true
ZSMPG,2026-09-04T18:00:00Z,12.6013,12.6155,12.5968,12.6111,64853,true
ZSMPG,2026-09-04T18:05:00Z,12.6111,12.6279,12.5812,12.5981,43251,true
ZSMPG,2026-09-04T18:10:00Z,12.5981,12.6193,12.5801,12.6014,56573,true
ZSMPG,2026-09-04T18:15:00Z,12.6014,12.6095,12.6013,12.6094,47381,true
ZSMPG,2026-09-04T18:20:00Z,12.6094,12.6487,12.5836,12.6229,36598,true
ZSMPG,2026-09-04T18:25:00Z,12.6229,12.6394,12.6138,12.6302,57449,true
ZSMPG,2026-09-04T18:30:00Z,12.6302,12.6364,12.6087,12.6149,48575,true
ZSMPG,2026-09-04T18:35:00Z,12.6149,12.633,12.6138,12.632,54657,true
ZSMPG,2026-09-04T18:40:00Z,12.632,12.6335,12.6254,12.627,55088,true
ZSMPG,2026-09-04T18:45:00Z,12.627,12.6305,12.587,12.5906,49909,true
ZSMPG,2026-09-04T18:50:00Z,12.5906,12.6028,12.5717,12.5839,64117,true
ZSMPG,2026-09-04T18:55:00Z,12.5839,12.5856,12.5619,12.5637,49590,true
ZSMPG,2026-09-04T19:00:00Z,12.5637,12.5703,12.5309,12.5375,74907,true
ZSMPG,2026-09-04T19:05:00Z,12.5375,12.5409,12.5062,12.5096,102411,true
ZSMPG,2026-09-04T19:10:00Z,12.5096,12.5286,12.4998,12.5188,64860,true
ZSMPG,2026-09-04T19:15:00Z,12.5188,12.5301,12.5082,12.5196,82746,true
ZSMPG,2026-09-04T19:20:00Z,12.5196,12.5353,12.4907,12.5064,48499,true
ZSMPG,2026-09-04T19:25:00Z,12.5064,12.5203,12.5033,12.5171,59230,true
ZSMPG,2026-09-04T19:30:00Z,12.5171,12.5182,12.5143,12.5154,61187,true
ZSMPG,2026-09-04T19:35:00Z,12.5154,12.5764,12.5045,12.5655,74969,true
ZSMPG,2026-09-04T19:40:00Z,12.5655,12.5682,12.558,12.5607,75994,true
ZSMPG,2026-09-04T19:45:00Z,12.5607,12.5666,12.5495,12.5555,79677,true
ZSMPG,2026-09-04T19:50:00Z,12.5555,12.5637,12.539,12.5472,98005,true
ZSMPG,2026-09-04T19:55:00Z,12.5472,12.556,12.4984,12.5072,106482,true
ZSMPG,2026-09-08T13:30:00Z,12.5072,12.5515,12.4801,12.5244,154745,true
ZSMPG,2026-09-08T13:35:00Z,12.5244,12.5392,12.5093,12.5241,99089,true
ZSMPG,2026-09-08T13:40:00Z,12.5241,12.5596,12.5067,12.5422,97348,true
ZSMPG,2026-09-08T13:45:00Z,12.5422,12.5517,12.5215,12.531,124598,true
ZSMPG,2026-09-08T13:50:00Z,12.531,12.5317,12.4892,12.49,64698,true
ZSMPG,2026-09-08T13:55:00Z,12.49,12.5189,12.4809,12.5098,100944,true
ZSMPG,2026-09-08T14:00:00Z,12.5098,12.5138,12.4738,12.4778,79493,true
ZSMPG,2026-09-08T14:05:00Z,12.4778,12.4795,12.4687,12.4704,76718,true
ZSMPG,2026-09-08T14:10:00Z,12.4704,12.4835,12.4495,12.4627,94745,true
ZSMPG,2026-09-08T14:15:00Z,12.4627,12.4899,12.4577,12.485,67515,true
ZSMPG,2026-09-08T14:20:00Z,12.485,12.5009,12.4847,12.5005,87833,true
ZSMPG,2026-09-08T14:25:00Z,12.5005,12.5157,12.4749,12.49,58900,true
ZSMPG,2026-09-08T14:30:00Z,12.49,12.4973,12.4767,12.4839,37483,true
ZSMPG,2026-09-08T14:35:00Z,12.4839,12.5101,12.4839,12.51,60793,true
ZSMPG,2026-09-08T14:40:00Z,12.51,12.5266,12.4691,12.4857,93668,true
ZSMPG,2026-09-08T14:45:00Z,12.4857,12.529,12.4795,12.5228,58798,true
ZSMPG,2026-09-08T14:50:00Z,12.5228,12.5314,12.5118,12.5203,64589,true
ZSMPG,2026-09-08T14:55:00Z,12.5203,12.5396,12.496,12.5153,100510,true
ZSMPG,2026-09-08T15:00:00Z,12.5153,12.5471,12.5069,12.5388,39337,true
ZSMPG,2026-09-08T15:05:00Z,12.5388,12.5474,12.5209,12.5296,49783,true
ZSMPG,2026-09-08T15:10:00Z,12.5296,12.5769,12.5102,12.5575,45838,true
ZSMPG,2026-09-08T15:15:00Z,12.5575,12.5719,12.5462,12.5606,40348,true
ZSMPG,2026-09-08T15:20:00Z,12.5606,12.5819,12.5594,12.5806,42805,true
ZSMPG,2026-09-08T15:25:00Z,12.5806,12.605,12.5655,12.5899,61452,true
ZSMPG,2026-09-08T15:30:00Z,12.5899,12.6376,12.5842,12.6319,69853,true
ZSMPG,2026-09-08T15:35:00Z,12.6319,12.6469,12.6312,12.6462,42549,true
ZSMPG,2026-09-08T15:40:00Z,12.6462,12.7062,12.6319,12.6919,46931,true
ZSMPG,2026-09-08T15:45:00Z,12.6919,12.696,12.6906,12.6947,74787,true
ZSMPG,2026-09-08T15:50:00Z,12.6947,12.6951,12.6599,12.6603,43704,true
ZSMPG,2026-09-08T15:55:00Z,12.6603,12.6731,12.6505,12.6634,61641,true
ZSMPG,2026-09-08T16:00:00Z,12.6634,12.6675,12.6612,12.6653,50368,true
ZSMPG,2026-09-08T16:05:00Z,12.6653,12.7005,12.6562,12.6913,38300,true
ZSMPG,2026-09-08T16:10:00Z,12.6913,12.6986,12.6808,12.6881,47498,true
ZSMPG,2026-09-08T16:15:00Z,12.6881,12.7173,12.6522,12.6814,38886,true
ZSMPG,2026-09-08T16:20:00Z,12.6814,12.6863,12.6807,12.6856,57590,true
ZSMPG,2026-09-08T16:25:00Z,12.6856,12.6989,12.6534,12.6666,36104,true
ZSMPG,2026-09-08T16:30:00Z,12.6666,12.6675,12.6533,12.6542,45965,true
ZSMPG,2026-09-08T16:35:00Z,12.6542,12.6591,12.6452,12.6501,110769,true
ZSMPG,2026-09-08T16:40:00Z,12.6501,12.6536,12.6456,12.6491,44428,true
ZSMPG,2026-09-08T16:45:00Z,12.6491,12.6677,12.6468,12.6654,55587,true
ZSMPG,2026-09-08T16:50:00Z,12.6654,12.6706,12.6476,12.6529,76355,true
ZSMPG,2026-09-08T16:55:00Z,12.6529,12.668,12.641,12.6562,47890,true
ZSMPG,2026-09-08T17:00:00Z,12.6562,12.663,12.6371,12.6439,95008,true
ZSMPG,2026-09-08T17:05:00Z,12.6439,12.6477,12.606,12.6099,62055,true
ZSMPG,2026-09-08T17:10:00Z,12.6099,12.6318,12.6054,12.6273,61293,true
ZSMPG,2026-09-08T17:15:00Z,12.6273,12.653,12.625,12.6507,46542,true
ZSMPG,2026-09-08T17:20:00Z,12.6507,12.6603,12.615,12.6246,57694,true
ZSMPG,2026-09-08T17:25:00Z,12.6246,12.6399,12.6135,12.6288,69432,true
ZSMPG,2026-09-08T17:30:00Z,12.6288,12.6747,12.6176,12.6635,35782,true
ZSMPG,2026-09-08T17:35:00Z,12.6635,12.6741,12.6295,12.6401,35646,true
ZSMPG,2026-09-08T17:40:00Z,12.6401,12.6485,12.6,12.6084,54685,true
ZSMPG,2026-09-08T17:45:00Z,12.6084,12.6838,12.5852,12.6605,50846,true
ZSMPG,2026-09-08T17:50:00Z,12.6605,12.6843,12.658,12.6818,51883,true
ZSMPG,2026-09-08T17:55:00Z,12.6818,12.6857,12.6818,12.6857,37141,true
ZSMPG,2026-09-08T18:00:00Z,12.6857,12.7333,12.6745,12.7221,36290,true
ZSMPG,2026-09-08T18:05:00Z,12.7221,12.7253,12.7003,12.7034,73090,true
ZSMPG,2026-09-08T18:10:00Z,12.7034,12.7394,12.6456,12.6816,44432,true
ZSMPG,2026-09-08T18:15:00Z,12.6816,12.699,12.6806,12.6981,121376,true
ZSMPG,2026-09-08T18:20:00Z,12.6981,12.6994,12.6659,12.6672,52322,true
ZSMPG,2026-09-08T18:25:00Z,12.6672,12.6975,12.6579,12.6881,53081,true
ZSMPG,2026-09-08T18:30:00Z,12.6881,12.7203,12.6852,12.7174,42320,true
ZSMPG,2026-09-08T18:35:00Z,12.7174,12.7268,12.668,12.6774,50587,true
ZSMPG,2026-09-08T18:40:00Z,12.6774,12.6796,12.6427,12.6448,81913,true
ZSMPG,2026-09-08T18:45:00Z,12.6448,12.656,12.6355,12.6467,62655,true
ZSMPG,2026-09-08T18:50:00Z,12.6467,12.652,12.6378,12.6431,40203,true
ZSMPG,2026-09-08T18:55:00Z,12.6431,12.6759,12.6406,12.6734,70982,true
ZSMPG,2026-09-08T19:00:00Z,12.6734,12.6828,12.6375,12.6469,61473,true
ZSMPG,2026-09-08T19:05:00Z,12.6469,12.6687,12.6457,12.6675,43355,true
ZSMPG,2026-09-08T19:10:00Z,12.6675,12.6962,12.6652,12.6939,65644,true
ZSMPG,2026-09-08T19:15:00Z,12.6939,12.7398,12.6699,12.7158,40911,true
ZSMPG,2026-09-08T19:20:00Z,12.7158,12.719,12.7041,12.7073,87282,true
ZSMPG,2026-09-08T19:25:00Z,12.7073,12.7361,12.7057,12.7346,54887,true
ZSMPG,2026-09-08T19:30:00Z,12.7346,12.7367,12.7062,12.7082,106206,true
ZSMPG,2026-09-08T19:35:00Z,12.7082,12.7201,12.6885,12.7003,103645,true
ZSMPG,2026-09-08T19:40:00Z,12.7003,12.7162,12.6971,12.713,84798,true
ZSMPG,2026-09-08T19:45:00Z,12.713,12.7228,12.7021,12.7119,85366,true
ZSMPG,2026-09-08T19:50:00Z,12.7119,12.7306,12.7063,12.725,82615,true
ZSMPG,2026-09-08T19:55:00Z,12.725,12.7511,12.72,12.746,106355,true
ZSMPG,2026-09-09T13:30:00Z,12.746,12.7634,12.7416,12.7589,117074,true
ZSMPG,2026-09-09T13:35:00Z,12.7589,12.774,12.7392,12.7543,109411,true
ZSMPG,2026-09-09T13:40:00Z,12.7543,12.7615,12.7447,12.7518,98684,true
ZSMPG,2026-09-09T13:45:00Z,12.7518,12.7962,12.7374,12.7817,60049,true
ZSMPG,2026-09-09T13:50:00Z,12.7817,12.8031,12.7736,12.7949,151212,true
ZSMPG,2026-09-09T13:55:00Z,12.7949,12.8167,12.7459,12.7677,62752,true
ZSMPG,2026-09-09T14:00:00Z,12.7677,12.7987,12.7521,12.7831,96068,true
ZSMPG,2026-09-09T14:05:00Z,12.7831,12.8416,12.7736,12.8321,117825,true
ZSMPG,2026-09-09T14:10:00Z,12.8321,12.8427,12.8144,12.825,47588,true
ZSMPG,2026-09-09T14:15:00Z,12.825,12.8266,12.8221,12.8238,60120,true
ZSMPG,2026-09-09T14:20:00Z,12.8238,12.8545,12.8194,12.8501,84756,true
ZSMPG,2026-09-09T14:25:00Z,12.8501,12.8792,12.8196,12.8487,47054,true
ZSMPG,2026-09-09T14:30:00Z,12.8487,12.8736,12.8261,12.851,87490,true
ZSMPG,2026-09-09T14:35:00Z,12.851,12.8551,12.8403,12.8444,60092,true
ZSMPG,2026-09-09T14:40:00Z,12.8444,12.8486,12.8411,12.8452,67301,true
ZSMPG,2026-09-09T14:45:00Z,12.8452,12.8533,12.8272,12.8353,44353,true
ZSMPG,2026-09-09T14:50:00Z,12.8353,12.8439,12.8132,12.8218,47393,true
ZSMPG,2026-09-09T14:55:00Z,12.8218,12.8304,12.7701,12.7787,42166,true
ZSMPG,2026-09-09T15:00:00Z,12.7787,12.7863,12.7668,12.7744,44703,true
ZSMPG,2026-09-09T15:05:00Z,12.7744,12.7753,12.7669,12.7679,69251,true
ZSMPG,2026-09-09T15:10:00Z,12.7679,12.7877,12.7591,12.779,56103,true
ZSMPG,2026-09-09T15:15:00Z,12.779,12.8631,12.7558,12.8399,57026,true
ZSMPG,2026-09-09T15:20:00Z,12.8399,12.8506,12.7904,12.801,47224,true
ZSMPG,2026-09-09T15:25:00Z,12.801,12.8083,12.7801,12.7874,53925,true
ZSMPG,2026-09-09T15:30:00Z,12.7874,12.8234,12.7788,12.8149,44151,true
ZSMPG,2026-09-09T15:35:00Z,12.8149,12.8182,12.7828,12.7862,53896,true
ZSMPG,2026-09-09T15:40:00Z,12.7862,12.8332,12.7707,12.8177,60335,true
ZSMPG,2026-09-09T15:45:00Z,12.8177,12.8439,12.7941,12.8204,47296,true
ZSMPG,2026-09-09T15:50:00Z,12.8204,12.8696,12.806,12.8553,36316,true
ZSMPG,2026-09-09T15:55:00Z,12.8553,12.8654,12.847,12.8571,57796,true
ZSMPG,2026-09-09T16:00:00Z,12.8571,12.8724,12.827,12.8424,45314,true
ZSMPG,2026-09-09T16:05:00Z,12.8424,12.8602,12.8197,12.8375,51026,true
ZSMPG,2026-09-09T16:10:00Z,12.8375,12.8712,12.824,12.8577,42919,true
ZSMPG,2026-09-09T16:15:00Z,12.8577,12.8681,12.836,12.8464,39328,true
ZSMPG,2026-09-09T16:20:00Z,12.8464,12.8522,12.8302,12.836,50642,true
ZSMPG,2026-09-09T16:25:00Z,12.836,12.862,12.8276,12.8537,53333,true
ZSMPG,2026-09-09T16:30:00Z,12.8537,12.8593,12.8126,12.8183,34588,true
ZSMPG,2026-09-09T16:35:00Z,12.8183,12.8319,12.7922,12.8058,47631,true
ZSMPG,2026-09-09T16:40:00Z,12.8058,12.8068,12.7899,12.7909,47795,true
ZSMPG,2026-09-09T16:45:00Z,12.7909,12.7922,12.7791,12.7805,55072,true
ZSMPG,2026-09-09T16:50:00Z,12.7805,12.7822,12.7533,12.7551,31894,true
ZSMPG,2026-09-09T16:55:00Z,12.7551,12.7637,12.7521,12.7607,45259,true
ZSMPG,2026-09-09T17:00:00Z,12.7607,12.7801,12.7071,12.7266,54559,true
ZSMPG,2026-09-09T17:05:00Z,12.7266,12.7587,12.7102,12.7423,40918,true
ZSMPG,2026-09-09T17:10:00Z,12.7423,12.7441,12.7016,12.7034,69926,true
ZSMPG,2026-09-09T17:15:00Z,12.7034,12.7317,12.68,12.7082,40336,true
ZSMPG,2026-09-09T17:20:00Z,12.7082,12.745,12.7014,12.7383,45430,true
ZSMPG,2026-09-09T17:25:00Z,12.7383,12.7431,12.7172,12.722,55575,true
ZSMPG,2026-09-09T17:30:00Z,12.722,12.7379,12.7153,12.7311,57423,true
ZSMPG,2026-09-09T17:35:00Z,12.7311,12.7492,12.6706,12.6887,39079,true
ZSMPG,2026-09-09T17:40:00Z,12.6887,12.6943,12.6607,12.6663,50293,true
ZSMPG,2026-09-09T17:45:00Z,12.6663,12.6669,12.6641,12.6647,30300,true
ZSMPG,2026-09-09T17:50:00Z,12.6647,12.7329,12.652,12.7203,35235,true
ZSMPG,2026-09-09T17:55:00Z,12.7203,12.7328,12.7053,12.7178,65362,true
ZSMPG,2026-09-09T18:00:00Z,12.7178,12.7387,12.7123,12.7331,52682,true
ZSMPG,2026-09-09T18:05:00Z,12.7331,12.7751,12.7278,12.7698,31969,true
ZSMPG,2026-09-09T18:10:00Z,12.7698,12.7856,12.7399,12.7558,36141,true
ZSMPG,2026-09-09T18:15:00Z,12.7558,12.7747,12.7176,12.7365,52082,true
ZSMPG,2026-09-09T18:20:00Z,12.7365,12.7696,12.7253,12.7584,43772,true
ZSMPG,2026-09-09T18:25:00Z,12.7584,12.7657,12.7573,12.7646,43995,true
ZSMPG,2026-09-09T18:30:00Z,12.7646,12.7784,12.7583,12.7721,51944,true
ZSMPG,2026-09-09T18:35:00Z,12.7721,12.8072,12.7642,12.7993,57969,true
ZSMPG,2026-09-09T18:40:00Z,12.7993,12.8111,12.7841,12.7959,58418,true
ZSMPG,2026-09-09T18:45:00Z,12.7959,12.8393,12.7957,12.8392,54255,true
ZSMPG,2026-09-09T18:50:00Z,12.8392,12.8704,12.8282,12.8595,47503,true
ZSMPG,2026-09-09T18:55:00Z,12.8595,12.9065,12.8502,12.8972,58141,true
ZSMPG,2026-09-09T19:00:00Z,12.8972,12.9332,12.8955,12.9314,49085,true
ZSMPG,2026-09-09T19:05:00Z,12.9314,12.9374,12.9194,12.9253,45206,true
ZSMPG,2026-09-09T19:10:00Z,12.9253,12.9443,12.8894,12.9084,75080,true
ZSMPG,2026-09-09T19:15:00Z,12.9084,12.9167,12.8641,12.8724,84270,true
ZSMPG,2026-09-09T19:20:00Z,12.8724,12.8777,12.8428,12.848,55026,true
ZSMPG,2026-09-09T19:25:00Z,12.848,12.8685,12.8062,12.8267,71688,true
ZSMPG,2026-09-09T19:30:00Z,12.8267,12.8475,12.8166,12.8374,61742,true
ZSMPG,2026-09-09T19:35:00Z,12.8374,12.856,12.8087,12.8273,55519,true
ZSMPG,2026-09-09T19:40:00Z,12.8273,12.8521,12.8196,12.8444,67189,true
ZSMPG,2026-09-09T19:45:00Z,12.8444,12.8552,12.8338,12.8446,81934,true
ZSMPG,2026-09-09T19:50:00Z,12.8446,12.8562,12.8194,12.831,117161,true
ZSMPG,2026-09-09T19:55:00Z,12.831,12.8429,12.8297,12.8415,124621,true
ZSMPG,2026-09-10T13:30:00Z,12.8415,12.8631,12.8359,12.8575,139878,true
ZSMPG,2026-09-10T13:35:00Z,12.8575,12.8822,12.8432,12.8679,102563,true
ZSMPG,2026-09-10T13:40:00Z,12.8679,12.8863,12.8675,12.886,86211,true
ZSMPG,2026-09-10T13:45:00Z,12.886,12.8889,12.8691,12.872,120496,true
ZSMPG,2026-09-10T13:50:00Z,12.872,12.8769,12.8619,12.8668,113030,true
ZSMPG,2026-09-10T13:55:00Z,12.8668,12.8976,12.8602,12.891,73953,true
ZSMPG,2026-09-10T14:00:00Z,12.891,12.905,12.8479,12.8619,77374,true
ZSMPG,2026-09-10T14:05:00Z,12.8619,12.8781,12.8263,12.8425,84210,true
ZSMPG,2026-09-10T14:10:00Z,12.8425,12.8746,12.8407,12.8728,64885,true
ZSMPG,2026-09-10T14:15:00Z,12.8728,12.8999,12.8697,12.8969,65511,true
ZSMPG,2026-09-10T14:20:00Z,12.8969,12.913,12.8878,12.9039,75560,true
ZSMPG,2026-09-10T14:25:00Z,12.9039,12.9191,12.8943,12.9094,67149,true
ZSMPG,2026-09-10T14:30:00Z,12.9094,12.914,12.8843,12.8889,48118,true
ZSMPG,2026-09-10T14:35:00Z,12.8889,12.9359,12.8665,12.9135,41157,true
ZSMPG,2026-09-10T14:40:00Z,12.9135,12.9264,12.9123,12.9253,50258,true
ZSMPG,2026-09-10T14:45:00Z,12.9253,12.9364,12.8862,12.8973,83837,true
ZSMPG,2026-09-10T14:50:00Z,12.8973,12.9083,12.8924,12.9035,46941,true
ZSMPG,2026-09-10T14:55:00Z,12.9035,12.9129,12.8566,12.8661,69455,true
ZSMPG,2026-09-10T15:00:00Z,12.8661,12.9007,12.865,12.8996,43704,true
ZSMPG,2026-09-10T15:05:00Z,12.8996,12.9154,12.8661,12.8819,45059,true
ZSMPG,2026-09-10T15:10:00Z,12.8819,12.8899,12.8719,12.8799,39081,true
ZSMPG,2026-09-10T15:15:00Z,12.8799,12.8939,12.8673,12.8813,53669,true
ZSMPG,2026-09-10T15:20:00Z,12.8813,12.8961,12.8757,12.8905,69579,true
ZSMPG,2026-09-10T15:25:00Z,12.8905,12.952,12.8788,12.9404,60354,true
ZSMPG,2026-09-10T15:30:00Z,12.9404,12.9521,12.9048,12.9165,42080,true
ZSMPG,2026-09-10T15:35:00Z,12.9165,12.9542,12.8963,12.9339,39963,true
ZSMPG,2026-09-10T15:40:00Z,12.9339,12.9604,12.9001,12.9266,51780,true
ZSMPG,2026-09-10T15:45:00Z,12.9266,12.9372,12.925,12.9356,41105,true
ZSMPG,2026-09-10T15:50:00Z,12.9356,12.9573,12.9146,12.9364,36196,true
ZSMPG,2026-09-10T15:55:00Z,12.9364,12.9678,12.9259,12.9572,35348,true
ZSMPG,2026-09-10T16:00:00Z,12.9572,12.9647,12.947,12.9545,54116,true
ZSMPG,2026-09-10T16:05:00Z,12.9545,12.955,12.9394,12.9399,52209,true
ZSMPG,2026-09-10T16:10:00Z,12.9399,12.972,12.9359,12.968,57493,true
ZSMPG,2026-09-10T16:15:00Z,12.968,12.986,12.9626,12.9805,62291,true
ZSMPG,2026-09-10T16:20:00Z,12.9805,13.018,12.9657,13.0032,50550,true
ZSMPG,2026-09-10T16:25:00Z,13.0032,13.0483,12.987,13.0321,49509,true
ZSMPG,2026-09-10T16:30:00Z,13.0321,13.0638,13.0126,13.0443,56102,true
ZSMPG,2026-09-10T16:35:00Z,13.0443,13.0596,13.0441,13.0594,70272,true
ZSMPG,2026-09-10T16:40:00Z,13.0594,13.0938,13.0413,13.0756,62095,true
ZSMPG,2026-09-10T16:45:00Z,13.0756,13.1233,13.0654,13.113,35356,true
ZSMPG,2026-09-10T16:50:00Z,13.113,13.1146,13.0892,13.0907,64703,true
ZSMPG,2026-09-10T16:55:00Z,13.0907,13.1067,13.0608,13.0768,36772,true
ZSMPG,2026-09-10T17:00:00Z,13.0768,13.0996,13.0645,13.0874,40642,true
ZSMPG,2026-09-10T17:05:00Z,13.0874,13.0874,13.0766,13.0766,45997,true
ZSMPG,2026-09-10T17:10:00Z,13.0766,13.0891,13.0758,13.0883,54819,true
ZSMPG,2026-09-10T17:15:00Z,13.0883,13.1411,13.08,13.1328,70423,true
ZSMPG,2026-09-10T17:20:00Z,13.1328,13.1347,13.1241,13.126,44935,true
ZSMPG,2026-09-10T17:25:00Z,13.126,13.144,13.1232,13.1411,46913,true
ZSMPG,2026-09-10T17:30:00Z,13.1411,13.1472,13.1243,13.1303,53440,true
ZSMPG,2026-09-10T17:35:00Z,13.1303,13.15,13.0742,13.0939,46174,true
ZSMPG,2026-09-10T17:40:00Z,13.0939,13.0973,13.0872,13.0907,68086,true
ZSMPG,2026-09-10T17:45:00Z,13.0907,13.1066,13.0838,13.0997,45796,true
ZSMPG,2026-09-10T17:50:00Z,13.0997,13.1641,13.0792,13.1436,47504,true
ZSMPG,2026-09-10T17:55:00Z,13.1436,13.1443,13.0916,13.0923,70190,true
ZSMPG,2026-09-10T18:00:00Z,13.0923,13.1154,13.0391,13.0622,54155,true
ZSMPG,2026-09-10T18:05:00Z,13.0622,13.0771,13.0357,13.0506,74217,true
ZSMPG,2026-09-10T18:10:00Z,13.0506,13.0857,13.0466,13.0816,66557,true
ZSMPG,2026-09-10T18:15:00Z,13.0816,13.1114,13.0588,13.0886,48133,true
ZSMPG,2026-09-10T18:20:00Z,13.0886,13.1428,13.0771,13.1313,61175,true
ZSMPG,2026-09-10T18:25:00Z,13.1313,13.1393,13.1183,13.1263,33338,true
ZSMPG,2026-09-10T18:30:00Z,13.1263,13.1264,13.1259,13.126,44933,true
ZSMPG,2026-09-10T18:35:00Z,13.126,13.1266,13.1136,13.1141,41696,true
ZSMPG,2026-09-10T18:40:00Z,13.1141,13.1293,13.0905,13.1057,98822,true
ZSMPG,2026-09-10T18:45:00Z,13.1057,13.1482,13.0995,13.142,82766,true
ZSMPG,2026-09-10T18:50:00Z,13.142,13.1444,13.1273,13.1297,55856,true
ZSMPG,2026-09-10T18:55:00Z,13.1297,13.1694,13.1287,13.1684,64258,true
ZSMPG,2026-09-10T19:00:00Z,13.1684,13.2314,13.1597,13.2227,39795,true
ZSMPG,2026-09-10T19:05:00Z,13.2227,13.253,13.2,13.2303,82324,true
ZSMPG,2026-09-10T19:10:00Z,13.2303,13.2397,13.2095,13.2189,56268,true
ZSMPG,2026-09-10T19:15:00Z,13.2189,13.2209,13.2149,13.2169,74594,true
ZSMPG,2026-09-10T19:20:00Z,13.2169,13.2229,13.2166,13.2226,62901,true
ZSMPG,2026-09-10T19:25:00Z,13.2226,13.2436,13.1883,13.2094,65297,true
ZSMPG,2026-09-10T19:30:00Z,13.2094,13.2185,13.1921,13.2012,90053,true
ZSMPG,2026-09-10T19:35:00Z,13.2012,13.2275,13.2001,13.2264,106252,true
ZSMPG,2026-09-10T19:40:00Z,13.2264,13.2329,13.2052,13.2117,55283,true
ZSMPG,2026-09-10T19:45:00Z,13.2117,13.2186,13.1981,13.2051,108687,true
ZSMPG,2026-09-10T19:50:00Z,13.2051,13.2127,13.1825,13.1901,95768,true
ZSMPG,2026-09-10T19:55:00Z,13.1901,13.2172,13.1794,13.2065,133680,true
ZSMPG,2026-09-11T13:30:00Z,13.2065,13.2157,13.1979,13.2071,110329,true
ZSMPG,2026-09-11T13:35:00Z,13.2071,13.233,13.1906,13.2166,103195,true
ZSMPG,2026-09-11T13:40:00Z,13.2166,13.2188,13.1816,13.1837,88915,true
ZSMPG,2026-09-11T13:45:00Z,13.1837,13.1971,13.1827,13.196,89767,true
ZSMPG,2026-09-11T13:50:00Z,13.196,13.254,13.1722,13.2302,79324,true
ZSMPG,2026-09-11T13:55:00Z,13.2302,13.2349,13.2239,13.2286,51420,true
ZSMPG,2026-09-11T14:00:00Z,13.2286,13.2518,13.2143,13.2375,72144,true
ZSMPG,2026-09-11T14:05:00Z,13.2375,13.2542,13.2296,13.2464,81620,true
ZSMPG,2026-09-11T14:10:00Z,13.2464,13.2479,13.2272,13.2287,60459,true
ZSMPG,2026-09-11T14:15:00Z,13.2287,13.2393,13.1734,13.184,59005,true
ZSMPG,2026-09-11T14:20:00Z,13.184,13.185,13.1814,13.1824,73383,true
ZSMPG,2026-09-11T14:25:00Z,13.1824,13.193,13.1644,13.175,50094,true
ZSMPG,2026-09-11T14:30:00Z,13.175,13.1786,13.1436,13.1472,41562,true
ZSMPG,2026-09-11T14:35:00Z,13.1472,13.1723,13.121,13.1462,52850,true
ZSMPG,2026-09-11T14:40:00Z,13.1462,13.1663,13.123,13.143,61489,true
ZSMPG,2026-09-11T14:45:00Z,13.143,13.1762,13.1421,13.1753,52495,true
ZSMPG,2026-09-11T14:50:00Z,13.1753,13.1989,13.1383,13.1619,76139,true
ZSMPG,2026-09-11T14:55:00Z,13.1619,13.1769,13.1174,13.1324,62959,true
ZSMPG,2026-09-11T15:00:00Z,13.1324,13.1544,13.0955,13.1175,37105,true
ZSMPG,2026-09-11T15:05:00Z,13.1175,13.1504,13.1056,13.1385,43372,true
ZSMPG,2026-09-11T15:10:00Z,13.1385,13.1557,13.0904,13.1076,43513,true
ZSMPG,2026-09-11T15:15:00Z,13.1076,13.1345,13.1056,13.1325,27566,true
ZSMPG,2026-09-11T15:20:00Z,13.1325,13.1433,13.117,13.1278,55841,true
ZSMPG,2026-09-11T15:25:00Z,13.1278,13.1486,13.111,13.1318,76434,true
ZSMPG,2026-09-11T15:30:00Z,13.1318,13.1388,13.1223,13.1293,45820,true
ZSMPG,2026-09-11T15:35:00Z,13.1293,13.1459,13.0744,13.0911,51439,true
ZSMPG,2026-09-11T15:40:00Z,13.0911,13.123,13.0783,13.1102,36591,true
ZSMPG,2026-09-11T15:45:00Z,13.1102,13.1398,13.0932,13.1228,61651,true
ZSMPG,2026-09-11T15:50:00Z,13.1228,13.1483,13.0847,13.1102,63961,true
ZSMPG,2026-09-11T15:55:00Z,13.1102,13.1326,13.11,13.1324,62351,true
ZSMPG,2026-09-11T16:00:00Z,13.1324,13.1492,13.1275,13.1443,48396,true
ZSMPG,2026-09-11T16:05:00Z,13.1443,13.1714,13.143,13.1701,59083,true
ZSMPG,2026-09-11T16:10:00Z,13.1701,13.1871,13.1644,13.1814,42543,true
ZSMPG,2026-09-11T16:15:00Z,13.1814,13.2018,13.1595,13.18,29811,true
ZSMPG,2026-09-11T16:20:00Z,13.18,13.2417,13.1545,13.2162,53817,true
ZSMPG,2026-09-11T16:25:00Z,13.2162,13.2511,13.2094,13.2443,55137,true
ZSMPG,2026-09-11T16:30:00Z,13.2443,13.2448,13.2408,13.2413,46331,true
ZSMPG,2026-09-11T16:35:00Z,13.2413,13.2459,13.2132,13.2178,53811,true
ZSMPG,2026-09-11T16:40:00Z,13.2178,13.2216,13.2007,13.2045,47056,true
ZSMPG,2026-09-11T16:45:00Z,13.2045,13.2238,13.189,13.2082,62230,true
ZSMPG,2026-09-11T16:50:00Z,13.2082,13.2242,13.1798,13.1958,53407,true
ZSMPG,2026-09-11T16:55:00Z,13.1958,13.2044,13.1261,13.1347,36154,true
ZSMPG,2026-09-11T17:00:00Z,13.1347,13.1578,13.1331,13.1562,50280,true
ZSMPG,2026-09-11T17:05:00Z,13.1562,13.167,13.1479,13.1587,46737,true
ZSMPG,2026-09-11T17:10:00Z,13.1587,13.2217,13.143,13.206,36798,true
ZSMPG,2026-09-11T17:15:00Z,13.206,13.2068,13.1869,13.1877,35503,true
ZSMPG,2026-09-11T17:20:00Z,13.1877,13.2006,13.1626,13.1755,51630,true
ZSMPG,2026-09-11T17:25:00Z,13.1755,13.177,13.1668,13.1683,71027,true
ZSMPG,2026-09-11T17:30:00Z,13.1683,13.1825,13.1484,13.1626,67553,true
ZSMPG,2026-09-11T17:35:00Z,13.1626,13.1643,13.1309,13.1326,37143,true
ZSMPG,2026-09-11T17:40:00Z,13.1326,13.1783,13.1204,13.1661,53315,true
ZSMPG,2026-09-11T17:45:00Z,13.1661,13.1732,13.1466,13.1536,46815,true
ZSMPG,2026-09-11T17:50:00Z,13.1536,13.1607,13.1337,13.1407,56091,true
ZSMPG,2026-09-11T17:55:00Z,13.1407,13.1667,13.1256,13.1516,49406,true
ZSMPG,2026-09-11T18:00:00Z,13.1516,13.1754,13.0934,13.1172,45546,true
ZSMPG,2026-09-11T18:05:00Z,13.1172,13.1296,13.0786,13.0911,46527,true
ZSMPG,2026-09-11T18:10:00Z,13.0911,13.0989,13.0901,13.0979,55182,true
ZSMPG,2026-09-11T18:15:00Z,13.0979,13.1955,13.0727,13.1702,60153,true
ZSMPG,2026-09-11T18:20:00Z,13.1702,13.1946,13.1617,13.186,61535,true
ZSMPG,2026-09-11T18:25:00Z,13.186,13.1998,13.1571,13.1709,55891,true
ZSMPG,2026-09-11T18:30:00Z,13.1709,13.1745,13.149,13.1526,41150,true
ZSMPG,2026-09-11T18:35:00Z,13.1526,13.1872,13.1315,13.1661,46691,true
ZSMPG,2026-09-11T18:40:00Z,13.1661,13.1958,13.1473,13.177,57405,true
ZSMPG,2026-09-11T18:45:00Z,13.177,13.2024,13.1712,13.1966,73684,true
ZSMPG,2026-09-11T18:50:00Z,13.1966,13.2197,13.157,13.1801,64454,true
ZSMPG,2026-09-11T18:55:00Z,13.1801,13.2039,13.1775,13.2014,51024,true
ZSMPG,2026-09-11T19:00:00Z,13.2014,13.2015,13.1884,13.1885,43858,true
ZSMPG,2026-09-11T19:05:00Z,13.1885,13.1893,13.1792,13.18,52992,true
ZSMPG,2026-09-11T19:10:00Z,13.18,13.2036,13.1712,13.1948,64101,true
ZSMPG,2026-09-11T19:15:00Z,13.1948,13.2331,13.189,13.2272,59021,true
ZSMPG,2026-09-11T19:20:00Z,13.2272,13.3025,13.2118,13.2871,55132,true
ZSMPG,2026-09-11T19:25:00Z,13.2871,13.2924,13.2359,13.2412,53548,true
ZSMPG,2026-09-11T19:30:00Z,13.2412,13.2554,13.2289,13.2431,113116,true
ZSMPG,2026-09-11T19:35:00Z,13.2431,13.2546,13.243,13.2544,70570,true
ZSMPG,2026-09-11T19:40:00Z,13.2544,13.282,13.2018,13.2294,98529,true
ZSMPG,2026-09-11T19:45:00Z,13.2294,13.2471,13.2197,13.2374,77805,true
ZSMPG,2026-09-11T19:50:00Z,13.2374,13.2727,13.2141,13.2494,114424,true
ZSMPG,2026-09-11T19:55:00Z,13.2494,13.2506,13.2195,13.2207,90742,true
ZSMPG,2026-09-14T13:30:00Z,13.2207,13.2352,13.1994,13.2138,144991,true
ZSMPG,2026-09-14T13:35:00Z,13.2138,13.2369,13.2118,13.2349,108810,true
ZSMPG,2026-09-14T13:40:00Z,13.2349,13.2573,13.2271,13.2496,96288,true
ZSMPG,2026-09-14T13:45:00Z,13.2496,13.2566,13.2213,13.2283,64026,true
ZSMPG,2026-09-14T13:50:00Z,13.2283,13.2385,13.2099,13.2201,98620,true
ZSMPG,2026-09-14T13:55:00Z,13.2201,13.2275,13.2065,13.2139,92620,true
ZSMPG,2026-09-14T14:00:00Z,13.2139,13.2289,13.1994,13.2144,57391,true
ZSMPG,2026-09-14T14:05:00Z,13.2144,13.2144,13.1994,13.1994,92583,true
ZSMPG,2026-09-14T14:10:00Z,13.1994,13.2161,13.1516,13.1683,99345,true
ZSMPG,2026-09-14T14:15:00Z,13.1683,13.1956,13.1507,13.178,72056,true
ZSMPG,2026-09-14T14:20:00Z,13.178,13.1883,13.1574,13.1677,62486,true
ZSMPG,2026-09-14T14:25:00Z,13.1677,13.1732,13.144,13.1495,79431,true
ZSMPG,2026-09-14T14:30:00Z,13.1495,13.1564,13.1305,13.1374,70796,true
ZSMPG,2026-09-14T14:35:00Z,13.1374,13.1395,13.1194,13.1215,55458,true
ZSMPG,2026-09-14T14:40:00Z,13.1215,13.1504,13.0964,13.1253,81863,true
ZSMPG,2026-09-14T14:45:00Z,13.1253,13.1442,13.0678,13.0866,49704,true
ZSMPG,2026-09-14T14:50:00Z,13.0866,13.0989,13.0761,13.0884,37837,true
ZSMPG,2026-09-14T14:55:00Z,13.0884,13.1092,13.0859,13.1068,48671,true
ZSMPG,2026-09-14T15:00:00Z,13.1068,13.1134,13.0698,13.0764,51244,true
ZSMPG,2026-09-14T15:05:00Z,13.0764,13.0861,13.0498,13.0594,78826,true
ZSMPG,2026-09-14T15:10:00Z,13.0594,13.0972,13.0576,13.0955,45989,true
ZSMPG,2026-09-14T15:15:00Z,13.0955,13.1074,13.083,13.0949,73345,true
ZSMPG,2026-09-14T15:20:00Z,13.0949,13.0995,13.0898,13.0944,53560,true
ZSMPG,2026-09-14T15:25:00Z,13.0944,13.1237,13.0867,13.1159,39874,true
ZSMPG,2026-09-14T15:30:00Z,13.1159,13.1207,13.0776,13.0823,55593,true
ZSMPG,2026-09-14T15:35:00Z,13.0823,13.1012,13.027,13.0459,68095,true
ZSMPG,2026-09-14T15:40:00Z,13.0459,13.0771,13.0385,13.0697,57430,true
ZSMPG,2026-09-14T15:45:00Z,13.0697,13.1064,13.0549,13.0916,59486,true
ZSMPG,2026-09-14T15:50:00Z,13.0916,13.113,13.0269,13.0483,53018,true
ZSMPG,2026-09-14T15:55:00Z,13.0483,13.0998,13.0362,13.0877,55422,true
ZSMPG,2026-09-14T16:00:00Z,13.0877,13.0934,13.0657,13.0713,53740,true
ZSMPG,2026-09-14T16:05:00Z,13.0713,13.081,13.0444,13.0541,48682,true
ZSMPG,2026-09-14T16:10:00Z,13.0541,13.095,13.0478,13.0887,45739,true
ZSMPG,2026-09-14T16:15:00Z,13.0887,13.1236,13.0689,13.1039,51504,true
ZSMPG,2026-09-14T16:20:00Z,13.1039,13.1046,13.0623,13.063,62394,true
ZSMPG,2026-09-14T16:25:00Z,13.063,13.0768,13.0323,13.0461,65329,true
ZSMPG,2026-09-14T16:30:00Z,13.0461,13.0526,13.0297,13.0363,64801,true
ZSMPG,2026-09-14T16:35:00Z,13.0363,13.0748,13.0333,13.0719,36695,true
ZSMPG,2026-09-14T16:40:00Z,13.0719,13.1217,13.0593,13.1091,28415,true
ZSMPG,2026-09-14T16:45:00Z,13.1091,13.1106,13.1083,13.1098,45210,true
ZSMPG,2026-09-14T16:50:00Z,13.1098,13.1633,13.0919,13.1454,49299,true
ZSMPG,2026-09-14T16:55:00Z,13.1454,13.1691,13.1292,13.1529,38036,true
ZSMPG,2026-09-14T17:00:00Z,13.1529,13.1873,13.1471,13.1814,78712,true
ZSMPG,2026-09-14T17:05:00Z,13.1814,13.1925,13.1603,13.1714,61936,true
ZSMPG,2026-09-14T17:10:00Z,13.1714,13.1888,13.1023,13.1197,46147,true
ZSMPG,2026-09-14T17:15:00Z,13.1197,13.1447,13.1079,13.1329,51860,true
ZSMPG,2026-09-14T17:20:00Z,13.1329,13.1438,13.1203,13.1313,58214,true
ZSMPG,2026-09-14T17:25:00Z,13.1313,13.132,13.1083,13.109,51476,true
ZSMPG,2026-09-14T17:30:00Z,13.109,13.1187,13.1061,13.1157,34559,true
ZSMPG,2026-09-14T17:35:00Z,13.1157,13.1408,13.1141,13.1391,43531,true
ZSMPG,2026-09-14T17:40:00Z,13.1391,13.1462,13.114,13.1211,34633,true
ZSMPG,2026-09-14T17:45:00Z,13.1211,13.1216,13.1209,13.1213,64513,true
ZSMPG,2026-09-14T17:50:00Z,13.1213,13.1428,13.1067,13.1281,36372,true
ZSMPG,2026-09-14T17:55:00Z,13.1281,13.1522,13.1216,13.1456,53133,true
ZSMPG,2026-09-14T18:00:00Z,13.1456,13.194,13.1183,13.1666,61959,true
ZSMPG,2026-09-14T18:05:00Z,13.1666,13.1714,13.1235,13.1283,45194,true
ZSMPG,2026-09-14T18:10:00Z,13.1283,13.1876,13.1247,13.1839,23900,true
ZSMPG,2026-09-14T18:15:00Z,13.1839,13.2384,13.1738,13.2282,44699,true
ZSMPG,2026-09-14T18:20:00Z,13.2282,13.2424,13.2148,13.229,66446,true
ZSMPG,2026-09-14T18:25:00Z,13.229,13.2488,13.167,13.1867,62799,true
ZSMPG,2026-09-14T18:30:00Z,13.1867,13.1974,13.1369,13.1475,66720,true
ZSMPG,2026-09-14T18:35:00Z,13.1475,13.1508,13.1205,13.1238,44790,true
ZSMPG,2026-09-14T18:40:00Z,13.1238,13.1262,13.1198,13.1222,43177,true
ZSMPG,2026-09-14T18:45:00Z,13.1222,13.1271,13.1216,13.1265,44268,true
ZSMPG,2026-09-14T18:50:00Z,13.1265,13.1382,13.1235,13.1352,56892,true
ZSMPG,2026-09-14T18:55:00Z,13.1352,13.1414,13.0999,13.1061,63180,true
ZSMPG,2026-09-14T19:00:00Z,13.1061,13.1292,13.0983,13.1214,56969,true
ZSMPG,2026-09-14T19:05:00Z,13.1214,13.1646,13.1095,13.1528,48127,true
ZSMPG,2026-09-14T19:10:00Z,13.1528,13.1529,13.1516,13.1516,58836,true
ZSMPG,2026-09-14T19:15:00Z,13.1516,13.152,13.1447,13.145,46830,true
ZSMPG,2026-09-14T19:20:00Z,13.145,13.1559,13.1335,13.1444,98350,true
ZSMPG,2026-09-14T19:25:00Z,13.1444,13.1455,13.1265,13.1276,78481,true
ZSMPG,2026-09-14T19:30:00Z,13.1276,13.1982,13.1052,13.1758,57261,true
ZSMPG,2026-09-14T19:35:00Z,13.1758,13.1943,13.1696,13.1882,57550,true
ZSMPG,2026-09-14T19:40:00Z,13.1882,13.1895,13.1403,13.1416,54532,true
ZSMPG,2026-09-14T19:45:00Z,13.1416,13.1495,13.1257,13.1335,78846,true
ZSMPG,2026-09-14T19:50:00Z,13.1335,13.1468,13.0999,13.1132,92046,true
ZSMPG,2026-09-14T19:55:00Z,13.1132,13.1245,13.0706,13.0818,83156,true
ZSMPG,2026-09-15T13:30:00Z,13.0818,13.1021,13.0736,13.0939,89174,true
ZSMPG,2026-09-15T13:35:00Z,13.0939,13.1035,13.0916,13.1012,125572,true
ZSMPG,2026-09-15T13:40:00Z,13.1012,13.1062,13.0989,13.1039,117077,true
ZSMPG,2026-09-15T13:45:00Z,13.1039,13.1198,13.0945,13.1104,76877,true
ZSMPG,2026-09-15T13:50:00Z,13.1104,13.1326,13.1042,13.1264,111703,true
ZSMPG,2026-09-15T13:55:00Z,13.1264,13.1336,13.1227,13.1299,100827,true
ZSMPG,2026-09-15T14:00:00Z,13.1299,13.1302,13.1258,13.126,107204,true
ZSMPG,2026-09-15T14:05:00Z,13.126,13.1378,13.1192,13.1311,58474,true
ZSMPG,2026-09-15T14:10:00Z,13.1311,13.1321,13.1039,13.105,44881,true
ZSMPG,2026-09-15T14:15:00Z,13.105,13.1235,13.0955,13.114,82053,true
ZSMPG,2026-09-15T14:20:00Z,13.114,13.1308,13.0961,13.113,94232,true
ZSMPG,2026-09-15T14:25:00Z,13.113,13.149,13.0989,13.1349,58013,true
ZSMPG,2026-09-15T14:30:00Z,13.1349,13.1837,13.1113,13.16,87430,true
ZSMPG,2026-09-15T14:35:00Z,13.16,13.1762,13.158,13.1741,43805,true
ZSMPG,2026-09-15T14:40:00Z,13.1741,13.1986,13.1645,13.189,68130,true
ZSMPG,2026-09-15T14:45:00Z,13.189,13.2198,13.1829,13.2137,68250,true
ZSMPG,2026-09-15T14:50:00Z,13.2137,13.2157,13.1868,13.1888,53729,true
ZSMPG,2026-09-15T14:55:00Z,13.1888,13.1997,13.187,13.1979,68245,true
ZSMPG,2026-09-15T15:00:00Z,13.1979,13.2068,13.1736,13.1825,52460,true
ZSMPG,2026-09-15T15:05:00Z,13.1825,13.1828,13.1825,13.1828,38719,true
ZSMPG,2026-09-15T15:10:00Z,13.1828,13.2069,13.1723,13.1965,67464,true
ZSMPG,2026-09-15T15:15:00Z,13.1965,13.2224,13.1864,13.2123,52745,true
ZSMPG,2026-09-15T15:20:00Z,13.2123,13.2158,13.1625,13.1659,28348,true
ZSMPG,2026-09-15T15:25:00Z,13.1659,13.1781,13.1103,13.1225,40420,true
ZSMPG,2026-09-15T15:30:00Z,13.1225,13.1876,13.1033,13.1684,37600,true
ZSMPG,2026-09-15T15:35:00Z,13.1684,13.1927,13.1601,13.1845,80893,true
ZSMPG,2026-09-15T15:40:00Z,13.1845,13.1852,13.141,13.1417,44248,true
ZSMPG,2026-09-15T15:45:00Z,13.1417,13.1568,13.1239,13.139,73837,true
ZSMPG,2026-09-15T15:50:00Z,13.139,13.1426,13.1144,13.118,64889,true
ZSMPG,2026-09-15T15:55:00Z,13.118,13.1257,13.1162,13.1239,35724,true
ZSMPG,2026-09-15T16:00:00Z,13.1239,13.1406,13.1026,13.1194,50932,true
ZSMPG,2026-09-15T16:05:00Z,13.1194,13.1569,13.0994,13.1369,43583,true
ZSMPG,2026-09-15T16:10:00Z,13.1369,13.1406,13.1104,13.1141,60259,true
ZSMPG,2026-09-15T16:15:00Z,13.1141,13.1268,13.1056,13.1183,41114,true
ZSMPG,2026-09-15T16:20:00Z,13.1183,13.1298,13.1177,13.1291,53062,true
ZSMPG,2026-09-15T16:25:00Z,13.1291,13.1409,13.0856,13.0974,53934,true
ZSMPG,2026-09-15T16:30:00Z,13.0974,13.1038,13.0721,13.0785,47102,true
ZSMPG,2026-09-15T16:35:00Z,13.0785,13.0905,13.0556,13.0676,42834,true
ZSMPG,2026-09-15T16:40:00Z,13.0676,13.0779,13.0595,13.0698,32199,true
ZSMPG,2026-09-15T16:45:00Z,13.0698,13.0769,13.0605,13.0676,47561,true
ZSMPG,2026-09-15T16:50:00Z,13.0676,13.1028,13.0632,13.0984,35387,true
ZSMPG,2026-09-15T16:55:00Z,13.0984,13.1081,13.0943,13.1039,49403,true
ZSMPG,2026-09-15T17:00:00Z,13.1039,13.1082,13.0802,13.0845,37248,true
ZSMPG,2026-09-15T17:05:00Z,13.0845,13.1157,13.0636,13.0948,53766,true
ZSMPG,2026-09-15T17:10:00Z,13.0948,13.1153,13.0804,13.1008,44094,true
ZSMPG,2026-09-15T17:15:00Z,13.1008,13.1254,13.0245,13.0491,43745,true
ZSMPG,2026-09-15T17:20:00Z,13.0491,13.0593,13.0326,13.0429,55168,true
ZSMPG,2026-09-15T17:25:00Z,13.0429,13.0463,13.0302,13.0337,62249,true
ZSMPG,2026-09-15T17:30:00Z,13.0337,13.0607,13.022,13.049,67351,true
ZSMPG,2026-09-15T17:35:00Z,13.049,13.1034,13.0397,13.094,48688,true
ZSMPG,2026-09-15T17:40:00Z,13.094,13.1135,13.0775,13.097,53740,true
ZSMPG,2026-09-15T17:45:00Z,13.097,13.1448,13.084,13.1319,30286,true
ZSMPG,2026-09-15T17:50:00Z,13.1319,13.1444,13.1255,13.138,52360,true
ZSMPG,2026-09-15T17:55:00Z,13.138,13.142,13.1112,13.1152,56842,true
ZSMPG,2026-09-15T18:00:00Z,13.1152,13.1395,13.0787,13.1029,41596,true
ZSMPG,2026-09-15T18:05:00Z,13.1029,13.1255,13.0953,13.1179,71878,true
ZSMPG,2026-09-15T18:10:00Z,13.1179,13.1708,13.1144,13.1672,51814,true
ZSMPG,2026-09-15T18:15:00Z,13.1672,13.1815,13.1663,13.1806,68359,true
ZSMPG,2026-09-15T18:20:00Z,13.1806,13.1919,13.172,13.1834,57430,true
ZSMPG,2026-09-15T18:25:00Z,13.1834,13.2356,13.1606,13.2129,70606,true
ZSMPG,2026-09-15T18:30:00Z,13.2129,13.2258,13.2043,13.2172,46818,true
ZSMPG,2026-09-15T18:35:00Z,13.2172,13.2567,13.2122,13.2518,45446,true
ZSMPG,2026-09-15T18:40:00Z,13.2518,13.2721,13.2046,13.2249,44542,true
ZSMPG,2026-09-15T18:45:00Z,13.2249,13.231,13.2215,13.2276,48638,true
ZSMPG,2026-09-15T18:50:00Z,13.2276,13.2537,13.2211,13.2473,68471,true
ZSMPG,2026-09-15T18:55:00Z,13.2473,13.2662,13.2433,13.2622,49443,true
ZSMPG,2026-09-15T19:00:00Z,13.2622,13.2935,13.2464,13.2776,55357,true
ZSMPG,2026-09-15T19:05:00Z,13.2776,13.2823,13.2375,13.2422,58122,true
ZSMPG,2026-09-15T19:10:00Z,13.2422,13.2444,13.2342,13.2364,48994,true
ZSMPG,2026-09-15T19:15:00Z,13.2364,13.2443,13.2312,13.2391,71822,true
ZSMPG,2026-09-15T19:20:00Z,13.2391,13.2416,13.2295,13.232,72929,true
ZSMPG,2026-09-15T19:25:00Z,13.232,13.2487,13.2298,13.2466,60428,true
ZSMPG,2026-09-15T19:30:00Z,13.2466,13.2475,13.2304,13.2314,90015,true
ZSMPG,2026-09-15T19:35:00Z,13.2314,13.2764,13.2038,13.2488,61094,true
ZSMPG,2026-09-15T19:40:00Z,13.2488,13.2673,13.2103,13.2288,59938,true
ZSMPG,2026-09-15T19:45:00Z,13.2288,13.2699,13.2281,13.2692,88479,true
ZSMPG,2026-09-15T19:50:00Z,13.2692,13.3064,13.2587,13.2959,77417,true
ZSMPG,2026-09-15T19:55:00Z,13.2959,13.3042,13.2528,13.261,123780,true
ZSMPG,2026-09-16T13:30:00Z,13.261,13.2747,13.2559,13.2696,122086,true
ZSMPG,2026-09-16T13:35:00Z,13.2696,13.2791,13.249,13.2585,132792,true
ZSMPG,2026-09-16T13:40:00Z,13.2585,13.2645,13.2463,13.2523,130940,true
ZSMPG,2026-09-16T13:45:00Z,13.2523,13.2654,13.2363,13.2494,79251,true
ZSMPG,2026-09-16T13:50:00Z,13.2494,13.291,13.221,13.2626,66633,true
ZSMPG,2026-09-16T13:55:00Z,13.2626,13.2672,13.2269,13.2316,103490,true
ZSMPG,2026-09-16T14:00:00Z,13.2316,13.2415,13.2271,13.237,82002,true
ZSMPG,2026-09-16T14:05:00Z,13.237,13.2529,13.222,13.2379,74022,true
ZSMPG,2026-09-16T14:10:00Z,13.2379,13.2401,13.2352,13.2374,66957,true
ZSMPG,2026-09-16T14:15:00Z,13.2374,13.2577,13.2287,13.2489,78380,true
ZSMPG,2026-09-16T14:20:00Z,13.2489,13.3021,13.2357,13.2889,49581,true
ZSMPG,2026-09-16T14:25:00Z,13.2889,13.3012,13.2524,13.2647,53019,true
ZSMPG,2026-09-16T14:30:00Z,13.2647,13.2874,13.263,13.2857,39815,true
ZSMPG,2026-09-16T14:35:00Z,13.2857,13.3063,13.2812,13.3018,69549,true
ZSMPG,2026-09-16T14:40:00Z,13.3018,13.3593,13.2974,13.3548,70324,true
ZSMPG,2026-09-16T14:45:00Z,13.3548,13.3613,13.3495,13.3559,60726,true
ZSMPG,2026-09-16T14:50:00Z,13.3559,13.3832,13.2986,13.3259,42968,true
ZSMPG,2026-09-16T14:55:00Z,13.3259,13.3422,13.2711,13.2874,54381,true
ZSMPG,2026-09-16T15:00:00Z,13.2874,13.3428,13.2563,13.3117,54569,true
ZSMPG,2026-09-16T15:05:00Z,13.3117,13.3185,13.3043,13.311,65983,true
ZSMPG,2026-09-16T15:10:00Z,13.311,13.3542,13.2833,13.3264,51598,true
ZSMPG,2026-09-16T15:15:00Z,13.3264,13.3699,13.325,13.3685,55111,true
ZSMPG,2026-09-16T15:20:00Z,13.3685,13.4191,13.3552,13.4058,54445,true
ZSMPG,2026-09-16T15:25:00Z,13.4058,13.4108,13.3914,13.3965,58398,true
ZSMPG,2026-09-16T15:30:00Z,13.3965,13.3976,13.3855,13.3866,94878,true
ZSMPG,2026-09-16T15:35:00Z,13.3866,13.4077,13.3783,13.3993,50375,true
ZSMPG,2026-09-16T15:40:00Z,13.3993,13.4167,13.3948,13.4121,44481,true
ZSMPG,2026-09-16T15:45:00Z,13.4121,13.4312,13.3974,13.4165,76310,true
ZSMPG,2026-09-16T15:50:00Z,13.4165,13.4223,13.4105,13.4163,85446,true
ZSMPG,2026-09-16T15:55:00Z,13.4163,13.4285,13.3815,13.3937,37761,true
ZSMPG,2026-09-16T16:00:00Z,13.3937,13.423,13.3836,13.4129,49265,true
ZSMPG,2026-09-16T16:05:00Z,13.4129,13.4234,13.4055,13.4161,47281,true
ZSMPG,2026-09-16T16:10:00Z,13.4161,13.4446,13.3652,13.3938,52889,true
ZSMPG,2026-09-16T16:15:00Z,13.3938,13.4134,13.3817,13.4013,51572,true
ZSMPG,2026-09-16T16:20:00Z,13.4013,13.4397,13.3918,13.4303,97517,true
ZSMPG,2026-09-16T16:25:00Z,13.4303,13.4371,13.3895,13.3963,102255,true
ZSMPG,2026-09-16T16:30:00Z,13.3963,13.4537,13.3792,13.4366,56452,true
ZSMPG,2026-09-16T16:35:00Z,13.4366,13.449,13.4083,13.4207,45983,true
ZSMPG,2026-09-16T16:40:00Z,13.4207,13.431,13.3977,13.408,93104,true
ZSMPG,2026-09-16T16:45:00Z,13.408,13.4099,13.3802,13.3821,49998,true
ZSMPG,2026-09-16T16:50:00Z,13.3821,13.4066,13.38,13.4045,29113,true
ZSMPG,2026-09-16T16:55:00Z,13.4045,13.4241,13.3844,13.404,47267,true
ZSMPG,2026-09-16T17:00:00Z,13.404,13.4116,13.392,13.3995,66493,true
ZSMPG,2026-09-16T17:05:00Z,13.3995,13.4431,13.3829,13.4264,72237,true
ZSMPG,2026-09-16T17:10:00Z,13.4264,13.4474,13.4206,13.4416,51329,true
ZSMPG,2026-09-16T17:15:00Z,13.4416,13.4418,13.3993,13.3995,57467,true
ZSMPG,2026-09-16T17:20:00Z,13.3995,13.4235,13.3931,13.4171,81158,true
ZSMPG,2026-09-16T17:25:00Z,13.4171,13.4244,13.3954,13.4027,50583,true
ZSMPG,2026-09-16T17:30:00Z,13.4027,13.4167,13.3957,13.4097,40138,true
ZSMPG,2026-09-16T17:35:00Z,13.4097,13.4129,13.4003,13.4035,50584,true
ZSMPG,2026-09-16T17:40:00Z,13.4035,13.4252,13.3564,13.378,50557,true
ZSMPG,2026-09-16T17:45:00Z,13.378,13.4109,13.3226,13.3555,59444,true
ZSMPG,2026-09-16T17:50:00Z,13.3555,13.3626,13.3242,13.3313,75145,true
ZSMPG,2026-09-16T17:55:00Z,13.3313,13.3501,13.3261,13.3449,46828,true
ZSMPG,2026-09-16T18:00:00Z,13.3449,13.3691,13.3267,13.3508,52468,true
ZSMPG,2026-09-16T18:05:00Z,13.3508,13.3581,13.3037,13.3109,39751,true
ZSMPG,2026-09-16T18:10:00Z,13.3109,13.3138,13.2933,13.2962,60514,true
ZSMPG,2026-09-16T18:15:00Z,13.2962,13.3188,13.2944,13.317,33540,true
ZSMPG,2026-09-16T18:20:00Z,13.317,13.3327,13.3129,13.3286,65495,true
ZSMPG,2026-09-16T18:25:00Z,13.3286,13.3863,13.3091,13.3668,34525,true
ZSMPG,2026-09-16T18:30:00Z,13.3668,13.4394,13.3331,13.4056,81843,true
ZSMPG,2026-09-16T18:35:00Z,13.4056,13.4349,13.3971,13.4264,41088,true
ZSMPG,2026-09-16T18:40:00Z,13.4264,13.4319,13.4132,13.4186,36484,true
ZSMPG,2026-09-16T18:45:00Z,13.4186,13.4313,13.4071,13.4198,36666,true
ZSMPG,2026-09-16T18:50:00Z,13.4198,13.4414,13.3891,13.4107,54744,true
ZSMPG,2026-09-16T18:55:00Z,13.4107,13.4287,13.3877,13.4057,68458,true
ZSMPG,2026-09-16T19:00:00Z,13.4057,13.4099,13.404,13.4082,81676,true
ZSMPG,2026-09-16T19:05:00Z,13.4082,13.4218,13.4032,13.4168,82427,true
ZSMPG,2026-09-16T19:10:00Z,13.4168,13.4189,13.4089,13.411,48551,true
ZSMPG,2026-09-16T19:15:00Z,13.411,13.4359,13.3985,13.4233,54311,true
ZSMPG,2026-09-16T19:20:00Z,13.4233,13.444,13.3751,13.3958,57418,true
ZSMPG,2026-09-16T19:25:00Z,13.3958,13.4081,13.3683,13.3806,73492,true
ZSMPG,2026-09-16T19:30:00Z,13.3806,13.4379,13.3506,13.408,76118,true
ZSMPG,2026-09-16T19:35:00Z,13.408,13.4472,13.4003,13.4395,90514,true
ZSMPG,2026-09-16T19:40:00Z,13.4395,13.4639,13.369,13.3934,93254,true
ZSMPG,2026-09-16T19:45:00Z,13.3934,13.394,13.3687,13.3694,90379,true
ZSMPG,2026-09-16T19:50:00Z,13.3694,13.4092,13.3607,13.4005,84591,true
ZSMPG,2026-09-16T19:55:00Z,13.4005,13.4508,13.3942,13.4445,123334,true
ZSMPG,2026-09-17T13:30:00Z,14.3856,14.4099,14.3787,14.4029,722949,true
ZSMPG,2026-09-17T13:35:00Z,14.4029,14.4225,14.3636,14.3831,204867,true
ZSMPG,2026-09-17T13:40:00Z,14.3831,14.4024,14.3822,14.4015,121574,true
ZSMPG,2026-09-17T13:45:00Z,14.4015,14.4228,14.3945,14.4158,78240,true
ZSMPG,2026-09-17T13:50:00Z,14.4158,14.445,14.4084,14.4376,102345,true
ZSMPG,2026-09-17T13:55:00Z,14.4376,14.47,14.4301,14.4626,98890,true
ZSMPG,2026-09-17T14:00:00Z,14.4626,14.5234,14.4595,14.5203,59933,true
ZSMPG,2026-09-17T14:05:00Z,14.5203,14.5254,14.5073,14.5125,64267,true
ZSMPG,2026-09-17T14:10:00Z,14.5125,14.5336,14.481,14.5022,72747,true
ZSMPG,2026-09-17T14:15:00Z,14.5022,14.5151,14.4878,14.5006,70288,true
ZSMPG,2026-09-17T14:20:00Z,14.5006,14.5234,14.4988,14.5215,95383,true
ZSMPG,2026-09-17T14:25:00Z,14.5215,14.5481,14.5036,14.5302,81177,true
ZSMPG,2026-09-17T14:30:00Z,14.5302,14.582,14.5152,14.567,53855,true
ZSMPG,2026-09-17T14:35:00Z,14.567,14.6101,14.5409,14.584,65333,true
ZSMPG,2026-09-17T14:40:00Z,14.584,14.6005,14.5265,14.543,66211,true
ZSMPG,2026-09-17T14:45:00Z,14.543,14.5584,14.5252,14.5407,44421,true
ZSMPG,2026-09-17T14:50:00Z,14.5407,14.5821,14.5369,14.5783,71509,true
ZSMPG,2026-09-17T14:55:00Z,14.5783,14.6152,14.5598,14.5966,65369,true
ZSMPG,2026-09-17T15:00:00Z,14.5966,14.6087,14.5227,14.5657,16355,false
