symbol,start,open,high,low,close,volume,complete
XBMK,2026-09-17T15:00:00Z,482.1931,482.325,482.0831,482.215,403376,true
XBMK,2026-09-17T15:05:00Z,482.215,482.5414,482.0726,482.3989,400611,true
XBMK,2026-09-17T15:10:00Z,482.3989,482.6281,482.1901,482.4192,300212,true
XBMK,2026-09-17T15:15:00Z,482.4192,482.8107,482.1953,482.5868,381201,true
XBMK,2026-09-17T15:20:00Z,482.5868,482.9721,482.3695,482.7549,505948,true
XBMK,2026-09-17T15:25:00Z,482.7549,482.9978,482.7368,482.9797,337611,true
XBMK,2026-09-17T15:30:00Z,482.9797,483.1696,482.5285,482.7183,379456,true
XBMK,2026-09-17T15:35:00Z,482.7183,482.8324,482.3399,482.454,535026,true
XBMK,2026-09-17T15:40:00Z,482.454,482.5563,482.2826,482.385,359701,true
XBMK,2026-09-17T15:45:00Z,482.385,482.4366,482.2166,482.2682,352998,true
XBMK,2026-09-17T15:50:00Z,482.2682,482.3764,482.0211,482.1292,436061,true
XBMK,2026-09-17T15:55:00Z,482.1292,482.5744,481.9715,482.4167,584765,true
XBMK,2026-09-17T16:00:00Z,482.4167,482.4483,482.2927,482.3243,391246,true
XBMK,2026-09-17T16:05:00Z,482.3243,482.4297,482.2761,482.3814,754682,true
XBMK,2026-09-17T16:10:00Z,482.3814,482.4457,482.3078,482.372,405026,true
XBMK,2026-09-17T16:15:00Z,482.372,482.4138,482.0833,482.125,477409,true
XBMK,2026-09-17T16:20:00Z,482.125,482.5134,482.0658,482.4542,508479,true
XBMK,2026-09-17T16:25:00Z,482.4542,482.4816,482.1127,482.1401,449312,true
XBMK,2026-09-17T16:30:00Z,482.1401,482.4509,482.0497,482.3606,263845,true
XBMK,2026-09-17T16:35:00Z,482.3606,482.4746,482.3378,482.4518,407406,true
XBMK,2026-09-17T16:40:00Z,482.4518,482.5262,482.2787,482.3531,274987,true
XBMK,2026-09-17T16:45:00Z,482.3531,482.5064,482.234,482.3873,570669,true
XBMK,2026-09-17T16:50:00Z,482.3873,482.6066,482.1881,482.4074,444051,true
XBMK,2026-09-17T16:55:00Z,482.4074,482.4351,482.3244,482.3522,257783,true
XBMK,2026-09-17T17:00:00Z,482.3522,482.5005,482.2925,482.4409,497023,true
XBMK,2026-09-17T17:05:00Z,482.4409,482.462,482.3969,482.418,441158,true
XBMK,2026-09-17T17:10:00Z,482.418,482.7847,482.3134,482.68,382166,true
XBMK,2026-09-17T17:15:00Z,482.68,483.1654,482.5975,483.0829,288088,true
XBMK,2026-09-17T17:20:00Z,483.0829,483.2304,482.5442,482.6917,456087,true
XBMK,2026-09-17T17:25:00Z,482.6917,482.8731,482.6188,482.8003,451152,true
XBMK,2026-09-17T17:30:00Z,482.8003,482.9737,482.7084,482.8818,501862,true
XBMK,2026-09-17T17:35:00Z,482.8818,482.8946,482.6635,482.6763,298793,true
XBMK,2026-09-17T17:40:00Z,482.6763,482.6924,482.6572,482.6733,375583,true
XBMK,2026-09-17T17:45:00Z,482.6733,482.8697,482.5539,482.7503,503046,true
XBMK,2026-09-17T17:50:00Z,482.7503,482.8239,482.6107,482.6843,369271,true
XBMK,2026-09-17T17:55:00Z,482.6843,482.8057,482.4522,482.5737,429341,true
XBMK,2026-09-17T18:00:00Z,482.5737,482.783,482.5541,482.7634,272600,true
XBMK,2026-09-17T18:05:00Z,482.7634,482.8098,482.5621,482.6085,389225,true
XBMK,2026-09-17T18:10:00Z,482.6085,482.9649,482.5492,482.9057,527638,true
XBMK,2026-09-17T18:15:00Z,482.9057,482.9319,482.8363,482.8625,390128,true
XBMK,2026-09-17T18:20:00Z,482.8625,482.8888,482.5753,482.6016,397293,true
XBMK,2026-09-17T18:25:00Z,482.6016,483.1519,482.471,483.0213,390316,true
XBMK,2026-09-17T18:30:00Z,483.0213,483.1628,482.6409,482.7824,427321,true
XBMK,2026-09-17T18:35:00Z,482.7824,483.1024,482.6435,482.9635,362013,true
XBMK,2026-09-17T18:40:00Z,482.9635,483.0419,482.6305,482.7089,723634,true
XBMK,2026-09-17T18:45:00Z,482.7089,482.9024,482.5489,482.7423,469152,true
XBMK,2026-09-17T18:50:00Z,482.7423,482.7954,482.5981,482.6511,429596,true
XBMK,2026-09-17T18:55:00Z,482.6511,482.7162,482.3779,482.4429,645401,true
XBMK,2026-09-17T19:00:00Z,482.4429,482.5103,482.1543,482.2217,467384,true
XBMK,2026-09-17T19:05:00Z,482.2217,482.231,482.0859,482.0952,649398,true
XBMK,2026-09-17T19:10:00Z,482.0952,482.2484,482.0846,482.2377,412682,true
XBMK,2026-09-17T19:15:00Z,482.2377,482.3551,482.0109,482.1282,625879,true
XBMK,2026-09-17T19:20:00Z,482.1282,482.2881,482.114,482.2738,565164,true
XBMK,2026-09-17T19:25:00Z,482.2738,482.3989,482.2554,482.3805,776029,true
XBMK,2026-09-17T19:30:00Z,482.3805,482.4426,482.3152,482.3774,674182,true
XBMK,2026-09-17T19:35:00Z,482.3774,482.7217,482.3393,482.6836,384625,true
XBMK,2026-09-17T19:40:00Z,482.6836,482.8019,482.4606,482.5789,780890,true
XBMK,2026-09-17T19:45:00Z,482.5789,482.8734,482.4167,482.7112,651781,true
XBMK,2026-09-17T19:50:00Z,482.7112,482.7113,482.3869,482.387,883424,true
XBMK,2026-09-17T19:55:00Z,482.387,482.5918,482.2312,482.4361,583611,true
XBMK,2026-09-18T13:30:00Z,482.4361,482.5416,482.1549,482.2604,829295,true
XBMK,2026-09-18T13:35:00Z,482.2604,482.2664,482.205,482.2111,808254,true
XBMK,2026-09-18T13:40:00Z,482.2111,482.4554,482.191,482.4353,927895,true
XBMK,2026-09-18T13:45:00Z,482.4353,482.563,482.434,482.5617,847479,true
XBMK,2026-09-18T13:50:00Z,482.5617,482.9234,482.4483,482.81,1019753,true
XBMK,2026-09-18T13:55:00Z,482.81,483.043,482.702,482.9349,508163,true
XBMK,2026-09-18T14:00:00Z,482.9349,483.3762,482.9328,483.3742,633570,true
XBMK,2026-09-18T14:05:00Z,483.3742,483.4304,483.0911,483.1474,715846,true
XBMK,2026-09-18T14:10:00Z,483.1474,483.3496,483.0349,483.2372,343673,true
XBMK,2026-09-18T14:15:00Z,483.2372,483.4415,483.1828,483.3871,383320,true
XBMK,2026-09-18T14:20:00Z,483.3871,483.6256,483.3733,483.6117,414675,true
XBMK,2026-09-18T14:25:00Z,483.6117,484.042,483.3883,483.8185,509373,true
XBMK,2026-09-18T14:30:00Z,483.8185,484.4416,483.7534,484.3765,335508,true
XBMK,2026-09-18T14:35:00Z,484.3765,484.5865,484.3141,484.5241,630345,true
XBMK,2026-09-18T14:40:00Z,484.5241,484.8796,484.4834,484.839,479292,true
XBMK,2026-09-18T14:45:00Z,484.839,484.8937,484.722,484.7767,268164,true
XBMK,2026-09-18T14:50:00Z,484.7767,484.9391,484.746,484.9084,582816,true
XBMK,2026-09-18T14:55:00Z,484.9084,485.0854,484.8409,485.018,624033,true
XBMK,2026-09-18T15:00:00Z,485.018,485.0329,485.0061,485.021,469430,true
XBMK,2026-09-18T15:05:00Z,485.021,485.2668,484.4826,484.7284,643173,true
XBMK,2026-09-18T15:10:00Z,484.7284,485.0234,484.7168,485.0118,543282,true
XBMK,2026-09-18T15:15:00Z,485.0118,485.2265,484.7757,484.9905,664742,true
XBMK,2026-09-18T15:20:00Z,484.9905,485.0759,484.9835,485.0689,338417,true
XBMK,2026-09-18T15:25:00Z,485.0689,485.4024,484.9483,485.2818,391536,true
XBMK,2026-09-18T15:30:00Z,485.2818,485.4057,485.2163,485.3402,325821,true
XBMK,2026-09-18T15:35:00Z,485.3402,485.4093,485.16,485.2291,451830,true
XBMK,2026-09-18T15:40:00Z,485.2291,485.3718,485.216,485.3587,425033,true
XBMK,2026-09-18T15:45:00Z,485.3587,485.5452,484.9846,485.1711,422604,true
XBMK,2026-09-18T15:50:00Z,485.1711,485.2737,484.7662,484.8689,529374,true
XBMK,2026-09-18T15:55:00Z,484.8689,484.9886,484.575,484.6948,559004,true
XBMK,2026-09-18T16:00:00Z,484.6948,485.0034,484.6459,484.9545,589880,true
XBMK,2026-09-18T16:05:00Z,484.9545,484.9746,484.8556,484.8757,302520,true
XBMK,2026-09-18T16:10:00Z,484.8757,484.8848,484.8578,484.8669,448319,true
XBMK,2026-09-18T16:15:00Z,484.8669,485.0443,484.6783,484.8557,537844,true
XBMK,2026-09-18T16:20:00Z,484.8557,485.1766,484.7337,485.0547,461855,true
XBMK,2026-09-18T16:25:00Z,485.0547,485.0807,485.0155,485.0415,265178,true
XBMK,2026-09-18T16:30:00Z,485.0415,485.1231,484.7044,484.786,529290,true
XBMK,2026-09-18T16:35:00Z,484.786,484.793,484.639,484.646,575826,true
XBMK,2026-09-18T16:40:00Z,484.646,484.8659,484.5858,484.8056,373820,true
XBMK,2026-09-18T16:45:00Z,484.8056,484.9688,484.5466,484.7098,382897,true
XBMK,2026-09-18T16:50:00Z,484.7098,484.904,484.2924,484.4867,363894,true
XBMK,2026-09-18T16:55:00Z,484.4867,484.5817,484.3917,484.4868,423503,true
XBMK,2026-09-18T17:00:00Z,484.4868,484.6407,484.0719,484.2258,379062,true
XBMK,2026-09-18T17:05:00Z,484.2258,484.3618,484.1108,484.2468,291472,true
XBMK,2026-09-18T17:10:00Z,484.2468,484.3925,484.0761,484.2218,384434,true
XBMK,2026-09-18T17:15:00Z,484.2218,484.4082,483.9757,484.1621,429907,true
XBMK,2026-09-18T17:20:00Z,484.1621,484.2761,483.8001,483.9141,361375,true
XBMK,2026-09-18T17:25:00Z,483.9141,484.1523,483.8601,484.0983,275951,true
XBMK,2026-09-18T17:30:00Z,484.0983,484.4877,483.9282,484.3176,316355,true
XBMK,2026-09-18T17:35:00Z,484.3176,484.924,484.1003,484.7066,487750,true
XBMK,2026-09-18T17:40:00Z,484.7066,484.9223,484.6451,484.8607,340782,true
XBMK,2026-09-18T17:45:00Z,484.8607,485.0019,484.8583,484.9995,457942,true
XBMK,2026-09-18T17:50:00Z,484.9995,485.0062,484.6732,484.68,409082,true
XBMK,2026-09-18T17:55:00Z,484.68,484.7009,484.2768,484.2978,639306,true
XBMK,2026-09-18T18:00:00Z,484.2978,484.47,483.9794,484.1516,409155,true
XBMK,2026-09-18T18:05:00Z,484.1516,484.4328,484.0318,484.313,292437,true
XBMK,2026-09-18T18:10:00Z,484.313,484.5058,484.2132,484.406,444026,true
XBMK,2026-09-18T18:15:00Z,484.406,484.473,484.1881,484.255,523966,true
XBMK,2026-09-18T18:20:00Z,484.255,484.3198,484.0926,484.1574,523522,true
XBMK,2026-09-18T18:25:00Z,484.1574,484.2834,484.1339,484.2599,459590,true
XBMK,2026-09-18T18:30:00Z,484.2599,484.2849,484.0352,484.0601,485278,true
XBMK,2026-09-18T18:35:00Z,484.0601,484.1384,484.0565,484.1347,432724,true
XBMK,2026-09-18T18:40:00Z,484.1347,484.2624,484.0496,484.1772,358974,true
XBMK,2026-09-18T18:45:00Z,484.1772,484.2679,484.0374,484.128,526635,true
XBMK,2026-09-18T18:50:00Z,484.128,484.2685,483.7643,483.9048,508868,true
XBMK,2026-09-18T18:55:00Z,483.9048,483.9543,483.807,483.8566,476674,true
XBMK,2026-09-18T19:00:00Z,483.8566,483.9488,483.8535,483.9457,394316,true
XBMK,2026-09-18T19:05:00Z,483.9457,483.9676,483.8489,483.8708,552792,true
XBMK,2026-09-18T19:10:00Z,483.8708,483.8895,483.8501,483.8688,630385,true
XBMK,2026-09-18T19:15:00Z,483.8688,484.2527,483.6869,484.0708,526286,true
XBMK,2026-09-18T19:20:00Z,484.0708,484.1579,483.8795,483.9666,523134,true
XBMK,2026-09-18T19:25:00Z,483.9666,484.0893,483.937,484.0596,796656,true
XBMK,2026-09-18T19:30:00Z,484.0596,484.1293,483.888,483.9577,1038085,true
XBMK,2026-09-18T19:35:00Z,483.9577,484.3458,483.8911,484.2791,734613,true
XBMK,2026-09-18T19:40:00Z,484.2791,484.4011,484.2188,484.3408,576129,true
XBMK,2026-09-18T19:45:00Z,484.3408,484.4181,484.2732,484.3506,849911,true
XBMK,2026-09-18T19:50:00Z,484.3506,484.8623,484.0136,484.5254,757429,true
XBMK,2026-09-18T19:55:00Z,484.5254,484.7489,484.3526,484.5761,692592,true
XBMK,2026-09-21T13:30:00Z,484.5761,484.6854,484.4135,484.5227,860999,true
XBMK,2026-09-21T13:35:00Z,484.5227,484.699,484.4076,484.5839,1005012,true
XBMK,2026-09-21T13:40:00Z,484.5839,484.5989,484.3804,484.3954,783004,true
XBMK,2026-09-21T13:45:00Z,484.3954,484.6161,484.283,484.5037,864765,true
XBMK,2026-09-21T13:50:00Z,484.5037,484.5382,484.4757,484.5101,801026,true
XBMK,2026-09-21T13:55:00Z,484.5101,484.5921,484.258,484.34,1036348,true
XBMK,2026-09-21T14:00:00Z,484.34,484.592,484.2253,484.4773,769330,true
XBMK,2026-09-21T14:05:00Z,484.4773,484.5104,484.2041,484.2372,949010,true
XBMK,2026-09-21T14:10:00Z,484.2372,484.6551,484.1288,484.5467,384607,true
XBMK,2026-09-21T14:15:00Z,484.5467,484.7004,484.3501,484.5038,628939,true
XBMK,2026-09-21T14:20:00Z,484.5038,484.6301,484.4503,484.5765,694949,true
XBMK,2026-09-21T14:25:00Z,484.5765,484.7963,484.4921,484.7119,383447,true
XBMK,2026-09-21T14:30:00Z,484.7119,484.7426,484.5369,484.5676,433751,true
XBMK,2026-09-21T14:35:00Z,484.5676,484.8199,484.5001,484.7524,311022,true
XBMK,2026-09-21T14:40:00Z,484.7524,484.7988,484.6033,484.6497,298969,true
XBMK,2026-09-21T14:45:00Z,484.6497,484.7567,484.0851,484.1922,486774,true
XBMK,2026-09-21T14:50:00Z,484.1922,484.3194,484.1627,484.29,905489,true
XBMK,2026-09-21T14:55:00Z,484.29,484.5311,484.1115,484.3526,286519,true
XBMK,2026-09-21T15:00:00Z,484.3526,484.3784,484.1943,484.2201,373932,true
XBMK,2026-09-21T15:05:00Z,484.2201,484.3185,484.1099,484.2083,485306,true
XBMK,2026-09-21T15:10:00Z,484.2083,484.3195,484.0314,484.1425,589891,true
XBMK,2026-09-21T15:15:00Z,484.1425,484.1443,484.0155,484.0173,525383,true
XBMK,2026-09-21T15:20:00Z,484.0173,484.2878,483.9542,484.2248,503362,true
XBMK,2026-09-21T15:25:00Z,484.2248,484.2626,484.2135,484.2513,534145,true
XBMK,2026-09-21T15:30:00Z,484.2513,484.3482,484.0277,484.1246,660138,true
XBMK,2026-09-21T15:35:00Z,484.1246,484.1692,483.9538,483.9984,389031,true
XBMK,2026-09-21T15:40:00Z,483.9984,484.1038,483.9337,484.0391,514914,true
XBMK,2026-09-21T15:45:00Z,484.0391,484.2452,483.7424,483.9484,407546,true
XBMK,2026-09-21T15:50:00Z,483.9484,484.1549,483.3387,483.5452,389670,true
XBMK,2026-09-21T15:55:00Z,483.5452,483.6986,483.5346,483.688,556708,true
XBMK,2026-09-21T16:00:00Z,483.688,483.8481,483.6747,483.8349,445793,true
XBMK,2026-09-21T16:05:00Z,483.8349,483.9856,483.5913,483.7421,372724,true
XBMK,2026-09-21T16:10:00Z,483.7421,483.9781,483.6625,483.8985,295443,true
XBMK,2026-09-21T16:15:00Z,483.8985,483.9046,483.6019,483.6079,338970,true
XBMK,2026-09-21T16:20:00Z,483.6079,483.8421,483.4366,483.6708,362133,true
XBMK,2026-09-21T16:25:00Z,483.6708,483.8479,483.6203,483.7975,488030,true
XBMK,2026-09-21T16:30:00Z,483.7975,483.8447,483.7068,483.754,534481,true
XBMK,2026-09-21T16:35:00Z,483.754,483.9089,483.732,483.8868,756683,true
XBMK,2026-09-21T16:40:00Z,483.8868,484.2585,483.8253,484.1969,245308,true
XBMK,2026-09-21T16:45:00Z,484.1969,484.6575,483.987,484.4475,276250,true
XBMK,2026-09-21T16:50:00Z,484.4475,484.5154,484.1461,484.214,503562,true
XBMK,2026-09-21T16:55:00Z,484.214,484.3972,483.8525,484.0357,382683,true
XBMK,2026-09-21T17:00:00Z,484.0357,484.1161,483.8938,483.9742,308876,true
XBMK,2026-09-21T17:05:00Z,483.9742,483.9868,483.8207,483.8334,390002,true
XBMK,2026-09-21T17:10:00Z,483.8334,484.2128,483.7922,484.1716,389889,true
XBMK,2026-09-21T17:15:00Z,484.1716,484.2547,483.994,484.0771,313635,true
XBMK,2026-09-21T17:20:00Z,484.0771,484.1822,484.0703,484.1754,526069,true
XBMK,2026-09-21T17:25:00Z,484.1754,484.1977,484.0898,484.1121,354984,true
XBMK,2026-09-21T17:30:00Z,484.1121,484.3559,484.0284,484.2721,408745,true
XBMK,2026-09-21T17:35:00Z,484.2721,484.3539,484.1061,484.1879,427454,true
XBMK,2026-09-21T17:40:00Z,484.1879,484.3249,484.0107,484.1477,277631,true
XBMK,2026-09-21T17:45:00Z,484.1477,484.1813,483.903,483.9366,420907,true
XBMK,2026-09-21T17:50:00Z,483.9366,484.2343,483.8832,484.1809,577926,true
XBMK,2026-09-21T17:55:00Z,484.1809,484.5744,484.1065,484.5,431396,true
XBMK,2026-09-21T18:00:00Z,484.5,484.5524,484.4727,484.5251,288652,true
XBMK,2026-09-21T18:05:00Z,484.5251,484.8708,484.3942,484.7399,427778,true
XBMK,2026-09-21T18:10:00Z,484.7399,484.9929,484.6835,484.9364,513413,true
XBMK,2026-09-21T18:15:00Z,484.9364,485.0927,484.7307,484.887,360071,true
XBMK,2026-09-21T18:20:00Z,484.887,485.2199,484.8305,485.1634,234725,true
XBMK,2026-09-21T18:25:00Z,485.1634,485.2275,484.5869,484.651,560098,true
XBMK,2026-09-21T18:30:00Z,484.651,484.688,484.433,484.47,389117,true
XBMK,2026-09-21T18:35:00Z,484.47,484.6303,484.3671,484.5274,217942,true
XBMK,2026-09-21T18:40:00Z,484.5274,484.7985,484.4267,484.6978,401157,true
XBMK,2026-09-21T18:45:00Z,484.6978,484.7948,484.5716,484.6687,399658,true
XBMK,2026-09-21T18:50:00Z,484.6687,485.0871,484.5792,484.9976,336794,true
XBMK,2026-09-21T18:55:00Z,484.9976,485.0398,484.9679,485.0101,381743,true
XBMK,2026-09-21T19:00:00Z,485.0101,485.1924,484.5539,484.7362,445992,true
XBMK,2026-09-21T19:05:00Z,484.7362,484.8549,484.6198,484.7384,347284,true
XBMK,2026-09-21T19:10:00Z,484.7384,484.9321,484.5209,484.7146,538886,true
XBMK,2026-09-21T19:15:00Z,484.7146,484.897,484.5697,484.7521,770029,true
XBMK,2026-09-21T19:20:00Z,484.7521,484.7701,484.7433,484.7613,456675,true
XBMK,2026-09-21T19:25:00Z,484.7613,484.8907,484.5441,484.6735,372519,true
XBMK,2026-09-21T19:30:00Z,484.6735,484.6844,484.6052,484.6162,971019,true
XBMK,2026-09-21T19:35:00Z,484.6162,484.6457,484.4378,484.4674,364650,true
XBMK,2026-09-21T19:40:00Z,484.4674,484.9025,484.357,484.7921,755097,true
XBMK,2026-09-21T19:45:00Z,484.7921,484.9799,484.7613,484.9491,739555,true
XBMK,2026-09-21T19:50:00Z,484.9491,485.2418,484.8884,485.1811,929579,true
XBMK,2026-09-21T19:55:00Z,485.1811,485.244,484.7911,484.8541,872488,true
XBMK,2026-09-22T13:30:00Z,484.8541,484.8749,484.841,484.8618,877618,true
XBMK,2026-09-22T13:35:00Z,484.8618,484.9456,484.6454,484.7293,1185201,true
XBMK,2026-09-22T13:40:00Z,484.7293,484.859,484.7135,484.8433,916092,true
XBMK,2026-09-22T13:45:00Z,484.8433,484.911,484.6548,484.7225,443233,true
XBMK,2026-09-22T13:50:00Z,484.7225,484.7296,484.6317,484.6388,572378,true
XBMK,2026-09-22T13:55:00Z,484.6388,484.6639,484.3378,484.3629,483757,true
XBMK,2026-09-22T14:00:00Z,484.3629,484.7019,484.1188,484.4578,661646,true
XBMK,2026-09-22T14:05:00Z,484.4578,484.8916,484.2711,484.705,776344,true
XBMK,2026-09-22T14:10:00Z,484.705,484.7302,484.6093,484.6345,595806,true
XBMK,2026-09-22T14:15:00Z,484.6345,484.7351,484.2068,484.3074,499978,true
XBMK,2026-09-22T14:20:00Z,484.3074,484.3651,484.2886,484.3462,522120,true
XBMK,2026-09-22T14:25:00Z,484.3462,484.4194,483.8504,483.9235,384301,true
XBMK,2026-09-22T14:30:00Z,483.9235,484.1972,483.7671,484.0409,588764,true
XBMK,2026-09-22T14:35:00Z,484.0409,484.1908,483.8237,483.9737,556151,true
XBMK,2026-09-22T14:40:00Z,483.9737,484.1048,483.9397,484.0709,576827,true
XBMK,2026-09-22T14:45:00Z,484.0709,484.1312,483.9239,483.9842,350082,true
XBMK,2026-09-22T14:50:00Z,483.9842,484.0595,483.7619,483.8372,298796,true
XBMK,2026-09-22T14:55:00Z,483.8372,483.8579,483.7468,483.7674,531941,true
XBMK,2026-09-22T15:00:00Z,483.7674,484.2521,483.646,484.1306,428187,true
XBMK,2026-09-22T15:05:00Z,484.1306,484.3088,484.1011,484.2793,604111,true
XBMK,2026-09-22T15:10:00Z,484.2793,484.4087,484.0479,484.1772,538175,true
XBMK,2026-09-22T15:15:00Z,484.1772,484.3079,484.1399,484.2705,372218,true
XBMK,2026-09-22T15:20:00Z,484.2705,484.2759,484.2151,484.2205,408382,true
XBMK,2026-09-22T15:25:00Z,484.2205,484.4355,484.194,484.409,478258,true
XBMK,2026-09-22T15:30:00Z,484.409,484.7939,484.2998,484.6847,370496,true
XBMK,2026-09-22T15:35:00Z,484.6847,484.8674,484.537,484.7197,704370,true
XBMK,2026-09-22T15:40:00Z,484.7197,484.8551,484.6756,484.811,424851,true
XBMK,2026-09-22T15:45:00Z,484.811,485.0995,484.6094,484.8979,438039,true
XBMK,2026-09-22T15:50:00Z,484.8979,485.247,484.8739,485.223,264318,true
XBMK,2026-09-22T15:55:00Z,485.223,485.3531,485.1444,485.2744,429483,true
XBMK,2026-09-22T16:00:00Z,485.2744,485.5576,485.2153,485.4984,295573,true
XBMK,2026-09-22T16:05:00Z,485.4984,485.562,485.1592,485.2228,445718,true
XBMK,2026-09-22T16:10:00Z,485.2228,485.3205,485.2179,485.3155,673328,true
XBMK,2026-09-22T16:15:00Z,485.3155,485.4149,485.0984,485.1978,349347,true
XBMK,2026-09-22T16:20:00Z,485.1978,485.282,485.0738,485.1581,500937,true
XBMK,2026-09-22T16:25:00Z,485.1581,485.5756,485.0906,485.5081,392975,true
XBMK,2026-09-22T16:30:00Z,485.5081,485.8796,485.4129,485.7845,491826,true
XBMK,2026-09-22T16:35:00Z,485.7845,485.9548,485.7134,485.8837,339938,true
XBMK,2026-09-22T16:40:00Z,485.8837,486.2964,485.8011,486.2137,501998,true
XBMK,2026-09-22T16:45:00Z,486.2137,486.414,486.1512,486.3515,480710,true
XBMK,2026-09-22T16:50:00Z,486.3515,486.6829,486.3256,486.6569,467640,true
XBMK,2026-09-22T16:55:00Z,486.6569,486.7194,486.6562,486.7188,356441,true
XBMK,2026-09-22T17:00:00Z,486.7188,486.7557,486.3334,486.3703,512641,true
XBMK,2026-09-22T17:05:00Z,486.3703,486.8337,486.2638,486.7271,482763,true
XBMK,2026-09-22T17:10:00Z,486.7271,486.7706,486.7039,486.7474,313492,true
XBMK,2026-09-22T17:15:00Z,486.7474,486.7704,486.5725,486.5955,313615,true
XBMK,2026-09-22T17:20:00Z,486.5955,486.631,486.4618,486.4973,364455,true
XBMK,2026-09-22T17:25:00Z,486.4973,486.7997,486.0849,486.3873,384275,true
XBMK,2026-09-22T17:30:00Z,486.3873,486.5632,486.3722,486.5481,376348,true
XBMK,2026-09-22T17:35:00Z,486.5481,486.6911,486.3831,486.5261,479324,true
XBMK,2026-09-22T17:40:00Z,486.5261,486.6862,486.1509,486.3111,332717,true
XBMK,2026-09-22T17:45:00Z,486.3111,486.463,486.1968,486.3487,368784,true
XBMK,2026-09-22T17:50:00Z,486.3487,486.4289,486.1874,486.2676,369087,true
XBMK,2026-09-22T17:55:00Z,486.2676,486.2705,486.0082,486.011,423555,true
XBMK,2026-09-22T18:00:00Z,486.011,486.0763,485.9455,486.0108,428772,true
XBMK,2026-09-22T18:05:00Z,486.0108,486.6898,485.8639,486.5429,445275,true
XBMK,2026-09-22T18:10:00Z,486.5429,486.6777,486.0727,486.2076,392031,true
XBMK,2026-09-22T18:15:00Z,486.2076,486.4092,486.0277,486.2293,445539,true
XBMK,2026-09-22T18:20:00Z,486.2293,486.3589,485.9231,486.0527,443978,true
XBMK,2026-09-22T18:25:00Z,486.0527,486.104,485.8841,485.9354,423208,true
XBMK,2026-09-22T18:30:00Z,485.9354,486.0803,485.8425,485.9874,397980,true
XBMK,2026-09-22T18:35:00Z,485.9874,486.0199,485.5084,485.5409,323256,true
XBMK,2026-09-22T18:40:00Z,485.5409,485.6496,485.154,485.2627,352412,true
XBMK,2026-09-22T18:45:00Z,485.2627,485.3511,485.2217,485.31,389667,true
XBMK,2026-09-22T18:50:00Z,485.31,485.6355,485.0895,485.415,538038,true
XBMK,2026-09-22T18:55:00Z,485.415,485.4495,484.846,484.8805,295951,true
XBMK,2026-09-22T19:00:00Z,484.8805,485.0449,484.8667,485.0311,434662,true
XBMK,2026-09-22T19:05:00Z,485.0311,485.1229,484.7971,484.8889,489213,true
XBMK,2026-09-22T19:10:00Z,484.8889,485.0213,484.5973,484.7297,489036,true
XBMK,2026-09-22T19:15:00Z,484.7297,485.0849,484.5056,484.8608,577112,true
XBMK,2026-09-22T19:20:00Z,484.8608,484.9481,484.4401,484.5274,845528,true
XBMK,2026-09-22T19:25:00Z,484.5274,484.7299,484.444,484.6465,620153,true
XBMK,2026-09-22T19:30:00Z,484.6465,484.7084,484.5226,484.5845,382296,true
XBMK,2026-09-22T19:35:00Z,484.5845,484.722,484.3825,484.52,562929,true
XBMK,2026-09-22T19:40:00Z,484.52,484.762,484.4892,484.7312,572318,true
XBMK,2026-09-22T19:45:00Z,484.7312,484.751,484.6597,484.6795,445419,true
XBMK,2026-09-22T19:50:00Z,484.6795,484.8152,484.5787,484.7145,740300,true
XBMK,2026-09-22T19:55:00Z,484.7145,484.7961,484.6541,484.7358,689817,true
XBMK,2026-09-23T13:30:00Z,484.7358,484.8382,484.6638,484.7663,948082,true
XBMK,2026-09-23T13:35:00Z,484.7663,484.8432,484.2672,484.3441,598997,true
XBMK,2026-09-23T13:40:00Z,484.3441,484.5264,484.1284,484.3107,768480,true
XBMK,2026-09-23T13:45:00Z,484.3107,484.4259,484.1013,484.2166,1065145,true
XBMK,2026-09-23T13:50:00Z,484.2166,484.2745,484.1844,484.2424,470326,true
XBMK,2026-09-23T13:55:00Z,484.2424,484.4834,483.8093,484.0502,618794,true
XBMK,2026-09-23T14:00:00Z,484.0502,484.1832,484.0134,484.1464,641522,true
XBMK,2026-09-23T14:05:00Z,484.1464,484.182,484.0493,484.0849,557499,true
XBMK,2026-09-23T14:10:00Z,484.0849,484.3202,483.7906,484.026,398896,true
XBMK,2026-09-23T14:15:00Z,484.026,484.1522,483.9156,484.0418,530888,true
XBMK,2026-09-23T14:20:00Z,484.0418,484.219,483.9359,484.113,599914,true
XBMK,2026-09-23T14:25:00Z,484.113,484.3966,484.1081,484.3917,492947,true
XBMK,2026-09-23T14:30:00Z,484.3917,484.5429,484.07,484.2212,475209,true
XBMK,2026-09-23T14:35:00Z,484.2212,484.2411,484.2181,484.238,674832,true
XBMK,2026-09-23T14:40:00Z,484.238,484.2896,483.7496,483.8012,339729,true
XBMK,2026-09-23T14:45:00Z,483.8012,484.2297,483.7285,484.157,395478,true
XBMK,2026-09-23T14:50:00Z,484.157,484.4312,484.1313,484.4055,353002,true
XBMK,2026-09-23T14:55:00Z,484.4055,484.6226,484.3523,484.5695,330742,true
XBMK,2026-09-23T15:00:00Z,484.5695,484.6478,484.5266,484.605,288417,true
XBMK,2026-09-23T15:05:00Z,484.605,484.8114,484.4267,484.6331,383625,true
XBMK,2026-09-23T15:10:00Z,484.6331,484.7707,484.5672,484.7048,445831,true
XBMK,2026-09-23T15:15:00Z,484.7048,484.8663,484.6622,484.8237,512910,true
XBMK,2026-09-23T15:20:00Z,484.8237,485.01,484.6991,484.8854,548389,true
XBMK,2026-09-23T15:25:00Z,484.8854,485.0644,484.3239,484.5029,653014,true
XBMK,2026-09-23T15:30:00Z,484.5029,484.6812,484.4325,484.6108,432822,true
XBMK,2026-09-23T15:35:00Z,484.6108,484.6897,484.4555,484.5345,650931,true
XBMK,2026-09-23T15:40:00Z,484.5345,484.6063,484.085,484.1568,293472,true
XBMK,2026-09-23T15:45:00Z,484.1568,484.37,484.0063,484.2195,431030,true
XBMK,2026-09-23T15:50:00Z,484.2195,484.3823,483.9007,484.0635,313178,true
XBMK,2026-09-23T15:55:00Z,484.0635,484.0966,483.8165,483.8496,465301,true
XBMK,2026-09-23T16:00:00Z,483.8496,483.882,483.5876,483.62,441647,true
XBMK,2026-09-23T16:05:00Z,483.62,483.6381,483.1278,483.1459,370689,true
XBMK,2026-09-23T16:10:00Z,483.1459,483.2192,482.8058,482.8791,263465,true
XBMK,2026-09-23T16:15:00Z,482.8791,482.9456,482.879,482.9455,244438,true
XBMK,2026-09-23T16:20:00Z,482.9455,483.2327,482.8069,483.0941,465664,true
XBMK,2026-09-23T16:25:00Z,483.0941,483.2012,483.0439,483.151,467272,true
XBMK,2026-09-23T16:30:00Z,483.151,483.2338,483.0362,483.119,389966,true
XBMK,2026-09-23T16:35:00Z,483.119,483.3466,483.1032,483.3308,466580,true
XBMK,2026-09-23T16:40:00Z,483.3308,483.5803,483.1638,483.4133,420180,true
XBMK,2026-09-23T16:45:00Z,483.4133,483.453,483.3681,483.4078,422528,true
XBMK,2026-09-23T16:50:00Z,483.4078,483.6438,483.0215,483.2575,312097,true
XBMK,2026-09-23T16:55:00Z,483.2575,483.6448,483.2071,483.5944,374684,true
XBMK,2026-09-23T17:00:00Z,483.5944,483.6443,483.4051,483.455,473236,true
XBMK,2026-09-23T17:05:00Z,483.455,483.4636,483.3648,483.3734,622579,true
XBMK,2026-09-23T17:10:00Z,483.3734,483.3757,483.1612,483.1635,241198,true
XBMK,2026-09-23T17:15:00Z,483.1635,483.2299,483.1326,483.199,359465,true
XBMK,2026-09-23T17:20:00Z,483.199,483.2494,482.8417,482.892,485323,true
XBMK,2026-09-23T17:25:00Z,482.892,483.0078,482.869,482.9848,388089,true
XBMK,2026-09-23T17:30:00Z,482.9848,483.199,482.9086,483.1228,347374,true
XBMK,2026-09-23T17:35:00Z,483.1228,483.1708,482.8761,482.9241,592875,true
XBMK,2026-09-23T17:40:00Z,482.9241,482.9621,482.7704,482.8083,299901,true
XBMK,2026-09-23T17:45:00Z,482.8083,483.0332,482.4741,482.699,775905,true
XBMK,2026-09-23T17:50:00Z,482.699,483.0247,482.5888,482.9145,371058,true
XBMK,2026-09-23T17:55:00Z,482.9145,483.1236,482.8825,483.0916,317079,true
XBMK,2026-09-23T18:00:00Z,483.0916,483.2948,483.0759,483.2791,622112,true
XBMK,2026-09-23T18:05:00Z,483.2791,483.2814,483.0705,483.0728,622167,true
XBMK,2026-09-23T18:10:00Z,483.0728,483.2356,482.8462,483.009,619026,true
XBMK,2026-09-23T18:15:00Z,483.009,483.115,482.8237,482.9296,387435,true
XBMK,2026-09-23T18:20:00Z,482.9296,483.1092,482.8453,483.0249,381815,true
XBMK,2026-09-23T18:25:00Z,483.0249,483.176,482.9664,483.1175,482485,true
XBMK,2026-09-23T18:30:00Z,483.1175,483.1233,483.0062,483.0119,574493,true
XBMK,2026-09-23T18:35:00Z,483.0119,483.1583,482.9645,483.1109,450523,true
XBMK,2026-09-23T18:40:00Z,483.1109,483.2257,482.9168,483.0316,472562,true
XBMK,2026-09-23T18:45:00Z,483.0316,483.0598,482.7385,482.7667,643344,true
XBMK,2026-09-23T18:50:00Z,482.7667,482.9542,482.6948,482.8823,378617,true
XBMK,2026-09-23T18:55:00Z,482.8823,482.9583,482.808,482.8839,661555,true
XBMK,2026-09-23T19:00:00Z,482.8839,482.9261,482.601,482.6431,436676,true
XBMK,2026-09-23T19:05:00Z,482.6431,482.9744,482.5259,482.8571,371607,true
XBMK,2026-09-23T19:10:00Z,482.8571,483.1356,482.7695,483.0479,572946,true
XBMK,2026-09-23T19:15:00Z,483.0479,483.1645,482.9211,483.0377,669722,true
XBMK,2026-09-23T19:20:00Z,483.0377,483.0868,482.7609,482.81,438561,true
XBMK,2026-09-23T19:25:00Z,482.81,482.9918,482.7613,482.9431,721630,true
XBMK,2026-09-23T19:30:00Z,482.9431,483.088,482.9024,483.0473,674840,true
XBMK,2026-09-23T19:35:00Z,483.0473,483.1517,482.8169,482.9213,732542,true
XBMK,2026-09-23T19:40:00Z,482.9213,482.9451,482.8739,482.8977,648201,true
XBMK,2026-09-23T19:45:00Z,482.8977,482.9988,482.8853,482.9865,447665,true
XBMK,2026-09-23T19:50:00Z,482.9865,483.1091,482.7296,482.8523,842007,true
XBMK,2026-09-23T19:55:00Z,482.8523,482.9977,482.5157,482.6611,794375,true
XBMK,2026-09-24T13:30:00Z,482.6611,483.0035,482.4981,482.8405,783743,true
XBMK,2026-09-24T13:35:00Z,482.8405,482.9243,482.4719,482.5557,913414,true
XBMK,2026-09-24T13:40:00Z,482.5557,482.9627,482.528,482.935,840165,true
XBMK,2026-09-24T13:45:00Z,482.935,482.9952,482.7885,482.8488,778122,true
XBMK,2026-09-24T13:50:00Z,482.8488,483.3109,482.7053,483.1674,708227,true
XBMK,2026-09-24T13:55:00Z,483.1674,483.4009,482.6656,482.8991,635303,true
XBMK,2026-09-24T14:00:00Z,482.8991,482.9473,482.8819,482.9301,529645,true
XBMK,2026-09-24T14:05:00Z,482.9301,483.0142,482.7157,482.7998,759681,true
XBMK,2026-09-24T14:10:00Z,482.7998,482.885,482.7558,482.841,351565,true
XBMK,2026-09-24T14:15:00Z,482.841,482.8531,482.814,482.826,455856,true
XBMK,2026-09-24T14:20:00Z,482.826,482.8381,482.5141,482.5262,465977,true
XBMK,2026-09-24T14:25:00Z,482.5262,483.0282,482.4662,482.9682,350154,true
XBMK,2026-09-24T14:30:00Z,482.9682,483.012,482.9348,482.9786,460150,true
XBMK,2026-09-24T14:35:00Z,482.9786,483.2575,482.9014,483.1803,570098,true
XBMK,2026-09-24T14:40:00Z,483.1803,483.3675,483.094,483.2812,653642,true
XBMK,2026-09-24T14:45:00Z,483.2812,483.4717,483.1535,483.344,437834,true
XBMK,2026-09-24T14:50:00Z,483.344,483.6144,483.3296,483.6,385358,true
XBMK,2026-09-24T14:55:00Z,483.6,483.6856,483.4633,483.5489,762072,true
XBMK,2026-09-24T15:00:00Z,483.5489,483.6778,483.4717,483.6006,431370,true
XBMK,2026-09-24T15:05:00Z,483.6006,484.0369,483.5559,483.9921,461817,true
XBMK,2026-09-24T15:10:00Z,483.9921,484.1194,483.8333,483.9606,423850,true
XBMK,2026-09-24T15:15:00Z,483.9606,484.0233,483.824,483.8867,386672,true
XBMK,2026-09-24T15:20:00Z,483.8867,483.9834,483.8475,483.9442,360409,true
XBMK,2026-09-24T15:25:00Z,483.9442,484.1433,483.8639,484.063,393809,true
XBMK,2026-09-24T15:30:00Z,484.063,484.4829,483.8813,484.3012,605905,true
XBMK,2026-09-24T15:35:00Z,484.3012,484.4125,483.957,484.0683,413738,true
XBMK,2026-09-24T15:40:00Z,484.0683,484.2693,484.0676,484.2686,330807,true
XBMK,2026-09-24T15:45:00Z,484.2686,484.9828,484.019,484.7332,395895,true
XBMK,2026-09-24T15:50:00Z,484.7332,484.761,484.6996,484.7273,717167,true
XBMK,2026-09-24T15:55:00Z,484.7273,485.0526,484.62,484.9452,386688,true
XBMK,2026-09-24T16:00:00Z,484.9452,485.2646,484.8893,485.2087,228825,true
XBMK,2026-09-24T16:05:00Z,485.2087,485.2689,485.0918,485.1519,326687,true
XBMK,2026-09-24T16:10:00Z,485.1519,485.6381,484.9824,485.4686,256459,true
XBMK,2026-09-24T16:15:00Z,485.4686,485.8431,485.3722,485.7467,340238,true
XBMK,2026-09-24T16:20:00Z,485.7467,485.7869,485.7135,485.7537,295215,true
XBMK,2026-09-24T16:25:00Z,485.7537,486.027,485.5979,485.8712,383975,true
XBMK,2026-09-24T16:30:00Z,485.8712,485.9554,485.8296,485.9138,389769,true
XBMK,2026-09-24T16:35:00Z,485.9138,486.1128,485.6481,485.8471,539897,true
XBMK,2026-09-24T16:40:00Z,485.8471,485.9074,485.7289,485.7893,303779,true
XBMK,2026-09-24T16:45:00Z,485.7893,485.8859,485.4058,485.5024,565493,true
XBMK,2026-09-24T16:50:00Z,485.5024,485.5441,485.4032,485.4449,582547,true
XBMK,2026-09-24T16:55:00Z,485.4449,485.6257,485.4027,485.5835,317062,true
XBMK,2026-09-24T17:00:00Z,485.5835,485.66,485.1442,485.2208,247195,true
XBMK,2026-09-24T17:05:00Z,485.2208,485.2653,484.9693,485.0138,304985,true
XBMK,2026-09-24T17:10:00Z,485.0138,485.3954,484.9353,485.317,409222,true
XBMK,2026-09-24T17:15:00Z,485.317,485.3365,485.3071,485.3266,504227,true
XBMK,2026-09-24T17:20:00Z,485.3266,485.8186,485.2754,485.7674,399403,true
XBMK,2026-09-24T17:25:00Z,485.7674,485.8595,485.6767,485.7688,371629,true
XBMK,2026-09-24T17:30:00Z,485.7688,485.9041,485.6653,485.8006,295643,true
XBMK,2026-09-24T17:35:00Z,485.8006,485.819,485.5972,485.6156,315576,true
XBMK,2026-09-24T17:40:00Z,485.6156,485.6391,485.5558,485.5793,412103,true
XBMK,2026-09-24T17:45:00Z,485.5793,485.6446,485.4159,485.4813,333902,true
XBMK,2026-09-24T17:50:00Z,485.4813,485.7101,485.1304,485.3592,437508,true
XBMK,2026-09-24T17:55:00Z,485.3592,485.4239,485.1729,485.2376,346497,true
XBMK,2026-09-24T18:00:00Z,485.2376,485.3055,485.1488,485.2168,411770,true
XBMK,2026-09-24T18:05:00Z,485.2168,485.3127,485.209,485.3049,560666,true
XBMK,2026-09-24T18:10:00Z,485.3049,485.4209,485.2595,485.3756,423504,true
XBMK,2026-09-24T18:15:00Z,485.3756,485.4147,485.0692,485.1083,409440,true
XBMK,2026-09-24T18:20:00Z,485.1083,485.2423,484.9955,485.1295,428333,true
XBMK,2026-09-24T18:25:00Z,485.1295,485.3557,485.0731,485.2994,391995,true
XBMK,2026-09-24T18:30:00Z,485.2994,485.7884,485.0864,485.5754,431721,true
XBMK,2026-09-24T18:35:00Z,485.5754,485.8187,485.5691,485.8124,492284,true
XBMK,2026-09-24T18:40:00Z,485.8124,486.0373,485.7848,486.0097,427854,true
XBMK,2026-09-24T18:45:00Z,486.0097,486.0728,485.7038,485.7669,479040,true
XBMK,2026-09-24T18:50:00Z,485.7669,486.0497,485.6547,485.9375,542942,true
XBMK,2026-09-24T18:55:00Z,485.9375,486.0125,485.6166,485.6916,348710,true
XBMK,2026-09-24T19:00:00Z,485.6916,485.758,485.6653,485.7318,518268,true
XBMK,2026-09-24T19:05:00Z,485.7318,485.7679,485.3378,485.3739,317931,true
XBMK,2026-09-24T19:10:00Z,485.3739,485.4395,485.2946,485.3601,374274,true
XBMK,2026-09-24T19:15:00Z,485.3601,485.4599,485.3389,485.4386,702249,true
XBMK,2026-09-24T19:20:00Z,485.4386,485.5296,484.9708,485.0618,267974,true
XBMK,2026-09-24T19:25:00Z,485.0618,485.076,484.7803,484.7945,698017,true
XBMK,2026-09-24T19:30:00Z,484.7945,484.8494,484.746,484.8009,488125,true
XBMK,2026-09-24T19:35:00Z,484.8009,485.0627,484.6391,484.9009,629344,true
XBMK,2026-09-24T19:40:00Z,484.9009,485.0022,484.6279,484.7292,817264,true
XBMK,2026-09-24T19:45:00Z,484.7292,484.7699,484.6972,484.7379,799624,true
XBMK,2026-09-24T19:50:00Z,484.7379,484.9945,484.636,484.8926,676625,true
XBMK,2026-09-24T19:55:00Z,484.8926,485.0835,484.7332,484.924,937989,true
ZSMPA,2026-09-17T15:00:00Z,24.2447,24.247,24.1771,24.1795,32606,true
ZSMPA,2026-09-17T15:05:00Z,24.1795,24.2445,24.1644,24.2294,32720,true
ZSMPA,2026-09-17T15:10:00Z,24.2294,24.2573,24.1925,24.2204,31778,true
ZSMPA,2026-09-17T15:15:00Z,24.2204,24.2591,24.2104,24.249,21958,true
ZSMPA,2026-09-17T15:20:00Z,24.249,24.2665,24.2483,24.2658,33405,true
ZSMPA,2026-09-17T15:25:00Z,24.2658,24.271,24.2192,24.2244,34794,true
ZSMPA,2026-09-17T15:30:00Z,24.2244,24.2682,24.2188,24.2625,33479,true
ZSMPA,2026-09-17T15:35:00Z,24.2625,24.2908,24.2547,24.283,36209,true
ZSMPA,2026-09-17T15:40:00Z,24.283,24.294,24.2562,24.2672,41123,true
ZSMPA,2026-09-17T15:45:00Z,24.2672,24.3167,24.2515,24.3011,33090,true
ZSMPA,2026-09-17T15:50:00Z,24.3011,24.4217,24.2755,24.3962,45123,true
ZSMPA,2026-09-17T15:55:00Z,24.3962,24.4883,24.3621,24.4543,20727,true
ZSMPA,2026-09-17T16:00:00Z,24.4543,24.4738,24.4432,24.4628,29058,true
ZSMPA,2026-09-17T16:05:00Z,24.4628,24.5619,24.4472,24.5463,39811,true
ZSMPA,2026-09-17T16:10:00Z,24.5463,24.5504,24.5081,24.5122,32645,true
ZSMPA,2026-09-17T16:15:00Z,24.5122,24.5196,24.4965,24.5039,31655,true
ZSMPA,2026-09-17T16:20:00Z,24.5039,24.5553,24.4741,24.5255,24295,true
ZSMPA,2026-09-17T16:25:00Z,24.5255,24.5376,24.4574,24.4695,28962,true
ZSMPA,2026-09-17T16:30:00Z,24.4695,24.486,24.4544,24.4708,35701,true
ZSMPA,2026-09-17T16:35:00Z,24.4708,24.5044,24.4573,24.4908,43468,true
ZSMPA,2026-09-17T16:40:00Z,24.4908,24.5591,24.49,24.5583,18152,true
ZSMPA,2026-09-17T16:45:00Z,24.5583,24.5633,24.5548,24.5598,21179,true
ZSMPA,2026-09-17T16:50:00Z,24.5598,24.5769,24.5269,24.5441,27589,true
ZSMPA,2026-09-17T16:55:00Z,24.5441,24.5465,24.5151,24.5175,26715,true
ZSMPA,2026-09-17T17:00:00Z,24.5175,24.6146,24.5042,24.6013,27126,true
ZSMPA,2026-09-17T17:05:00Z,24.6013,24.607,24.5941,24.5998,31577,true
ZSMPA,2026-09-17T17:10:00Z,24.5998,24.6014,24.5427,24.5443,28983,true
ZSMPA,2026-09-17T17:15:00Z,24.5443,24.6367,24.4712,24.5636,26047,true
ZSMPA,2026-09-17T17:20:00Z,24.5636,24.5696,24.5458,24.5518,44859,true
ZSMPA,2026-09-17T17:25:00Z,24.5518,24.611,24.524,24.5833,21273,true
ZSMPA,2026-09-17T17:30:00Z,24.5833,24.6181,24.5829,24.6177,37943,true
ZSMPA,2026-09-17T17:35:00Z,24.6177,24.6197,24.5951,24.5971,23758,true
ZSMPA,2026-09-17T17:40:00Z,24.5971,24.6633,24.5743,24.6406,34173,true
ZSMPA,2026-09-17T17:45:00Z,24.6406,24.6612,24.6284,24.649,24226,true
ZSMPA,2026-09-17T17:50:00Z,24.649,24.6752,24.607,24.6332,32941,true
ZSMPA,2026-09-17T17:55:00Z,24.6332,24.6336,24.5613,24.5618,27053,true
ZSMPA,2026-09-17T18:00:00Z,24.5618,24.5647,24.545,24.5479,21087,true
ZSMPA,2026-09-17T18:05:00Z,24.5479,24.5622,24.5459,24.5602,30314,true
ZSMPA,2026-09-17T18:10:00Z,24.5602,24.5895,24.5592,24.5886,34423,true
ZSMPA,2026-09-17T18:15:00Z,24.5886,24.598,24.5684,24.5779,21427,true
ZSMPA,2026-09-17T18:20:00Z,24.5779,24.6006,24.5192,24.5419,25363,true
ZSMPA,2026-09-17T18:25:00Z,24.5419,24.5551,24.5357,24.5488,28874,true
ZSMPA,2026-09-17T18:30:00Z,24.5488,24.6108,24.507,24.569,25539,true
ZSMPA,2026-09-17T18:35:00Z,24.569,24.6114,24.5607,24.6032,32595,true
ZSMPA,2026-09-17T18:40:00Z,24.6032,24.6409,24.5824,24.6202,37309,true
ZSMPA,2026-09-17T18:45:00Z,24.6202,24.6621,24.6028,24.6448,34454,true
ZSMPA,2026-09-17T18:50:00Z,24.6448,24.6999,24.6043,24.6595,38967,true
ZSMPA,2026-09-17T18:55:00Z,24.6595,24.7236,24.6363,24.7004,47272,true
ZSMPA,2026-09-17T19:00:00Z,24.7004,24.7659,24.6676,24.7331,50100,true
ZSMPA,2026-09-17T19:05:00Z,24.7331,24.7371,24.69,24.694,34397,true
ZSMPA,2026-09-17T19:10:00Z,24.694,24.7072,24.6277,24.6408,24862,true
ZSMPA,2026-09-17T19:15:00Z,24.6408,24.6598,24.6177,24.6367,30981,true
ZSMPA,2026-09-17T19:20:00Z,24.6367,24.6477,24.5775,24.5886,47834,true
ZSMPA,2026-09-17T19:25:00Z,24.5886,24.619,24.5667,24.5972,50828,true
ZSMPA,2026-09-17T19:30:00Z,24.5972,24.6378,24.5667,24.6072,42842,true
ZSMPA,2026-09-17T19:35:00Z,24.6072,24.7075,24.5935,24.6937,31409,true
ZSMPA,2026-09-17T19:40:00Z,24.6937,24.7419,24.664,24.7122,45567,true
ZSMPA,2026-09-17T19:45:00Z,24.7122,24.7578,24.7046,24.7502,61880,true
ZSMPA,2026-09-17T19:50:00Z,24.7502,24.7809,24.739,24.7697,61799,true
ZSMPA,2026-09-17T19:55:00Z,24.7697,24.7848,24.7504,24.7656,45514,true
ZSMPA,2026-09-18T13:30:00Z,24.7656,24.8206,24.7553,24.8103,69708,true
ZSMPA,2026-09-18T13:35:00Z,24.8103,24.8114,24.8065,24.8076,75339,true
ZSMPA,2026-09-18T13:40:00Z,24.8076,24.8132,24.7787,24.7842,42386,true
ZSMPA,2026-09-18T13:45:00Z,24.7842,24.832,24.7498,24.7976,35966,true
ZSMPA,2026-09-18T13:50:00Z,24.7976,24.8632,24.7898,24.8553,43449,true
ZSMPA,2026-09-18T13:55:00Z,24.8553,24.8695,24.8287,24.8429,41113,true
ZSMPA,2026-09-18T14:00:00Z,24.8429,24.8487,24.8058,24.8117,51372,true
ZSMPA,2026-09-18T14:05:00Z,24.8117,24.8235,24.7916,24.8034,49113,true
ZSMPA,2026-09-18T14:10:00Z,24.8034,24.8407,24.6652,24.7025,43691,true
ZSMPA,2026-09-18T14:15:00Z,24.7025,24.7056,24.666,24.6691,46326,true
ZSMPA,2026-09-18T14:20:00Z,24.6691,24.6896,24.6373,24.6579,41554,true
ZSMPA,2026-09-18T14:25:00Z,24.6579,24.6949,24.5879,24.6248,39854,true
ZSMPA,2026-09-18T14:30:00Z,24.6248,24.6609,24.563,24.5991,46814,true
ZSMPA,2026-09-18T14:35:00Z,24.5991,24.613,24.5261,24.54,28494,true
ZSMPA,2026-09-18T14:40:00Z,24.54,24.5772,24.5366,24.5737,28188,true
ZSMPA,2026-09-18T14:45:00Z,24.5737,24.5823,24.5253,24.5339,43142,true
ZSMPA,2026-09-18T14:50:00Z,24.5339,24.5604,24.4845,24.5111,35275,true
ZSMPA,2026-09-18T14:55:00Z,24.5111,24.5963,24.504,24.5892,41236,true
ZSMPA,2026-09-18T15:00:00Z,24.5892,24.6341,24.5693,24.6142,31034,true
ZSMPA,2026-09-18T15:05:00Z,24.6142,24.66,24.6024,24.6483,36818,true
ZSMPA,2026-09-18T15:10:00Z,24.6483,24.6819,24.5411,24.5747,34507,true
ZSMPA,2026-09-18T15:15:00Z,24.5747,24.5913,24.5074,24.524,32423,true
ZSMPA,2026-09-18T15:20:00Z,24.524,24.5839,24.5236,24.5835,19893,true
ZSMPA,2026-09-18T15:25:00Z,24.5835,24.5905,24.5041,24.5111,28010,true
ZSMPA,2026-09-18T15:30:00Z,24.5111,24.5388,24.4677,24.4954,15009,true
ZSMPA,2026-09-18T15:35:00Z,24.4954,24.5,24.4692,24.4739,30350,true
ZSMPA,2026-09-18T15:40:00Z,24.4739,24.5902,24.456,24.5724,44945,true
ZSMPA,2026-09-18T15:45:00Z,24.5724,24.5746,24.526,24.5281,42594,true
ZSMPA,2026-09-18T15:50:00Z,24.5281,24.5295,24.4888,24.4902,23183,true
ZSMPA,2026-09-18T15:55:00Z,24.4902,24.5032,24.4387,24.4518,19688,true
ZSMPA,2026-09-18T16:00:00Z,24.4518,24.5261,24.4477,24.522,29900,true
ZSMPA,2026-09-18T16:05:00Z,24.522,24.5414,24.5185,24.5379,31271,true
ZSMPA,2026-09-18T16:10:00Z,24.5379,24.5455,24.4995,24.5071,35819,true
ZSMPA,2026-09-18T16:15:00Z,24.5071,24.5591,24.4909,24.5429,33168,true
ZSMPA,2026-09-18T16:20:00Z,24.5429,24.5791,24.5343,24.5705,23741,true
ZSMPA,2026-09-18T16:25:00Z,24.5705,24.6069,24.5136,24.5501,25281,true
ZSMPA,2026-09-18T16:30:00Z,24.5501,24.5803,24.5381,24.5684,25135,true
ZSMPA,2026-09-18T16:35:00Z,24.5684,24.5904,24.5579,24.5799,19983,true
ZSMPA,2026-09-18T16:40:00Z,24.5799,24.5921,24.5367,24.5489,35017,true
ZSMPA,2026-09-18T16:45:00Z,24.5489,24.5785,24.4604,24.4899,29463,true
ZSMPA,2026-09-18T16:50:00Z,24.4899,24.5595,24.4887,24.5583,30398,true
ZSMPA,2026-09-18T16:55:00Z,24.5583,24.5634,24.4754,24.4805,18919,true
ZSMPA,2026-09-18T17:00:00Z,24.4805,24.5056,24.465,24.4901,34398,true
ZSMPA,2026-09-18T17:05:00Z,24.4901,24.5171,24.4733,24.5003,19822,true
ZSMPA,2026-09-18T17:10:00Z,24.5003,24.5375,24.4979,24.5351,27130,true
ZSMPA,2026-09-18T17:15:00Z,24.5351,24.559,24.465,24.4889,26196,true
ZSMPA,2026-09-18T17:20:00Z,24.4889,24.5327,24.4674,24.5113,21865,true
ZSMPA,2026-09-18T17:25:00Z,24.5113,24.5137,24.4868,24.4893,27906,true
ZSMPA,2026-09-18T17:30:00Z,24.4893,24.5002,24.4808,24.4918,34790,true
ZSMPA,2026-09-18T17:35:00Z,24.4918,24.5342,24.4602,24.5027,30559,true
ZSMPA,2026-09-18T17:40:00Z,24.5027,24.5073,24.4926,24.4972,33773,true
ZSMPA,2026-09-18T17:45:00Z,24.4972,24.5607,24.485,24.5485,28738,true
ZSMPA,2026-09-18T17:50:00Z,24.5485,24.5598,24.5401,24.5514,30082,true
ZSMPA,2026-09-18T17:55:00Z,24.5514,24.5587,24.5254,24.5327,45190,true
ZSMPA,2026-09-18T18:00:00Z,24.5327,24.5537,24.5198,24.5408,12768,true
ZSMPA,2026-09-18T18:05:00Z,24.5408,24.58,24.5124,24.5516,32766,true
ZSMPA,2026-09-18T18:10:00Z,24.5516,24.6182,24.5205,24.5872,29873,true
ZSMPA,2026-09-18T18:15:00Z,24.5872,24.5979,24.5674,24.5781,29070,true
ZSMPA,2026-09-18T18:20:00Z,24.5781,24.5825,24.5639,24.5682,32754,true
ZSMPA,2026-09-18T18:25:00Z,24.5682,24.5708,24.5184,24.5209,32041,true
ZSMPA,2026-09-18T18:30:00Z,24.5209,24.5217,24.4735,24.4743,26734,true
ZSMPA,2026-09-18T18:35:00Z,24.4743,24.5107,24.4475,24.4839,26473,true
ZSMPA,2026-09-18T18:40:00Z,24.4839,24.4903,24.465,24.4714,29084,true
ZSMPA,2026-09-18T18:45:00Z,24.4714,24.475,24.4446,24.4482,23472,true
ZSMPA,2026-09-18T18:50:00Z,24.4482,24.4599,24.4276,24.4393,23557,true
ZSMPA,2026-09-18T18:55:00Z,24.4393,24.4626,24.4137,24.4369,33570,true
ZSMPA,2026-09-18T19:00:00Z,24.4369,24.4452,24.379,24.3873,18201,true
ZSMPA,2026-09-18T19:05:00Z,24.3873,24.3881,24.3764,24.3772,37319,true
ZSMPA,2026-09-18T19:10:00Z,24.3772,24.4061,24.3731,24.402,31606,true
ZSMPA,2026-09-18T19:15:00Z,24.402,24.4289,24.3674,24.3942,63695,true
ZSMPA,2026-09-18T19:20:00Z,24.3942,24.4125,24.39,24.4083,45106,true
ZSMPA,2026-09-18T19:25:00Z,24.4083,24.412,24.368,24.3717,27930,true
ZSMPA,2026-09-18T19:30:00Z,24.3717,24.3723,24.344,24.3446,59970,true
ZSMPA,2026-09-18T19:35:00Z,24.3446,24.353,24.3273,24.3358,37826,true
ZSMPA,2026-09-18T19:40:00Z,24.3358,24.3448,24.3115,24.3205,81829,true
ZSMPA,2026-09-18T19:45:00Z,24.3205,24.3218,24.2835,24.2848,58036,true
ZSMPA,2026-09-18T19:50:00Z,24.2848,24.3806,24.2766,24.3724,36055,true
ZSMPA,2026-09-18T19:55:00Z,24.3724,24.4408,24.3647,24.4331,104184,true
ZSMPA,2026-09-21T13:30:00Z,24.4331,24.4812,24.4188,24.4669,99551,true
ZSMPA,2026-09-21T13:35:00Z,24.4669,24.4917,24.4235,24.4483,43850,true
ZSMPA,2026-09-21T13:40:00Z,24.4483,24.4635,24.4419,24.4572,46538,true
ZSMPA,2026-09-21T13:45:00Z,24.4572,24.5111,24.4228,24.4767,41161,true
ZSMPA,2026-09-21T13:50:00Z,24.4767,24.4875,24.4557,24.4666,61276,true
ZSMPA,2026-09-21T13:55:00Z,24.4666,24.5324,24.4545,24.5204,55456,true
ZSMPA,2026-09-21T14:00:00Z,24.5204,24.5239,24.431,24.4345,37016,true
ZSMPA,2026-09-21T14:05:00Z,24.4345,24.4811,24.4251,24.4718,40819,true
ZSMPA,2026-09-21T14:10:00Z,24.4718,24.5012,24.4645,24.4939,56332,true
ZSMPA,2026-09-21T14:15:00Z,24.4939,24.5384,24.4808,24.5253,41571,true
ZSMPA,2026-09-21T14:20:00Z,24.5253,24.5435,24.5198,24.538,50204,true
ZSMPA,2026-09-21T14:25:00Z,24.538,24.5419,24.4576,24.4615,48853,true
ZSMPA,2026-09-21T14:30:00Z,24.4615,24.507,24.4416,24.4871,43015,true
ZSMPA,2026-09-21T14:35:00Z,24.4871,24.5189,24.4526,24.4843,48677,true
ZSMPA,2026-09-21T14:40:00Z,24.4843,24.5266,24.4273,24.4697,49423,true
ZSMPA,2026-09-21T14:45:00Z,24.4697,24.492,24.4568,24.4791,33456,true
ZSMPA,2026-09-21T14:50:00Z,24.4791,24.5108,24.4781,24.5098,31603,true
ZSMPA,2026-09-21T14:55:00Z,24.5098,24.5389,24.4505,24.4796,32967,true
ZSMPA,2026-09-21T15:00:00Z,24.4796,24.5113,24.4622,24.4939,36077,true
ZSMPA,2026-09-21T15:05:00Z,24.4939,24.4955,24.4321,24.4337,31969,true
ZSMPA,2026-09-21T15:10:00Z,24.4337,24.4702,24.4107,24.4472,45543,true
ZSMPA,2026-09-21T15:15:00Z,24.4472,24.4811,24.4353,24.4692,41106,true
ZSMPA,2026-09-21T15:20:00Z,24.4692,24.4845,24.4164,24.4317,28759,true
ZSMPA,2026-09-21T15:25:00Z,24.4317,24.4666,24.3978,24.4326,32147,true
ZSMPA,2026-09-21T15:30:00Z,24.4326,24.457,24.3728,24.3972,28456,true
ZSMPA,2026-09-21T15:35:00Z,24.3972,24.4251,24.3956,24.4235,35791,true
ZSMPA,2026-09-21T15:40:00Z,24.4235,24.4362,24.3843,24.397,18649,true
ZSMPA,2026-09-21T15:45:00Z,24.397,24.4165,24.3933,24.4128,20854,true
ZSMPA,2026-09-21T15:50:00Z,24.4128,24.4174,24.4001,24.4047,26211,true
ZSMPA,2026-09-21T15:55:00Z,24.4047,24.4124,24.3804,24.3881,31544,true
ZSMPA,2026-09-21T16:00:00Z,24.3881,24.4598,24.3694,24.4411,37979,true
ZSMPA,2026-09-21T16:05:00Z,24.4411,24.4463,24.437,24.4422,36779,true
ZSMPA,2026-09-21T16:10:00Z,24.4422,24.4454,24.4203,24.4235,27098,true
ZSMPA,2026-09-21T16:15:00Z,24.4235,24.4624,24.4156,24.4545,36340,true
ZSMPA,2026-09-21T16:20:00Z,24.4545,24.5077,24.4303,24.4834,31061,true
ZSMPA,2026-09-21T16:25:00Z,24.4834,24.4928,24.427,24.4364,22306,true
ZSMPA,2026-09-21T16:30:00Z,24.4364,24.5125,24.4106,24.4867,41205,true
ZSMPA,2026-09-21T16:35:00Z,24.4867,24.4947,24.4625,24.4705,29209,true
ZSMPA,2026-09-21T16:40:00Z,24.4705,24.4797,24.3587,24.368,24479,true
ZSMPA,2026-09-21T16:45:00Z,24.368,24.4285,24.3632,24.4238,26299,true
ZSMPA,2026-09-21T16:50:00Z,24.4238,24.4298,24.3782,24.3842,22152,true
ZSMPA,2026-09-21T16:55:00Z,24.3842,24.4194,24.3826,24.4178,48564,true
ZSMPA,2026-09-21T17:00:00Z,24.4178,24.4406,24.3999,24.4227,23858,true
ZSMPA,2026-09-21T17:05:00Z,24.4227,24.501,24.4168,24.4951,33071,true
ZSMPA,2026-09-21T17:10:00Z,24.4951,24.5041,24.4788,24.4878,22244,true
ZSMPA,2026-09-21T17:15:00Z,24.4878,24.5071,24.4549,24.4742,41661,true
ZSMPA,2026-09-21T17:20:00Z,24.4742,24.4779,24.4419,24.4456,32666,true
ZSMPA,2026-09-21T17:25:00Z,24.4456,24.4628,24.4377,24.4549,46095,true
ZSMPA,2026-09-21T17:30:00Z,24.4549,24.5128,24.4332,24.4911,35892,true
ZSMPA,2026-09-21T17:35:00Z,24.4911,24.4966,24.4611,24.4665,38901,true
ZSMPA,2026-09-21T17:40:00Z,24.4665,24.467,24.4224,24.4229,26126,true
ZSMPA,2026-09-21T17:45:00Z,24.4229,24.4267,24.3984,24.4023,35715,true
ZSMPA,2026-09-21T17:50:00Z,24.4023,24.4593,24.3797,24.4367,24049,true
ZSMPA,2026-09-21T17:55:00Z,24.4367,24.5059,24.4144,24.4837,21701,true
ZSMPA,2026-09-21T18:00:00Z,24.4837,24.5037,24.4497,24.4697,32153,true
ZSMPA,2026-09-21T18:05:00Z,24.4697,24.4794,24.4421,24.4519,35728,true
ZSMPA,2026-09-21T18:10:00Z,24.4519,24.4937,24.4441,24.4859,32208,true
ZSMPA,2026-09-21T18:15:00Z,24.4859,24.49,24.4629,24.467,29491,true
ZSMPA,2026-09-21T18:20:00Z,24.467,24.491,24.4018,24.4258,41093,true
ZSMPA,2026-09-21T18:25:00Z,24.4258,24.4323,24.3772,24.3836,32899,true
ZSMPA,2026-09-21T18:30:00Z,24.3836,24.4012,24.2989,24.3166,41362,true
ZSMPA,2026-09-21T18:35:00Z,24.3166,24.3343,24.2387,24.2564,32802,true
ZSMPA,2026-09-21T18:40:00Z,24.2564,24.2893,24.2412,24.2741,20582,true
ZSMPA,2026-09-21T18:45:00Z,24.2741,24.3129,24.2181,24.2569,23197,true
ZSMPA,2026-09-21T18:50:00Z,24.2569,24.2747,24.2384,24.2562,32495,true
ZSMPA,2026-09-21T18:55:00Z,24.2562,24.2677,24.1927,24.2041,46181,true
ZSMPA,2026-09-21T19:00:00Z,24.2041,24.2104,24.1783,24.1845,39901,true
ZSMPA,2026-09-21T19:05:00Z,24.1845,24.2071,24.1667,24.1893,28556,true
ZSMPA,2026-09-21T19:10:00Z,24.1893,24.2233,24.1385,24.1725,35216,true
ZSMPA,2026-09-21T19:15:00Z,24.1725,24.219,24.1664,24.213,36419,true
ZSMPA,2026-09-21T19:20:00Z,24.213,24.2205,24.2099,24.2174,41525,true
ZSMPA,2026-09-21T19:25:00Z,24.2174,24.2241,24.1783,24.1849,46709,true
ZSMPA,2026-09-21T19:30:00Z,24.1849,24.2309,24.17,24.216,67812,true
ZSMPA,2026-09-21T19:35:00Z,24.216,24.3089,24.1919,24.2848,39443,true
ZSMPA,2026-09-21T19:40:00Z,24.2848,24.3071,24.2513,24.2735,60462,true
ZSMPA,2026-09-21T19:45:00Z,24.2735,24.2851,24.2721,24.2837,35519,true
ZSMPA,2026-09-21T19:50:00Z,24.2837,24.3218,24.2692,24.3074,60544,true
ZSMPA,2026-09-21T19:55:00Z,24.3074,24.3284,24.2809,24.3019,66619,true
ZSMPA,2026-09-22T13:30:00Z,24.3019,24.3289,24.2643,24.2913,66931,true
ZSMPA,2026-09-22T13:35:00Z,24.2913,24.3202,24.2787,24.3076,75756,true
ZSMPA,2026-09-22T13:40:00Z,24.3076,24.3514,24.2786,24.3224,63033,true
ZSMPA,2026-09-22T13:45:00Z,24.3224,24.3324,24.2867,24.2968,74272,true
ZSMPA,2026-09-22T13:50:00Z,24.2968,24.3486,24.2928,24.3447,60442,true
ZSMPA,2026-09-22T13:55:00Z,24.3447,24.3627,24.3235,24.3415,75562,true
ZSMPA,2026-09-22T14:00:00Z,24.3415,24.3811,24.2637,24.3033,68154,true
ZSMPA,2026-09-22T14:05:00Z,24.3033,24.3399,24.2966,24.3332,39849,true
ZSMPA,2026-09-22T14:10:00Z,24.3332,24.3669,24.2975,24.3313,39503,true
ZSMPA,2026-09-22T14:15:00Z,24.3313,24.3594,24.2842,24.3123,69722,true
ZSMPA,2026-09-22T14:20:00Z,24.3123,24.338,24.2523,24.278,31755,true
ZSMPA,2026-09-22T14:25:00Z,24.278,24.2953,24.2477,24.2651,30549,true
ZSMPA,2026-09-22T14:30:00Z,24.2651,24.2742,24.229,24.2381,39512,true
ZSMPA,2026-09-22T14:35:00Z,24.2381,24.2567,24.1371,24.1557,22915,true
ZSMPA,2026-09-22T14:40:00Z,24.1557,24.1992,24.1549,24.1984,26532,true
ZSMPA,2026-09-22T14:45:00Z,24.1984,24.225,24.192,24.2186,34302,true
ZSMPA,2026-09-22T14:50:00Z,24.2186,24.297,24.2076,24.286,34327,true
ZSMPA,2026-09-22T14:55:00Z,24.286,24.3049,24.2266,24.2454,29220,true
ZSMPA,2026-09-22T15:00:00Z,24.2454,24.266,24.2082,24.2288,32746,true
ZSMPA,2026-09-22T15:05:00Z,24.2288,24.2316,24.2065,24.2094,51987,true
ZSMPA,2026-09-22T15:10:00Z,24.2094,24.2396,24.2051,24.2354,34923,true
ZSMPA,2026-09-22T15:15:00Z,24.2354,24.2815,24.1518,24.1979,40376,true
ZSMPA,2026-09-22T15:20:00Z,24.1979,24.2149,24.1581,24.175,18189,true
ZSMPA,2026-09-22T15:25:00Z,24.175,24.191,24.1202,24.1362,32211,true
ZSMPA,2026-09-22T15:30:00Z,24.1362,24.2091,24.0776,24.1505,48519,true
ZSMPA,2026-09-22T15:35:00Z,24.1505,24.1655,24.1177,24.1327,33769,true
ZSMPA,2026-09-22T15:40:00Z,24.1327,24.1759,24.1103,24.1535,40448,true
ZSMPA,2026-09-22T15:45:00Z,24.1535,24.1914,24.1487,24.1865,38041,true
ZSMPA,2026-09-22T15:50:00Z,24.1865,24.1869,24.1652,24.1656,29879,true
ZSMPA,2026-09-22T15:55:00Z,24.1656,24.2232,24.163,24.2206,32255,true
ZSMPA,2026-09-22T16:00:00Z,24.2206,24.3144,24.1767,24.2705,35860,true
ZSMPA,2026-09-22T16:05:00Z,24.2705,24.3087,24.2578,24.296,38563,true
ZSMPA,2026-09-22T16:10:00Z,24.296,24.3117,24.2486,24.2643,33915,true
ZSMPA,2026-09-22T16:15:00Z,24.2643,24.2817,24.2321,24.2495,35355,true
ZSMPA,2026-09-22T16:20:00Z,24.2495,24.2774,24.2308,24.2588,41432,true
ZSMPA,2026-09-22T16:25:00Z,24.2588,24.2834,24.2165,24.2411,33585,true
ZSMPA,2026-09-22T16:30:00Z,24.2411,24.2691,24.1756,24.2036,25007,true
ZSMPA,2026-09-22T16:35:00Z,24.2036,24.2382,24.1283,24.1629,32507,true
ZSMPA,2026-09-22T16:40:00Z,24.1629,24.2051,24.1181,24.1603,28269,true
ZSMPA,2026-09-22T16:45:00Z,24.1603,24.1668,24.0971,24.1036,21305,true
ZSMPA,2026-09-22T16:50:00Z,24.1036,24.1092,24.0291,24.0347,25321,true
ZSMPA,2026-09-22T16:55:00Z,24.0347,24.0594,24.0254,24.0501,44297,true
ZSMPA,2026-09-22T17:00:00Z,24.0501,24.07,24.0124,24.0322,50032,true
ZSMPA,2026-09-22T17:05:00Z,24.0322,24.0701,24.016,24.0539,31771,true
ZSMPA,2026-09-22T17:10:00Z,24.0539,24.0625,24.0318,24.0404,29245,true
ZSMPA,2026-09-22T17:15:00Z,24.0404,24.0893,24.0332,24.082,28036,true
ZSMPA,2026-09-22T17:20:00Z,24.082,24.1318,24.0658,24.1156,31782,true
ZSMPA,2026-09-22T17:25:00Z,24.1156,24.1397,24.0676,24.0917,41939,true
ZSMPA,2026-09-22T17:30:00Z,24.0917,24.1301,24.0907,24.1292,33391,true
ZSMPA,2026-09-22T17:35:00Z,24.1292,24.1721,24.0138,24.0568,30083,true
ZSMPA,2026-09-22T17:40:00Z,24.0568,24.1423,24.051,24.1366,30524,true
ZSMPA,2026-09-22T17:45:00Z,24.1366,24.1413,24.1181,24.1229,20671,true
ZSMPA,2026-09-22T17:50:00Z,24.1229,24.1272,24.0969,24.1012,26166,true
ZSMPA,2026-09-22T17:55:00Z,24.1012,24.1306,24.0659,24.0953,37379,true
ZSMPA,2026-09-22T18:00:00Z,24.0953,24.1106,24.0023,24.0176,42071,true
ZSMPA,2026-09-22T18:05:00Z,24.0176,24.0427,23.8886,23.9138,53113,true
ZSMPA,2026-09-22T18:10:00Z,23.9138,23.9361,23.8728,23.8951,47460,true
ZSMPA,2026-09-22T18:15:00Z,23.8951,23.9327,23.8786,23.9162,34034,true
ZSMPA,2026-09-22T18:20:00Z,23.9162,23.9278,23.8746,23.8862,31272,true
ZSMPA,2026-09-22T18:25:00Z,23.8862,23.9057,23.8093,23.8288,22834,true
ZSMPA,2026-09-22T18:30:00Z,23.8288,23.8295,23.8035,23.8042,31001,true
ZSMPA,2026-09-22T18:35:00Z,23.8042,23.8308,23.7991,23.8257,31907,true
ZSMPA,2026-09-22T18:40:00Z,23.8257,23.9258,23.7728,23.8728,36776,true
ZSMPA,2026-09-22T18:45:00Z,23.8728,23.8903,23.8359,23.8534,37940,true
ZSMPA,2026-09-22T18:50:00Z,23.8534,23.9491,23.8296,23.9252,28412,true
ZSMPA,2026-09-22T18:55:00Z,23.9252,23.929,23.8966,23.9004,33446,true
ZSMPA,2026-09-22T19:00:00Z,23.9004,24.0111,23.8699,23.9805,46160,true
ZSMPA,2026-09-22T19:05:00Z,23.9805,23.9832,23.9422,23.9449,37391,true
ZSMPA,2026-09-22T19:10:00Z,23.9449,23.9498,23.9096,23.9145,38170,true
ZSMPA,2026-09-22T19:15:00Z,23.9145,23.9744,23.876,23.9359,41217,true
ZSMPA,2026-09-22T19:20:00Z,23.9359,23.9883,23.9167,23.9691,38470,true
ZSMPA,2026-09-22T19:25:00Z,23.9691,23.986,23.9666,23.9835,43485,true
ZSMPA,2026-09-22T19:30:00Z,23.9835,24.0496,23.9593,24.0254,55354,true
ZSMPA,2026-09-22T19:35:00Z,24.0254,24.0259,24.0079,24.0084,58849,true
ZSMPA,2026-09-22T19:40:00Z,24.0084,24.0921,23.9795,24.0631,75661,true
ZSMPA,2026-09-22T19:45:00Z,24.0631,24.1055,24.0369,24.0793,48821,true
ZSMPA,2026-09-22T19:50:00Z,24.0793,24.0801,24.0277,24.0286,61946,true
ZSMPA,2026-09-22T19:55:00Z,24.0286,24.0409,24.01,24.0222,42695,true
ZSMPA,2026-09-23T13:30:00Z,24.0222,24.0695,24.0078,24.0551,119709,true
ZSMPA,2026-09-23T13:35:00Z,24.0551,24.057,24.0535,24.0554,72635,true
ZSMPA,2026-09-23T13:40:00Z,24.0554,24.0606,23.9938,23.999,53422,true
ZSMPA,2026-09-23T13:45:00Z,23.999,24.0204,23.9636,23.985,53573,true
ZSMPA,2026-09-23T13:50:00Z,23.985,23.9952,23.9325,23.9427,35999,true
ZSMPA,2026-09-23T13:55:00Z,23.9427,23.9549,23.9069,23.9191,62653,true
ZSMPA,2026-09-23T14:00:00Z,23.9191,23.9438,23.8817,23.9064,37055,true
ZSMPA,2026-09-23T14:05:00Z,23.9064,23.9465,23.8771,23.9171,31547,true
ZSMPA,2026-09-23T14:10:00Z,23.9171,23.9711,23.9137,23.9677,61428,true
ZSMPA,2026-09-23T14:15:00Z,23.9677,24.0003,23.9058,23.9384,31718,true
ZSMPA,2026-09-23T14:20:00Z,23.9384,23.9411,23.9182,23.9209,32589,true
ZSMPA,2026-09-23T14:25:00Z,23.9209,23.9895,23.9016,23.9702,49530,true
ZSMPA,2026-09-23T14:30:00Z,23.9702,23.9858,23.946,23.9615,42433,true
ZSMPA,2026-09-23T14:35:00Z,23.9615,23.9666,23.9406,23.9457,50579,true
ZSMPA,2026-09-23T14:40:00Z,23.9457,23.9625,23.9352,23.952,29379,true
ZSMPA,2026-09-23T14:45:00Z,23.952,23.9752,23.8877,23.9109,39238,true
ZSMPA,2026-09-23T14:50:00Z,23.9109,23.9134,23.8455,23.848,29558,true
ZSMPA,2026-09-23T14:55:00Z,23.848,23.8812,23.8177,23.8509,27310,true
ZSMPA,2026-09-23T15:00:00Z,23.8509,23.9065,23.8249,23.8806,33913,true
ZSMPA,2026-09-23T15:05:00Z,23.8806,23.8984,23.8191,23.8369,28844,true
ZSMPA,2026-09-23T15:10:00Z,23.8369,23.8679,23.7935,23.8244,21767,true
ZSMPA,2026-09-23T15:15:00Z,23.8244,23.8524,23.7606,23.7886,33234,true
ZSMPA,2026-09-23T15:20:00Z,23.7886,23.8773,23.758,23.8467,36631,true
ZSMPA,2026-09-23T15:25:00Z,23.8467,23.8905,23.8216,23.8654,24717,true
ZSMPA,2026-09-23T15:30:00Z,23.8654,23.8857,23.8567,23.877,32290,true
ZSMPA,2026-09-23T15:35:00Z,23.877,23.9133,23.8666,23.903,41048,true
ZSMPA,2026-09-23T15:40:00Z,23.903,23.9283,23.8617,23.887,25635,true
ZSMPA,2026-09-23T15:45:00Z,23.887,23.8979,23.8086,23.8194,23932,true
ZSMPA,2026-09-23T15:50:00Z,23.8194,23.8638,23.796,23.8403,25711,true
ZSMPA,2026-09-23T15:55:00Z,23.8403,23.8481,23.777,23.7847,38809,true
ZSMPA,2026-09-23T16:00:00Z,23.7847,23.791,23.7775,23.7838,26883,true
ZSMPA,2026-09-23T16:05:00Z,23.7838,23.8771,23.7719,23.8653,27686,true
ZSMPA,2026-09-23T16:10:00Z,23.8653,23.9706,23.8609,23.9662,28837,true
ZSMPA,2026-09-23T16:15:00Z,23.9662,23.9691,23.9277,23.9306,25690,true
ZSMPA,2026-09-23T16:20:00Z,23.9306,23.99,23.9228,23.9822,39526,true
ZSMPA,2026-09-23T16:25:00Z,23.9822,23.9823,23.9082,23.9083,23959,true
ZSMPA,2026-09-23T16:30:00Z,23.9083,23.909,23.8644,23.8652,26790,true
ZSMPA,2026-09-23T16:35:00Z,23.8652,23.8761,23.8131,23.824,44652,true
ZSMPA,2026-09-23T16:40:00Z,23.824,23.8937,23.7875,23.8572,31030,true
ZSMPA,2026-09-23T16:45:00Z,23.8572,23.8956,23.8514,23.8898,28198,true
ZSMPA,2026-09-23T16:50:00Z,23.8898,23.9458,23.8449,23.9009,32117,true
ZSMPA,2026-09-23T16:55:00Z,23.9009,23.9416,23.8896,23.9303,27929,true
ZSMPA,2026-09-23T17:00:00Z,23.9303,23.9453,23.8804,23.8954,23847,true
ZSMPA,2026-09-23T17:05:00Z,23.8954,23.911,23.8144,23.83,40355,true
ZSMPA,2026-09-23T17:10:00Z,23.83,23.9407,23.8108,23.9215,26869,true
ZSMPA,2026-09-23T17:15:00Z,23.9215,23.9337,23.8841,23.8962,38339,true
ZSMPA,2026-09-23T17:20:00Z,23.8962,23.9793,23.8791,23.9621,22356,true
ZSMPA,2026-09-23T17:25:00Z,23.9621,23.9759,23.9102,23.924,26307,true
ZSMPA,2026-09-23T17:30:00Z,23.924,23.925,23.8721,23.8731,28939,true
ZSMPA,2026-09-23T17:35:00Z,23.8731,23.9057,23.8043,23.8369,47510,true
ZSMPA,2026-09-23T17:40:00Z,23.8369,23.9065,23.8287,23.8983,32217,true
ZSMPA,2026-09-23T17:45:00Z,23.8983,23.9138,23.8861,23.9016,38584,true
ZSMPA,2026-09-23T17:50:00Z,23.9016,23.9461,23.8805,23.925,26572,true
ZSMPA,2026-09-23T17:55:00Z,23.925,23.9258,23.8829,23.8837,19271,true
ZSMPA,2026-09-23T18:00:00Z,23.8837,23.904,23.8127,23.8331,34178,true
ZSMPA,2026-09-23T18:05:00Z,23.8331,23.8565,23.7968,23.8202,35616,true
ZSMPA,2026-09-23T18:10:00Z,23.8202,23.8625,23.7882,23.8305,37496,true
ZSMPA,2026-09-23T18:15:00Z,23.8305,23.8359,23.8122,23.8176,23331,true
ZSMPA,2026-09-23T18:20:00Z,23.8176,23.8643,23.7474,23.7941,36408,true
ZSMPA,2026-09-23T18:25:00Z,23.7941,23.7984,23.7822,23.7865,23983,true
ZSMPA,2026-09-23T18:30:00Z,23.7865,23.8095,23.7451,23.7682,30396,true
ZSMPA,2026-09-23T18:35:00Z,23.7682,23.8075,23.7539,23.7932,34489,true
ZSMPA,2026-09-23T18:40:00Z,23.7932,23.8487,23.7925,23.8479,25241,true
ZSMPA,2026-09-23T18:45:00Z,23.8479,23.8533,23.8379,23.8433,35919,true
ZSMPA,2026-09-23T18:50:00Z,23.8433,23.8502,23.8376,23.8445,43871,true
ZSMPA,2026-09-23T18:55:00Z,23.8445,23.8916,23.7578,23.8049,23640,true
ZSMPA,2026-09-23T19:00:00Z,23.8049,23.8053,23.779,23.7794,33635,true
ZSMPA,2026-09-23T19:05:00Z,23.7794,23.7859,23.7715,23.778,53715,true
ZSMPA,2026-09-23T19:10:00Z,23.778,23.7929,23.7598,23.7747,37148,true
ZSMPA,2026-09-23T19:15:00Z,23.7747,23.7915,23.7579,23.7746,36881,true
ZSMPA,2026-09-23T19:20:00Z,23.7746,23.879,23.7597,23.864,34722,true
ZSMPA,2026-09-23T19:25:00Z,23.864,23.8724,23.841,23.8493,40907,true
ZSMPA,2026-09-23T19:30:00Z,23.8493,23.871,23.8059,23.8276,47325,true
ZSMPA,2026-09-23T19:35:00Z,23.8276,23.8465,23.8157,23.8346,58414,true
ZSMPA,2026-09-23T19:40:00Z,23.8346,23.8765,23.8256,23.8675,46564,true
ZSMPA,2026-09-23T19:45:00Z,23.8675,23.8716,23.86,23.864,37757,true
ZSMPA,2026-09-23T19:50:00Z,23.864,23.8841,23.8384,23.8585,53614,true
ZSMPA,2026-09-23T19:55:00Z,23.8585,23.8742,23.7842,23.8,66566,true
ZSMPA,2026-09-24T13:30:00Z,23.8,23.8084,23.7624,23.7708,51145,true
ZSMPA,2026-09-24T13:35:00Z,23.7708,23.8045,23.7273,23.761,63512,true
ZSMPA,2026-09-24T13:40:00Z,23.761,23.7892,23.6772,23.7054,67220,true
ZSMPA,2026-09-24T13:45:00Z,23.7054,23.7154,23.6846,23.6946,51063,true
ZSMPA,2026-09-24T13:50:00Z,23.6946,23.7175,23.6243,23.6471,44868,true
ZSMPA,2026-09-24T13:55:00Z,23.6471,23.6573,23.6234,23.6336,45233,true
ZSMPA,2026-09-24T14:00:00Z,23.6336,23.6707,23.6183,23.6554,57825,true
ZSMPA,2026-09-24T14:05:00Z,23.6554,23.7086,23.6375,23.6907,47072,true
ZSMPA,2026-09-24T14:10:00Z,23.6907,23.71,23.6632,23.6826,44766,true
ZSMPA,2026-09-24T14:15:00Z,23.6826,23.7199,23.6563,23.6937,56348,true
ZSMPA,2026-09-24T14:20:00Z,23.6937,23.7596,23.6839,23.7498,38423,true
ZSMPA,2026-09-24T14:25:00Z,23.7498,23.7742,23.7358,23.7602,35342,true
ZSMPA,2026-09-24T14:30:00Z,23.7602,23.7944,23.7198,23.754,24279,true
ZSMPA,2026-09-24T14:35:00Z,23.754,23.7577,23.7408,23.7445,55900,true
ZSMPA,2026-09-24T14:40:00Z,23.7445,23.7651,23.7042,23.7249,41030,true
ZSMPA,2026-09-24T14:45:00Z,23.7249,23.749,23.7144,23.7385,25318,true
ZSMPA,2026-09-24T14:50:00Z,23.7385,23.8426,23.7123,23.8165,30196,true
ZSMPA,2026-09-24T14:55:00Z,23.8165,23.857,23.7982,23.8387,33885,true
ZSMPA,2026-09-24T15:00:00Z,23.8387,23.8651,23.7625,23.7888,22122,true
ZSMPA,2026-09-24T15:05:00Z,23.7888,23.8277,23.7221,23.761,36917,true
ZSMPA,2026-09-24T15:10:00Z,23.761,23.8472,23.7416,23.8279,15045,true
ZSMPA,2026-09-24T15:15:00Z,23.8279,23.8435,23.7631,23.7788,27823,true
ZSMPA,2026-09-24T15:20:00Z,23.7788,23.8127,23.7186,23.7525,26689,true
ZSMPA,2026-09-24T15:25:00Z,23.7525,23.7626,23.7447,23.7547,28766,true
ZSMPA,2026-09-24T15:30:00Z,23.7547,23.7866,23.6781,23.7099,23478,true
ZSMPA,2026-09-24T15:35:00Z,23.7099,23.7615,23.6858,23.7374,19129,true
ZSMPA,2026-09-24T15:40:00Z,23.7374,23.7413,23.6941,23.698,36094,true
ZSMPA,2026-09-24T15:45:00Z,23.698,23.7005,23.6561,23.6586,31279,true
ZSMPA,2026-09-24T15:50:00Z,23.6586,23.7214,23.6201,23.6829,30462,true
ZSMPA,2026-09-24T15:55:00Z,23.6829,23.7088,23.6756,23.7015,38991,true
ZSMPA,2026-09-24T16:00:00Z,23.7015,23.7804,23.6523,23.7312,25807,true
ZSMPA,2026-09-24T16:05:00Z,23.7312,23.7822,23.6909,23.7419,35888,true
ZSMPA,2026-09-24T16:10:00Z,23.7419,23.7517,23.7227,23.7325,27269,true
ZSMPA,2026-09-24T16:15:00Z,23.7325,23.7413,23.6796,23.6885,18331,true
ZSMPA,2026-09-24T16:20:00Z,23.6885,23.7013,23.6873,23.7002,33317,true
ZSMPA,2026-09-24T16:25:00Z,23.7002,23.7361,23.692,23.7279,24030,true
ZSMPA,2026-09-24T16:30:00Z,23.7279,23.7466,23.6536,23.6722,34259,true
ZSMPA,2026-09-24T16:35:00Z,23.6722,23.7102,23.6451,23.6831,30782,true
ZSMPA,2026-09-24T16:40:00Z,23.6831,23.7523,23.6795,23.7487,27098,true
ZSMPA,2026-09-24T16:45:00Z,23.7487,23.7798,23.7043,23.7354,26903,true
ZSMPA,2026-09-24T16:50:00Z,23.7354,23.7477,23.6639,23.6762,26554,true
ZSMPA,2026-09-24T16:55:00Z,23.6762,23.6799,23.6429,23.6466,24891,true
ZSMPA,2026-09-24T17:00:00Z,23.6466,23.6598,23.5737,23.5869,27028,true
ZSMPA,2026-09-24T17:05:00Z,23.5869,23.5975,23.5734,23.584,48345,true
ZSMPA,2026-09-24T17:10:00Z,23.584,23.6317,23.5558,23.6035,27440,true
ZSMPA,2026-09-24T17:15:00Z,23.6035,23.705,23.5922,23.6937,27825,true
ZSMPA,2026-09-24T17:20:00Z,23.6937,23.6984,23.6003,23.605,30753,true
ZSMPA,2026-09-24T17:25:00Z,23.605,23.6723,23.601,23.6684,24550,true
ZSMPA,2026-09-24T17:30:00Z,23.6684,23.74,23.6547,23.7264,36087,true
ZSMPA,2026-09-24T17:35:00Z,23.7264,23.8216,23.6925,23.7877,31233,true
ZSMPA,2026-09-24T17:40:00Z,23.7877,23.8175,23.7395,23.7693,22978,true
ZSMPA,2026-09-24T17:45:00Z,23.7693,23.7949,23.6442,23.6697,36989,true
ZSMPA,2026-09-24T17:50:00Z,23.6697,23.6709,23.6145,23.6157,21317,true
ZSMPA,2026-09-24T17:55:00Z,23.6157,23.6641,23.5864,23.6349,50364,true
ZSMPA,2026-09-24T18:00:00Z,23.6349,23.6394,23.5945,23.599,28874,true
ZSMPA,2026-09-24T18:05:00Z,23.599,23.6671,23.563,23.6311,49242,true
ZSMPA,2026-09-24T18:10:00Z,23.6311,23.6597,23.599,23.6276,25704,true
ZSMPA,2026-09-24T18:15:00Z,23.6276,23.6539,23.5238,23.5501,26728,true
ZSMPA,2026-09-24T18:20:00Z,23.5501,23.6072,23.5329,23.59,24329,true
ZSMPA,2026-09-24T18:25:00Z,23.59,23.6074,23.5719,23.5893,35074,true
ZSMPA,2026-09-24T18:30:00Z,23.5893,23.6156,23.5696,23.5959,28963,true
ZSMPA,2026-09-24T18:35:00Z,23.5959,23.6029,23.5719,23.5789,29715,true
ZSMPA,2026-09-24T18:40:00Z,23.5789,23.602,23.5376,23.5607,34017,true
ZSMPA,2026-09-24T18:45:00Z,23.5607,23.5638,23.5313,23.5344,40602,true
ZSMPA,2026-09-24T18:50:00Z,23.5344,23.5432,23.4654,23.4742,48652,true
ZSMPA,2026-09-24T18:55:00Z,23.4742,23.5148,23.4602,23.5008,53133,true
ZSMPA,2026-09-24T19:00:00Z,23.5008,23.5147,23.4311,23.445,35224,true
ZSMPA,2026-09-24T19:05:00Z,23.445,23.4616,23.4236,23.4401,33663,true
ZSMPA,2026-09-24T19:10:00Z,23.4401,23.5022,23.4331,23.4952,31708,true
ZSMPA,2026-09-24T19:15:00Z,23.4952,23.5315,23.438,23.4743,18341,true
ZSMPA,2026-09-24T19:20:00Z,23.4743,23.4829,23.4221,23.4307,22342,true
ZSMPA,2026-09-24T19:25:00Z,23.4307,23.4514,23.3336,23.3543,47308,true
ZSMPA,2026-09-24T19:30:00Z,23.3543,23.4138,23.3095,23.369,58567,true
ZSMPA,2026-09-24T19:35:00Z,23.369,23.3823,23.3493,23.3627,56307,true
ZSMPA,2026-09-24T19:40:00Z,23.3627,23.368,23.3471,23.3524,47087,true
ZSMPA,2026-09-24T19:45:00Z,23.3524,23.372,23.2758,23.2953,37922,true
ZSMPA,2026-09-24T19:50:00Z,23.2953,23.3835,23.2849,23.3731,37433,true
ZSMPA,2026-09-24T19:55:00Z,23.3731,23.3847,23.3714,23.383,51230,true
ZSMPB,2026-09-17T15:00:00Z,49.84,49.8572,49.7658,49.7829,24786,true
ZSMPB,2026-09-17T15:05:00Z,49.7829,49.7848,49.7117,49.7136,31184,true
ZSMPB,2026-09-17T15:10:00Z,49.7136,49.7806,49.7063,49.7732,25310,true
ZSMPB,2026-09-17T15:15:00Z,49.7732,49.774,49.6984,49.6992,40220,true
ZSMPB,2026-09-17T15:20:00Z,49.6992,49.7121,49.5842,49.5971,40781,true
ZSMPB,2026-09-17T15:25:00Z,49.5971,49.6111,49.5651,49.5792,30948,true
ZSMPB,2026-09-17T15:30:00Z,49.5792,49.5816,49.5589,49.5613,24119,true
ZSMPB,2026-09-17T15:35:00Z,49.5613,49.5803,49.5034,49.5224,27669,true
ZSMPB,2026-09-17T15:40:00Z,49.5224,49.5362,49.4752,49.4891,30031,true
ZSMPB,2026-09-17T15:45:00Z,49.4891,49.5092,49.4588,49.4789,28125,true
ZSMPB,2026-09-17T15:50:00Z,49.4789,49.4811,49.4637,49.4658,21864,true
ZSMPB,2026-09-17T15:55:00Z,49.4658,49.4924,49.4291,49.4557,23995,true
ZSMPB,2026-09-17T16:00:00Z,49.4557,49.4806,49.4538,49.4787,33478,true
ZSMPB,2026-09-17T16:05:00Z,49.4787,49.5654,49.454,49.5407,22574,true
ZSMPB,2026-09-17T16:10:00Z,49.5407,49.5533,49.4856,49.4982,24206,true
ZSMPB,2026-09-17T16:15:00Z,49.4982,49.507,49.4856,49.4945,32831,true
ZSMPB,2026-09-17T16:20:00Z,49.4945,49.5087,49.4939,49.5082,20808,true
ZSMPB,2026-09-17T16:25:00Z,49.5082,49.5337,49.5069,49.5324,24232,true
ZSMPB,2026-09-17T16:30:00Z,49.5324,49.5907,49.4257,49.484,29916,true
ZSMPB,2026-09-17T16:35:00Z,49.484,49.5894,49.4245,49.5299,31615,true
ZSMPB,2026-09-17T16:40:00Z,49.5299,49.556,49.4878,49.5139,42440,true
ZSMPB,2026-09-17T16:45:00Z,49.5139,49.5704,49.2515,49.308,24170,true
ZSMPB,2026-09-17T16:50:00Z,49.308,49.3224,49.2353,49.2496,32096,true
ZSMPB,2026-09-17T16:55:00Z,49.2496,49.2571,49.2324,49.2399,23686,true
ZSMPB,2026-09-17T17:00:00Z,49.2399,49.2879,49.222,49.2699,22073,true
ZSMPB,2026-09-17T17:05:00Z,49.2699,49.3269,49.1462,49.2032,33129,true
ZSMPB,2026-09-17T17:10:00Z,49.2032,49.3536,49.2019,49.3522,19873,true
ZSMPB,2026-09-17T17:15:00Z,49.3522,49.3773,49.2526,49.2777,20949,true
ZSMPB,2026-09-17T17:20:00Z,49.2777,49.3105,49.2428,49.2757,27704,true
ZSMPB,2026-09-17T17:25:00Z,49.2757,49.2963,49.219,49.2396,20795,true
ZSMPB,2026-09-17T17:30:00Z,49.2396,49.348,49.2198,49.3283,20862,true
ZSMPB,2026-09-17T17:35:00Z,49.3283,49.3319,49.2785,49.2822,23531,true
ZSMPB,2026-09-17T17:40:00Z,49.2822,49.3366,49.091,49.1453,29166,true
ZSMPB,2026-09-17T17:45:00Z,49.1453,49.2519,49.1025,49.209,20171,true
ZSMPB,2026-09-17T17:50:00Z,49.209,49.2579,49.1774,49.2263,17104,true
ZSMPB,2026-09-17T17:55:00Z,49.2263,49.3071,49.2123,49.2931,28050,true
ZSMPB,2026-09-17T18:00:00Z,49.2931,49.3187,49.2774,49.3029,35466,true
ZSMPB,2026-09-17T18:05:00Z,49.3029,49.3835,49.2614,49.3419,22604,true
ZSMPB,2026-09-17T18:10:00Z,49.3419,49.3515,49.2737,49.2833,18974,true
ZSMPB,2026-09-17T18:15:00Z,49.2833,49.2851,49.1766,49.1785,18024,true
ZSMPB,2026-09-17T18:20:00Z,49.1785,49.1904,49.1511,49.163,32499,true
ZSMPB,2026-09-17T18:25:00Z,49.163,49.1742,49.0485,49.0597,30050,true
ZSMPB,2026-09-17T18:30:00Z,49.0597,49.0829,49.0,49.0232,37106,true
ZSMPB,2026-09-17T18:35:00Z,49.0232,49.0973,48.9842,49.0583,24939,true
ZSMPB,2026-09-17T18:40:00Z,49.0583,49.0974,49.0493,49.0884,28010,true
ZSMPB,2026-09-17T18:45:00Z,49.0884,49.1836,49.0606,49.1558,27204,true
ZSMPB,2026-09-17T18:50:00Z,49.1558,49.1668,49.1287,49.1397,37908,true
ZSMPB,2026-09-17T18:55:00Z,49.1397,49.1956,49.0577,49.1136,27445,true
ZSMPB,2026-09-17T19:00:00Z,49.1136,49.2505,49.0981,49.2351,45587,true
ZSMPB,2026-09-17T19:05:00Z,49.2351,49.2666,49.231,49.2625,22571,true
ZSMPB,2026-09-17T19:10:00Z,49.2625,49.2642,49.1877,49.1894,32083,true
ZSMPB,2026-09-17T19:15:00Z,49.1894,49.1957,49.1854,49.1917,36589,true
ZSMPB,2026-09-17T19:20:00Z,49.1917,49.2538,49.1726,49.2346,54827,true
ZSMPB,2026-09-17T19:25:00Z,49.2346,49.2526,49.2113,49.2293,18998,true
ZSMPB,2026-09-17T19:30:00Z,49.2293,49.2299,49.1851,49.1857,43157,true
ZSMPB,2026-09-17T19:35:00Z,49.1857,49.246,49.1597,49.22,29674,true
ZSMPB,2026-09-17T19:40:00Z,49.22,49.2693,49.1913,49.2406,57509,true
ZSMPB,2026-09-17T19:45:00Z,49.2406,49.2883,49.1635,49.2112,70105,true
ZSMPB,2026-09-17T19:50:00Z,49.2112,49.3347,49.178,49.3015,44704,true
ZSMPB,2026-09-17T19:55:00Z,49.3015,49.3298,49.2808,49.3092,61283,true
ZSMPB,2026-09-18T13:30:00Z,49.3092,49.3517,49.1925,49.2351,61532,true
ZSMPB,2026-09-18T13:35:00Z,49.2351,49.2469,49.1851,49.1969,33575,true
ZSMPB,2026-09-18T13:40:00Z,49.1969,49.2607,49.1676,49.2314,75760,true
ZSMPB,2026-09-18T13:45:00Z,49.2314,49.2381,49.179,49.1858,92589,true
ZSMPB,2026-09-18T13:50:00Z,49.1858,49.2426,49.1777,49.2346,37066,true
ZSMPB,2026-09-18T13:55:00Z,49.2346,49.2781,49.2165,49.26,38027,true
ZSMPB,2026-09-18T14:00:00Z,49.26,49.3698,49.2571,49.3669,31887,true
ZSMPB,2026-09-18T14:05:00Z,49.3669,49.3916,49.3555,49.3802,33963,true
ZSMPB,2026-09-18T14:10:00Z,49.3802,49.4945,49.3595,49.4739,34760,true
ZSMPB,2026-09-18T14:15:00Z,49.4739,49.5497,49.4474,49.5231,36910,true
ZSMPB,2026-09-18T14:20:00Z,49.5231,49.5665,49.4484,49.4918,27234,true
ZSMPB,2026-09-18T14:25:00Z,49.4918,49.5428,49.3056,49.3565,39182,true
ZSMPB,2026-09-18T14:30:00Z,49.3565,49.4055,49.3332,49.3822,29079,true
ZSMPB,2026-09-18T14:35:00Z,49.3822,49.3963,49.2836,49.2977,34192,true
ZSMPB,2026-09-18T14:40:00Z,49.2977,49.3843,49.2775,49.364,28045,true
ZSMPB,2026-09-18T14:45:00Z,49.364,49.4181,49.3489,49.403,29355,true
ZSMPB,2026-09-18T14:50:00Z,49.403,49.4537,49.2549,49.3055,46726,true
ZSMPB,2026-09-18T14:55:00Z,49.3055,49.379,49.3047,49.3782,33804,true
ZSMPB,2026-09-18T15:00:00Z,49.3782,49.4182,49.3306,49.3706,21359,true
ZSMPB,2026-09-18T15:05:00Z,49.3706,49.3799,49.257,49.2662,23833,true
ZSMPB,2026-09-18T15:10:00Z,49.2662,49.2873,49.2564,49.2775,30922,true
ZSMPB,2026-09-18T15:15:00Z,49.2775,49.2928,49.2547,49.27,33174,true
ZSMPB,2026-09-18T15:20:00Z,49.27,49.2825,49.1941,49.2066,21857,true
ZSMPB,2026-09-18T15:25:00Z,49.2066,49.2394,49.1396,49.1724,30536,true
ZSMPB,2026-09-18T15:30:00Z,49.1724,49.2083,49.1259,49.1618,18013,true
ZSMPB,2026-09-18T15:35:00Z,49.1618,49.1625,49.1489,49.1496,38425,true
ZSMPB,2026-09-18T15:40:00Z,49.1496,49.181,49.0255,49.057,32576,true
ZSMPB,2026-09-18T15:45:00Z,49.057,49.0626,49.0028,49.0084,36465,true
ZSMPB,2026-09-18T15:50:00Z,49.0084,49.0515,48.9411,48.9843,37808,true
ZSMPB,2026-09-18T15:55:00Z,48.9843,49.0297,48.9428,48.9882,28786,true
ZSMPB,2026-09-18T16:00:00Z,48.9882,49.0088,48.9806,49.0011,35726,true
ZSMPB,2026-09-18T16:05:00Z,49.0011,49.0806,48.9851,49.0646,35367,true
ZSMPB,2026-09-18T16:10:00Z,49.0646,49.0768,49.025,49.0372,20552,true
ZSMPB,2026-09-18T16:15:00Z,49.0372,49.1059,49.0021,49.0708,33687,true
ZSMPB,2026-09-18T16:20:00Z,49.0708,49.1864,49.0393,49.1549,16208,true
ZSMPB,2026-09-18T16:25:00Z,49.1549,49.1712,49.1412,49.1575,21473,true
ZSMPB,2026-09-18T16:30:00Z,49.1575,49.3174,49.1382,49.2982,20136,true
ZSMPB,2026-09-18T16:35:00Z,49.2982,49.3305,49.1838,49.2161,32254,true
ZSMPB,2026-09-18T16:40:00Z,49.2161,49.2426,49.1407,49.1672,13040,true
ZSMPB,2026-09-18T16:45:00Z,49.1672,49.2709,49.1406,49.2443,20709,true
ZSMPB,2026-09-18T16:50:00Z,49.2443,49.2754,49.1778,49.209,27593,true
ZSMPB,2026-09-18T16:55:00Z,49.209,49.2363,49.138,49.1653,26175,true
ZSMPB,2026-09-18T17:00:00Z,49.1653,49.2005,49.1619,49.1971,25030,true
ZSMPB,2026-09-18T17:05:00Z,49.1971,49.288,49.156,49.2469,30232,true
ZSMPB,2026-09-18T17:10:00Z,49.2469,49.3069,49.2198,49.2798,22457,true
ZSMPB,2026-09-18T17:15:00Z,49.2798,49.3528,49.2662,49.3393,30339,true
ZSMPB,2026-09-18T17:20:00Z,49.3393,49.4282,49.2976,49.3865,24510,true
ZSMPB,2026-09-18T17:25:00Z,49.3865,49.4379,49.2791,49.3305,37254,true
ZSMPB,2026-09-18T17:30:00Z,49.3305,49.3502,49.3152,49.3349,14810,true
ZSMPB,2026-09-18T17:35:00Z,49.3349,49.3539,49.2916,49.3106,23517,true
ZSMPB,2026-09-18T17:40:00Z,49.3106,49.3276,49.3088,49.3258,20918,true
ZSMPB,2026-09-18T17:45:00Z,49.3258,49.4236,49.2976,49.3955,20704,true
ZSMPB,2026-09-18T17:50:00Z,49.3955,49.404,49.2793,49.2878,21679,true
ZSMPB,2026-09-18T17:55:00Z,49.2878,49.3255,49.2627,49.3004,26603,true
ZSMPB,2026-09-18T18:00:00Z,49.3004,49.3774,49.2926,49.3696,36635,true
ZSMPB,2026-09-18T18:05:00Z,49.3696,49.5504,49.3037,49.4846,29150,true
ZSMPB,2026-09-18T18:10:00Z,49.4846,49.5661,49.4823,49.5638,30038,true
ZSMPB,2026-09-18T18:15:00Z,49.5638,49.6407,49.5623,49.6391,31545,true
ZSMPB,2026-09-18T18:20:00Z,49.6391,49.6872,49.6354,49.6835,27318,true
ZSMPB,2026-09-18T18:25:00Z,49.6835,49.7112,49.6096,49.6374,30778,true
ZSMPB,2026-09-18T18:30:00Z,49.6374,49.6837,49.5334,49.5796,31543,true
ZSMPB,2026-09-18T18:35:00Z,49.5796,49.6766,49.5037,49.6006,37524,true
ZSMPB,2026-09-18T18:40:00Z,49.6006,49.6884,49.4441,49.5319,19208,true
ZSMPB,2026-09-18T18:45:00Z,49.5319,49.5529,49.4759,49.4969,23894,true
ZSMPB,2026-09-18T18:50:00Z,49.4969,49.5003,49.4643,49.4677,22018,true
ZSMPB,2026-09-18T18:55:00Z,49.4677,49.4712,49.443,49.4465,30226,true
ZSMPB,2026-09-18T19:00:00Z,49.4465,49.4555,49.345,49.3541,51561,true
ZSMPB,2026-09-18T19:05:00Z,49.3541,49.3597,49.3029,49.3085,23338,true
ZSMPB,2026-09-18T19:10:00Z,49.3085,49.3155,49.2735,49.2805,44157,true
ZSMPB,2026-09-18T19:15:00Z,49.2805,49.341,49.2614,49.3219,55780,true
ZSMPB,2026-09-18T19:20:00Z,49.3219,49.3974,49.2061,49.2815,47768,true
ZSMPB,2026-09-18T19:25:00Z,49.2815,49.353,49.2803,49.3517,40378,true
ZSMPB,2026-09-18T19:30:00Z,49.3517,49.4144,49.3509,49.4135,52455,true
ZSMPB,2026-09-18T19:35:00Z,49.4135,49.5837,49.3714,49.5416,31789,true
ZSMPB,2026-09-18T19:40:00Z,49.5416,49.5857,49.4897,49.5337,38556,true
ZSMPB,2026-09-18T19:45:00Z,49.5337,49.6738,49.5016,49.6417,48776,true
ZSMPB,2026-09-18T19:50:00Z,49.6417,49.71,49.6407,49.709,44417,true
ZSMPB,2026-09-18T19:55:00Z,49.709,49.7179,49.6494,49.6583,59518,true
ZSMPB,2026-09-21T13:30:00Z,49.6583,49.693,49.6238,49.6585,82411,true
ZSMPB,2026-09-21T13:35:00Z,49.6585,49.6731,49.6078,49.6223,46824,true
ZSMPB,2026-09-21T13:40:00Z,49.6223,49.6404,49.5776,49.5956,53039,true
ZSMPB,2026-09-21T13:45:00Z,49.5956,49.6267,49.5745,49.6056,33153,true
ZSMPB,2026-09-21T13:50:00Z,49.6056,49.6354,49.5069,49.5367,28310,true
ZSMPB,2026-09-21T13:55:00Z,49.5367,49.5616,49.5247,49.5496,53150,true
ZSMPB,2026-09-21T14:00:00Z,49.5496,49.5586,49.4889,49.498,27450,true
ZSMPB,2026-09-21T14:05:00Z,49.498,49.5101,49.4508,49.4628,29385,true
ZSMPB,2026-09-21T14:10:00Z,49.4628,49.5494,49.4363,49.5229,25613,true
ZSMPB,2026-09-21T14:15:00Z,49.5229,49.5509,49.5141,49.542,31994,true
ZSMPB,2026-09-21T14:20:00Z,49.542,49.5942,49.5089,49.561,19745,true
ZSMPB,2026-09-21T14:25:00Z,49.561,49.5875,49.4642,49.4907,25405,true
ZSMPB,2026-09-21T14:30:00Z,49.4907,49.5372,49.4554,49.5019,46094,true
ZSMPB,2026-09-21T14:35:00Z,49.5019,49.5157,49.4959,49.5098,25514,true
ZSMPB,2026-09-21T14:40:00Z,49.5098,49.6085,49.4537,49.5524,27746,true
ZSMPB,2026-09-21T14:45:00Z,49.5524,49.6017,49.5061,49.5554,30882,true
ZSMPB,2026-09-21T14:50:00Z,49.5554,49.6068,49.5496,49.6011,32254,true
ZSMPB,2026-09-21T14:55:00Z,49.6011,49.6336,49.5834,49.616,23586,true
ZSMPB,2026-09-21T15:00:00Z,49.616,49.642,49.509,49.535,13266,true
ZSMPB,2026-09-21T15:05:00Z,49.535,49.5991,49.4761,49.5402,18641,true
ZSMPB,2026-09-21T15:10:00Z,49.5402,49.5584,49.5147,49.5329,24950,true
ZSMPB,2026-09-21T15:15:00Z,49.5329,49.5792,49.4559,49.5022,28246,true
ZSMPB,2026-09-21T15:20:00Z,49.5022,49.6211,49.4928,49.6117,27152,true
ZSMPB,2026-09-21T15:25:00Z,49.6117,49.6624,49.5823,49.633,31196,true
ZSMPB,2026-09-21T15:30:00Z,49.633,49.6605,49.614,49.6416,15948,true
ZSMPB,2026-09-21T15:35:00Z,49.6416,49.6864,49.5891,49.6339,27877,true
ZSMPB,2026-09-21T15:40:00Z,49.6339,49.7013,49.6217,49.6891,34598,true
ZSMPB,2026-09-21T15:45:00Z,49.6891,49.7526,49.6279,49.6914,29257,true
ZSMPB,2026-09-21T15:50:00Z,49.6914,49.7682,49.6506,49.7274,26489,true
ZSMPB,2026-09-21T15:55:00Z,49.7274,49.7599,49.6714,49.704,52266,true
ZSMPB,2026-09-21T16:00:00Z,49.704,49.7248,49.537,49.5578,23305,true
ZSMPB,2026-09-21T16:05:00Z,49.5578,49.581,49.503,49.5262,30484,true
ZSMPB,2026-09-21T16:10:00Z,49.5262,49.6123,49.5038,49.5899,17142,true
ZSMPB,2026-09-21T16:15:00Z,49.5899,49.6078,49.4962,49.5141,24827,true
ZSMPB,2026-09-21T16:20:00Z,49.5141,49.5214,49.5025,49.5097,20530,true
ZSMPB,2026-09-21T16:25:00Z,49.5097,49.5448,49.4617,49.4968,28151,true
ZSMPB,2026-09-21T16:30:00Z,49.4968,49.516,49.4942,49.5134,23158,true
ZSMPB,2026-09-21T16:35:00Z,49.5134,49.6469,49.4452,49.5786,28373,true
ZSMPB,2026-09-21T16:40:00Z,49.5786,49.6575,49.5435,49.6224,32050,true
ZSMPB,2026-09-21T16:45:00Z,49.6224,49.7466,49.5974,49.7215,22158,true
ZSMPB,2026-09-21T16:50:00Z,49.7215,49.7304,49.6723,49.6811,28692,true
ZSMPB,2026-09-21T16:55:00Z,49.6811,49.6935,49.6265,49.6388,27625,true
ZSMPB,2026-09-21T17:00:00Z,49.6388,49.6784,49.5607,49.6003,23394,true
ZSMPB,2026-09-21T17:05:00Z,49.6003,49.6518,49.5327,49.5841,13303,true
ZSMPB,2026-09-21T17:10:00Z,49.5841,49.6257,49.569,49.6106,22715,true
ZSMPB,2026-09-21T17:15:00Z,49.6106,49.755,49.6068,49.7512,19505,true
ZSMPB,2026-09-21T17:20:00Z,49.7512,49.7986,49.7281,49.7755,24324,true
ZSMPB,2026-09-21T17:25:00Z,49.7755,49.8068,49.7373,49.7686,35951,true
ZSMPB,2026-09-21T17:30:00Z,49.7686,49.8407,49.7593,49.8314,32192,true
ZSMPB,2026-09-21T17:35:00Z,49.8314,50.0007,49.7804,49.9497,26187,true
ZSMPB,2026-09-21T17:40:00Z,49.9497,50.0034,49.9257,49.9794,25430,true
ZSMPB,2026-09-21T17:45:00Z,49.9794,50.1555,49.937,50.1131,28047,true
ZSMPB,2026-09-21T17:50:00Z,50.1131,50.2625,50.1089,50.2582,30762,true
ZSMPB,2026-09-21T17:55:00Z,50.2582,50.3416,50.2158,50.2992,30118,true
ZSMPB,2026-09-21T18:00:00Z,50.2992,50.3472,50.2884,50.3364,29233,true
ZSMPB,2026-09-21T18:05:00Z,50.3364,50.3987,50.3036,50.3659,20952,true
ZSMPB,2026-09-21T18:10:00Z,50.3659,50.4574,50.3434,50.435,33788,true
ZSMPB,2026-09-21T18:15:00Z,50.435,50.4362,50.4083,50.4095,30971,true
ZSMPB,2026-09-21T18:20:00Z,50.4095,50.4761,50.3698,50.4364,20704,true
ZSMPB,2026-09-21T18:25:00Z,50.4364,50.4648,50.3879,50.4163,30048,true
ZSMPB,2026-09-21T18:30:00Z,50.4163,50.4513,50.4137,50.4487,23964,true
ZSMPB,2026-09-21T18:35:00Z,50.4487,50.4723,50.4329,50.4565,16804,true
ZSMPB,2026-09-21T18:40:00Z,50.4565,50.5434,50.4508,50.5376,42236,true
ZSMPB,2026-09-21T18:45:00Z,50.5376,50.5682,50.4947,50.5252,23842,true
ZSMPB,2026-09-21T18:50:00Z,50.5252,50.5291,50.495,50.4989,25073,true
ZSMPB,2026-09-21T18:55:00Z,50.4989,50.5627,50.4602,50.5241,34073,true
ZSMPB,2026-09-21T19:00:00Z,50.5241,50.5258,50.5157,50.5174,30759,true
ZSMPB,2026-09-21T19:05:00Z,50.5174,50.5436,50.4782,50.5044,37283,true
ZSMPB,2026-09-21T19:10:00Z,50.5044,50.5161,50.438,50.4498,30289,true
ZSMPB,2026-09-21T19:15:00Z,50.4498,50.487,50.4396,50.4769,31887,true
ZSMPB,2026-09-21T19:20:00Z,50.4769,50.5181,50.3543,50.3956,30838,true
ZSMPB,2026-09-21T19:25:00Z,50.3956,50.3973,50.1973,50.199,43744,true
ZSMPB,2026-09-21T19:30:00Z,50.199,50.2127,50.1464,50.1601,33134,true
ZSMPB,2026-09-21T19:35:00Z,50.1601,50.1873,50.1221,50.1493,35736,true
ZSMPB,2026-09-21T19:40:00Z,50.1493,50.1632,50.0742,50.0881,33143,true
ZSMPB,2026-09-21T19:45:00Z,50.0881,50.2734,50.0689,50.2542,41243,true
ZSMPB,2026-09-21T19:50:00Z,50.2542,50.3124,50.2207,50.2789,41048,true
ZSMPB,2026-09-21T19:55:00Z,50.2789,50.33,50.2117,50.2628,66747,true
ZSMPB,2026-09-22T13:30:00Z,50.2628,50.2796,50.2217,50.2385,44564,true
ZSMPB,2026-09-22T13:35:00Z,50.2385,50.254,50.2237,50.2391,71720,true
ZSMPB,2026-09-22T13:40:00Z,50.2391,50.3055,50.1615,50.2278,55371,true
ZSMPB,2026-09-22T13:45:00Z,50.2278,50.2375,50.2098,50.2195,37519,true
ZSMPB,2026-09-22T13:50:00Z,50.2195,50.3368,50.1553,50.2727,51872,true
ZSMPB,2026-09-22T13:55:00Z,50.2727,50.2909,50.2679,50.2862,30185,true
ZSMPB,2026-09-22T14:00:00Z,50.2862,50.4086,50.2636,50.386,29649,true
ZSMPB,2026-09-22T14:05:00Z,50.386,50.409,50.3757,50.3987,48291,true
ZSMPB,2026-09-22T14:10:00Z,50.3987,50.4561,50.3605,50.4179,36622,true
ZSMPB,2026-09-22T14:15:00Z,50.4179,50.4531,50.3913,50.4266,33661,true
ZSMPB,2026-09-22T14:20:00Z,50.4266,50.4429,50.3455,50.3618,28180,true
ZSMPB,2026-09-22T14:25:00Z,50.3618,50.3885,50.2372,50.2638,27422,true
ZSMPB,2026-09-22T14:30:00Z,50.2638,50.3317,50.2054,50.2733,22555,true
ZSMPB,2026-09-22T14:35:00Z,50.2733,50.2847,50.1414,50.1528,24963,true
ZSMPB,2026-09-22T14:40:00Z,50.1528,50.1778,50.1405,50.1655,24271,true
ZSMPB,2026-09-22T14:45:00Z,50.1655,50.2405,50.1486,50.2236,19910,true
ZSMPB,2026-09-22T14:50:00Z,50.2236,50.2675,50.1089,50.1528,16073,true
ZSMPB,2026-09-22T14:55:00Z,50.1528,50.1633,50.0927,50.1032,42849,true
ZSMPB,2026-09-22T15:00:00Z,50.1032,50.22,50.0865,50.2032,37055,true
ZSMPB,2026-09-22T15:05:00Z,50.2032,50.2085,50.096,50.1013,30724,true
ZSMPB,2026-09-22T15:10:00Z,50.1013,50.136,50.0082,50.0429,38481,true
ZSMPB,2026-09-22T15:15:00Z,50.0429,50.075,49.8741,49.9062,28870,true
ZSMPB,2026-09-22T15:20:00Z,49.9062,49.9403,49.8605,49.8946,22786,true
ZSMPB,2026-09-22T15:25:00Z,49.8946,49.9637,49.8784,49.9475,23714,true
ZSMPB,2026-09-22T15:30:00Z,49.9475,50.0065,49.9249,49.9839,25603,true
ZSMPB,2026-09-22T15:35:00Z,49.9839,50.1132,49.9768,50.106,14819,true
ZSMPB,2026-09-22T15:40:00Z,50.106,50.1901,50.0883,50.1724,24298,true
ZSMPB,2026-09-22T15:45:00Z,50.1724,50.1919,50.1687,50.1881,21554,true
ZSMPB,2026-09-22T15:50:00Z,50.1881,50.2075,50.1818,50.2011,40098,true
ZSMPB,2026-09-22T15:55:00Z,50.2011,50.2292,50.137,50.1652,23339,true
ZSMPB,2026-09-22T16:00:00Z,50.1652,50.2048,50.0633,50.1029,26726,true
ZSMPB,2026-09-22T16:05:00Z,50.1029,50.2109,50.1003,50.2083,36921,true
ZSMPB,2026-09-22T16:10:00Z,50.2083,50.2614,50.0374,50.0905,27727,true
ZSMPB,2026-09-22T16:15:00Z,50.0905,50.1021,50.0223,50.0339,25399,true
ZSMPB,2026-09-22T16:20:00Z,50.0339,50.1017,49.9769,50.0447,32643,true
ZSMPB,2026-09-22T16:25:00Z,50.0447,50.1973,50.0434,50.196,27149,true
ZSMPB,2026-09-22T16:30:00Z,50.196,50.237,50.0863,50.1273,27162,true
ZSMPB,2026-09-22T16:35:00Z,50.1273,50.1484,50.0296,50.0507,19180,true
ZSMPB,2026-09-22T16:40:00Z,50.0507,50.1277,50.0373,50.1142,27454,true
ZSMPB,2026-09-22T16:45:00Z,50.1142,50.1165,49.9487,49.9509,17780,true
ZSMPB,2026-09-22T16:50:00Z,49.9509,49.959,49.9136,49.9216,32016,true
ZSMPB,2026-09-22T16:55:00Z,49.9216,50.0037,49.9179,50.0,37332,true
ZSMPB,2026-09-22T17:00:00Z,50.0,50.0261,49.9602,49.9863,27847,true
ZSMPB,2026-09-22T17:05:00Z,49.9863,50.0846,49.9466,50.0449,22142,true
ZSMPB,2026-09-22T17:10:00Z,50.0449,50.058,49.9845,49.9975,23469,true
ZSMPB,2026-09-22T17:15:00Z,49.9975,50.013,49.8801,49.8955,22684,true
ZSMPB,2026-09-22T17:20:00Z,49.8955,49.898,49.7041,49.7066,21470,true
ZSMPB,2026-09-22T17:25:00Z,49.7066,49.7268,49.6373,49.6575,22487,true
ZSMPB,2026-09-22T17:30:00Z,49.6575,49.7211,49.6055,49.6691,25703,true
ZSMPB,2026-09-22T17:35:00Z,49.6691,49.7049,49.5883,49.624,13840,true
ZSMPB,2026-09-22T17:40:00Z,49.624,49.64,49.6105,49.6264,19335,true
ZSMPB,2026-09-22T17:45:00Z,49.6264,49.6819,49.4692,49.5246,21297,true
ZSMPB,2026-09-22T17:50:00Z,49.5246,49.5287,49.5221,49.5262,23883,true
ZSMPB,2026-09-22T17:55:00Z,49.5262,49.5267,49.5123,49.5127,25241,true
ZSMPB,2026-09-22T18:00:00Z,49.5127,49.5575,49.4895,49.5343,26475,true
ZSMPB,2026-09-22T18:05:00Z,49.5343,49.6214,49.4689,49.5561,31274,true
ZSMPB,2026-09-22T18:10:00Z,49.5561,49.7178,49.5018,49.6635,12310,true
ZSMPB,2026-09-22T18:15:00Z,49.6635,49.7409,49.6355,49.7129,17717,true
ZSMPB,2026-09-22T18:20:00Z,49.7129,49.7383,49.6746,49.6999,21767,true
ZSMPB,2026-09-22T18:25:00Z,49.6999,49.7931,49.6715,49.7647,29377,true
ZSMPB,2026-09-22T18:30:00Z,49.7647,49.7963,49.7476,49.7791,20457,true
ZSMPB,2026-09-22T18:35:00Z,49.7791,49.8026,49.7416,49.7651,21367,true
ZSMPB,2026-09-22T18:40:00Z,49.7651,49.7993,49.6127,49.647,20614,true
ZSMPB,2026-09-22T18:45:00Z,49.647,49.7274,49.5726,49.6529,27700,true
ZSMPB,2026-09-22T18:50:00Z,49.6529,49.8861,49.5945,49.8276,21019,true
ZSMPB,2026-09-22T18:55:00Z,49.8276,49.8963,49.797,49.8656,34216,true
ZSMPB,2026-09-22T19:00:00Z,49.8656,49.8984,49.6513,49.6841,32639,true
ZSMPB,2026-09-22T19:05:00Z,49.6841,49.7669,49.5298,49.6126,23033,true
ZSMPB,2026-09-22T19:10:00Z,49.6126,49.6915,49.5681,49.6469,26608,true
ZSMPB,2026-09-22T19:15:00Z,49.6469,49.6864,49.5766,49.6161,31631,true
ZSMPB,2026-09-22T19:20:00Z,49.6161,49.6335,49.5765,49.5939,19999,true
ZSMPB,2026-09-22T19:25:00Z,49.5939,49.7213,49.5308,49.6583,41566,true
ZSMPB,2026-09-22T19:30:00Z,49.6583,49.66,49.6169,49.6186,31591,true
ZSMPB,2026-09-22T19:35:00Z,49.6186,49.6212,49.6057,49.6084,42738,true
ZSMPB,2026-09-22T19:40:00Z,49.6084,49.6101,49.5999,49.6016,46090,true
ZSMPB,2026-09-22T19:45:00Z,49.6016,49.694,49.5695,49.6619,38584,true
ZSMPB,2026-09-22T19:50:00Z,49.6619,49.7018,49.6014,49.6414,46271,true
ZSMPB,2026-09-22T19:55:00Z,49.6414,49.6536,49.5125,49.5248,41172,true
ZSMPB,2026-09-23T13:30:00Z,49.5248,49.5284,49.3787,49.3823,50558,true
ZSMPB,2026-09-23T13:35:00Z,49.3823,49.5298,49.348,49.4955,54134,true
ZSMPB,2026-09-23T13:40:00Z,49.4955,49.5584,49.4444,49.5072,64002,true
ZSMPB,2026-09-23T13:45:00Z,49.5072,49.5937,49.4719,49.5583,48068,true
ZSMPB,2026-09-23T13:50:00Z,49.5583,49.5995,49.5042,49.5454,51939,true
ZSMPB,2026-09-23T13:55:00Z,49.5454,49.5839,49.5391,49.5776,47185,true
ZSMPB,2026-09-23T14:00:00Z,49.5776,49.615,49.5517,49.5891,68212,true
ZSMPB,2026-09-23T14:05:00Z,49.5891,49.6104,49.4465,49.4678,45628,true
ZSMPB,2026-09-23T14:10:00Z,49.4678,49.5568,49.4426,49.5316,40471,true
ZSMPB,2026-09-23T14:15:00Z,49.5316,49.5773,49.3562,49.4019,33793,true
ZSMPB,2026-09-23T14:20:00Z,49.4019,49.4278,49.3727,49.3986,37744,true
ZSMPB,2026-09-23T14:25:00Z,49.3986,49.5935,49.3385,49.5333,35538,true
ZSMPB,2026-09-23T14:30:00Z,49.5333,49.5486,49.4051,49.4204,32419,true
ZSMPB,2026-09-23T14:35:00Z,49.4204,49.5083,49.4114,49.4993,32756,true
ZSMPB,2026-09-23T14:40:00Z,49.4993,49.5321,49.4776,49.5104,33104,true
ZSMPB,2026-09-23T14:45:00Z,49.5104,49.5358,49.4992,49.5246,29440,true
ZSMPB,2026-09-23T14:50:00Z,49.5246,49.613,49.5087,49.597,31793,true
ZSMPB,2026-09-23T14:55:00Z,49.597,49.6219,49.5924,49.6173,24937,true
ZSMPB,2026-09-23T15:00:00Z,49.6173,49.6655,49.5872,49.6354,23671,true
ZSMPB,2026-09-23T15:05:00Z,49.6354,49.6547,49.5251,49.5444,24745,true
ZSMPB,2026-09-23T15:10:00Z,49.5444,49.5543,49.5341,49.5439,29354,true
ZSMPB,2026-09-23T15:15:00Z,49.5439,49.5881,49.5419,49.5861,25780,true
ZSMPB,2026-09-23T15:20:00Z,49.5861,49.6524,49.5575,49.6238,28500,true
ZSMPB,2026-09-23T15:25:00Z,49.6238,49.6475,49.6042,49.6279,23252,true
ZSMPB,2026-09-23T15:30:00Z,49.6279,49.6379,49.6271,49.6371,23664,true
ZSMPB,2026-09-23T15:35:00Z,49.6371,49.6859,49.5375,49.5864,28526,true
ZSMPB,2026-09-23T15:40:00Z,49.5864,49.5934,49.5669,49.5739,28941,true
ZSMPB,2026-09-23T15:45:00Z,49.5739,49.6297,49.4701,49.526,17626,true
ZSMPB,2026-09-23T15:50:00Z,49.526,49.5791,49.5196,49.5728,24748,true
ZSMPB,2026-09-23T15:55:00Z,49.5728,49.6144,49.442,49.4837,37771,true
ZSMPB,2026-09-23T16:00:00Z,49.4837,49.4963,49.4436,49.4562,33123,true
ZSMPB,2026-09-23T16:05:00Z,49.4562,49.4986,49.396,49.4383,34499,true
ZSMPB,2026-09-23T16:10:00Z,49.4383,49.467,49.3529,49.3815,14977,true
ZSMPB,2026-09-23T16:15:00Z,49.3815,49.509,49.3804,49.508,22049,true
ZSMPB,2026-09-23T16:20:00Z,49.508,49.6031,49.4956,49.5906,16313,true
ZSMPB,2026-09-23T16:25:00Z,49.5906,49.5929,49.5456,49.5478,20934,true
ZSMPB,2026-09-23T16:30:00Z,49.5478,49.6196,49.5002,49.572,15985,true
ZSMPB,2026-09-23T16:35:00Z,49.572,49.6528,49.5714,49.6522,19578,true
ZSMPB,2026-09-23T16:40:00Z,49.6522,49.6921,49.6063,49.6462,18524,true
ZSMPB,2026-09-23T16:45:00Z,49.6462,49.6692,49.6455,49.6685,29917,true
ZSMPB,2026-09-23T16:50:00Z,49.6685,49.6996,49.6264,49.6575,32471,true
ZSMPB,2026-09-23T16:55:00Z,49.6575,49.7718,49.6411,49.7555,39729,true
ZSMPB,2026-09-23T17:00:00Z,49.7555,49.7682,49.7427,49.7554,18954,true
ZSMPB,2026-09-23T17:05:00Z,49.7554,49.7596,49.7529,49.7571,29698,true
ZSMPB,2026-09-23T17:10:00Z,49.7571,49.7974,49.7386,49.7789,19975,true
ZSMPB,2026-09-23T17:15:00Z,49.7789,49.8835,49.7203,49.8249,16176,true
ZSMPB,2026-09-23T17:20:00Z,49.8249,49.8871,49.7997,49.8619,30849,true
ZSMPB,2026-09-23T17:25:00Z,49.8619,49.8994,49.8473,49.8848,22562,true
ZSMPB,2026-09-23T17:30:00Z,49.8848,49.9349,49.8467,49.8968,23172,true
ZSMPB,2026-09-23T17:35:00Z,49.8968,49.9068,49.801,49.8109,25570,true
ZSMPB,2026-09-23T17:40:00Z,49.8109,49.843,49.7909,49.823,28772,true
ZSMPB,2026-09-23T17:45:00Z,49.823,49.8769,49.8123,49.8662,33881,true
ZSMPB,2026-09-23T17:50:00Z,49.8662,49.8679,49.8273,49.829,16615,true
ZSMPB,2026-09-23T17:55:00Z,49.829,49.8484,49.7906,49.8099,18044,true
ZSMPB,2026-09-23T18:00:00Z,49.8099,49.8181,49.7821,49.7904,24587,true
ZSMPB,2026-09-23T18:05:00Z,49.7904,49.8504,49.7723,49.8323,18585,true
ZSMPB,2026-09-23T18:10:00Z,49.8323,49.968,49.7894,49.9251,27397,true
ZSMPB,2026-09-23T18:15:00Z,49.9251,49.9843,49.921,49.9803,31589,true
ZSMPB,2026-09-23T18:20:00Z,49.9803,50.0026,49.9681,49.9904,35780,true
ZSMPB,2026-09-23T18:25:00Z,49.9904,50.003,49.8903,49.9029,23201,true
ZSMPB,2026-09-23T18:30:00Z,49.9029,49.9859,49.7911,49.8741,24591,true
ZSMPB,2026-09-23T18:35:00Z,49.8741,49.9179,49.8648,49.9086,25179,true
ZSMPB,2026-09-23T18:40:00Z,49.9086,49.9951,49.9009,49.9875,36155,true
ZSMPB,2026-09-23T18:45:00Z,49.9875,50.002,49.9854,49.9999,19533,true
ZSMPB,2026-09-23T18:50:00Z,49.9999,50.0236,49.9679,49.9916,35213,true
ZSMPB,2026-09-23T18:55:00Z,49.9916,49.9989,49.8629,49.8702,18847,true
ZSMPB,2026-09-23T19:00:00Z,49.8702,49.8975,49.82,49.8472,27209,true
ZSMPB,2026-09-23T19:05:00Z,49.8472,49.8516,49.7909,49.7953,52416,true
ZSMPB,2026-09-23T19:10:00Z,49.7953,49.8203,49.736,49.761,22712,true
ZSMPB,2026-09-23T19:15:00Z,49.761,49.7709,49.6941,49.704,35715,true
ZSMPB,2026-09-23T19:20:00Z,49.704,49.7864,49.6351,49.7175,39711,true
ZSMPB,2026-09-23T19:25:00Z,49.7175,49.7641,49.6985,49.7451,40284,true
ZSMPB,2026-09-23T19:30:00Z,49.7451,49.8686,49.6966,49.8201,28717,true
ZSMPB,2026-09-23T19:35:00Z,49.8201,49.8351,49.7325,49.7475,40451,true
ZSMPB,2026-09-23T19:40:00Z,49.7475,49.8116,49.7435,49.8076,45458,true
ZSMPB,2026-09-23T19:45:00Z,49.8076,49.8361,49.7704,49.799,40098,true
ZSMPB,2026-09-23T19:50:00Z,49.799,49.8339,49.73,49.7649,49890,true
ZSMPB,2026-09-23T19:55:00Z,49.7649,49.7757,49.6624,49.6732,37112,true
ZSMPB,2026-09-24T13:30:00Z,49.6732,49.7144,49.5833,49.6244,67083,true
ZSMPB,2026-09-24T13:35:00Z,49.6244,49.6606,49.5782,49.6143,57505,true
ZSMPB,2026-09-24T13:40:00Z,49.6143,49.6406,49.5171,49.5434,53998,true
ZSMPB,2026-09-24T13:45:00Z,49.5434,49.5495,49.4628,49.4689,62047,true
ZSMPB,2026-09-24T13:50:00Z,49.4689,49.5327,49.435,49.4988,45318,true
ZSMPB,2026-09-24T13:55:00Z,49.4988,49.5092,49.4504,49.4608,30251,true
ZSMPB,2026-09-24T14:00:00Z,49.4608,49.4609,49.4103,49.4104,57485,true
ZSMPB,2026-09-24T14:05:00Z,49.4104,49.421,49.328,49.3387,41695,true
ZSMPB,2026-09-24T14:10:00Z,49.3387,49.3709,49.2793,49.3116,39909,true
ZSMPB,2026-09-24T14:15:00Z,49.3116,49.3877,49.2986,49.3748,24854,true
ZSMPB,2026-09-24T14:20:00Z,49.3748,49.5663,49.3663,49.5579,50064,true
ZSMPB,2026-09-24T14:25:00Z,49.5579,49.5752,49.5463,49.5635,29986,true
ZSMPB,2026-09-24T14:30:00Z,49.5635,49.5771,49.49,49.5036,36621,true
ZSMPB,2026-09-24T14:35:00Z,49.5036,49.5898,49.4806,49.5669,29416,true
ZSMPB,2026-09-24T14:40:00Z,49.5669,49.6027,49.5257,49.5615,24276,true
ZSMPB,2026-09-24T14:45:00Z,49.5615,49.6328,49.5505,49.6219,24787,true
ZSMPB,2026-09-24T14:50:00Z,49.6219,49.7002,49.516,49.5944,36539,true
ZSMPB,2026-09-24T14:55:00Z,49.5944,49.6437,49.5721,49.6214,37975,true
ZSMPB,2026-09-24T15:00:00Z,49.6214,49.6874,49.4758,49.5418,34107,true
ZSMPB,2026-09-24T15:05:00Z,49.5418,49.5595,49.4836,49.5013,18652,true
ZSMPB,2026-09-24T15:10:00Z,49.5013,49.5105,49.4474,49.4566,22041,true
ZSMPB,2026-09-24T15:15:00Z,49.4566,49.5137,49.4027,49.4598,22798,true
ZSMPB,2026-09-24T15:20:00Z,49.4598,49.5491,49.4155,49.5048,40623,true
ZSMPB,2026-09-24T15:25:00Z,49.5048,49.6041,49.471,49.5703,18272,true
ZSMPB,2026-09-24T15:30:00Z,49.5703,49.5744,49.4892,49.4933,32704,true
ZSMPB,2026-09-24T15:35:00Z,49.4933,49.5243,49.4674,49.4983,24573,true
ZSMPB,2026-09-24T15:40:00Z,49.4983,49.4996,49.4393,49.4406,16929,true
ZSMPB,2026-09-24T15:45:00Z,49.4406,49.4646,49.3895,49.4135,21122,true
ZSMPB,2026-09-24T15:50:00Z,49.4135,49.435,49.3862,49.4077,34392,true
ZSMPB,2026-09-24T15:55:00Z,49.4077,49.4369,49.4063,49.4355,31819,true
ZSMPB,2026-09-24T16:00:00Z,49.4355,49.4525,49.3574,49.3744,39249,true
ZSMPB,2026-09-24T16:05:00Z,49.3744,49.456,49.2069,49.2885,15808,true
ZSMPB,2026-09-24T16:10:00Z,49.2885,49.3205,49.2341,49.2661,23450,true
ZSMPB,2026-09-24T16:15:00Z,49.2661,49.3075,49.1868,49.2282,20278,true
ZSMPB,2026-09-24T16:20:00Z,49.2282,49.2718,49.2215,49.265,29476,true
ZSMPB,2026-09-24T16:25:00Z,49.265,49.2775,49.2341,49.2466,19047,true
ZSMPB,2026-09-24T16:30:00Z,49.2466,49.2822,49.2186,49.2542,16625,true
ZSMPB,2026-09-24T16:35:00Z,49.2542,49.2731,49.2375,49.2564,33019,true
ZSMPB,2026-09-24T16:40:00Z,49.2564,49.3106,49.2451,49.2993,20908,true
ZSMPB,2026-09-24T16:45:00Z,49.2993,49.3017,49.2302,49.2327,29203,true
ZSMPB,2026-09-24T16:50:00Z,49.2327,49.2775,49.1868,49.2316,13420,true
ZSMPB,2026-09-24T16:55:00Z,49.2316,49.2708,49.2272,49.2664,28764,true
ZSMPB,2026-09-24T17:00:00Z,49.2664,49.2946,49.2515,49.2797,21502,true
ZSMPB,2026-09-24T17:05:00Z,49.2797,49.2899,49.2572,49.2673,19262,true
ZSMPB,2026-09-24T17:10:00Z,49.2673,49.3715,49.2056,49.3097,21852,true
ZSMPB,2026-09-24T17:15:00Z,49.3097,49.3608,49.1924,49.2434,22241,true
ZSMPB,2026-09-24T17:20:00Z,49.2434,49.3106,49.2231,49.2903,42431,true
ZSMPB,2026-09-24T17:25:00Z,49.2903,49.3418,49.2854,49.3369,27494,true
ZSMPB,2026-09-24T17:30:00Z,49.3369,49.3452,49.296,49.3043,23138,true
ZSMPB,2026-09-24T17:35:00Z,49.3043,49.3386,49.2272,49.2615,30544,true
ZSMPB,2026-09-24T17:40:00Z,49.2615,49.341,49.2414,49.3208,23357,true
ZSMPB,2026-09-24T17:45:00Z,49.3208,49.3224,49.3167,49.3183,16313,true
ZSMPB,2026-09-24T17:50:00Z,49.3183,49.4295,49.3027,49.4139,34935,true
ZSMPB,2026-09-24T17:55:00Z,49.4139,49.5013,49.3564,49.4438,19604,true
ZSMPB,2026-09-24T18:00:00Z,49.4438,49.481,49.4284,49.4657,33176,true
ZSMPB,2026-09-24T18:05:00Z,49.4657,49.483,49.4015,49.4189,18426,true
ZSMPB,2026-09-24T18:10:00Z,49.4189,49.5161,49.3544,49.4516,24128,true
ZSMPB,2026-09-24T18:15:00Z,49.4516,49.5234,49.4249,49.4967,16838,true
ZSMPB,2026-09-24T18:20:00Z,49.4967,49.5481,49.4358,49.4872,28455,true
ZSMPB,2026-09-24T18:25:00Z,49.4872,49.5764,49.4368,49.526,21969,true
ZSMPB,2026-09-24T18:30:00Z,49.526,49.5285,49.5171,49.5196,24446,true
ZSMPB,2026-09-24T18:35:00Z,49.5196,49.5625,49.4996,49.5425,34310,true
ZSMPB,2026-09-24T18:40:00Z,49.5425,49.6138,49.5413,49.6126,23803,true
ZSMPB,2026-09-24T18:45:00Z,49.6126,49.6384,49.5609,49.5867,19130,true
ZSMPB,2026-09-24T18:50:00Z,49.5867,49.6673,49.4772,49.5578,23912,true
ZSMPB,2026-09-24T18:55:00Z,49.5578,49.581,49.5291,49.5522,22009,true
ZSMPB,2026-09-24T19:00:00Z,49.5522,49.5887,49.3698,49.4062,31900,true
ZSMPB,2026-09-24T19:05:00Z,49.4062,49.5176,49.3718,49.4832,16138,true
ZSMPB,2026-09-24T19:10:00Z,49.4832,49.5058,49.4026,49.4252,27712,true
ZSMPB,2026-09-24T19:15:00Z,49.4252,49.4746,49.3874,49.4369,39110,true
ZSMPB,2026-09-24T19:20:00Z,49.4369,49.472,49.3502,49.3854,32015,true
ZSMPB,2026-09-24T19:25:00Z,49.3854,49.5103,49.3456,49.4704,30615,true
ZSMPB,2026-09-24T19:30:00Z,49.4704,49.5435,49.4455,49.5186,28526,true
ZSMPB,2026-09-24T19:35:00Z,49.5186,49.5266,49.4848,49.4928,37048,true
ZSMPB,2026-09-24T19:40:00Z,49.4928,49.5094,49.4809,49.4976,46931,true
ZSMPB,2026-09-24T19:45:00Z,49.4976,49.5323,49.3727,49.4074,56878,true
ZSMPB,2026-09-24T19:50:00Z,49.4074,49.5089,49.3602,49.4617,41923,true
ZSMPB,2026-09-24T19:55:00Z,49.4617,49.4937,49.4533,49.4853,35884,true
ZSMPC,2026-09-17T15:00:00Z,14.1673,14.1793,14.1635,14.1756,31921,true
ZSMPC,2026-09-17T15:05:00Z,14.1756,14.189,14.16,14.1734,38327,true
ZSMPC,2026-09-17T15:10:00Z,14.1734,14.1897,14.1556,14.1719,69610,true
ZSMPC,2026-09-17T15:15:00Z,14.1719,14.1783,14.1719,14.1783,40717,true
ZSMPC,2026-09-17T15:20:00Z,14.1783,14.2107,14.1663,14.1987,41070,true
ZSMPC,2026-09-17T15:25:00Z,14.1987,14.2029,14.1965,14.2007,58242,true
ZSMPC,2026-09-17T15:30:00Z,14.2007,14.2283,14.1866,14.2142,42008,true
ZSMPC,2026-09-17T15:35:00Z,14.2142,14.2587,14.2053,14.2498,43598,true
ZSMPC,2026-09-17T15:40:00Z,14.2498,14.2554,14.2324,14.238,35233,true
ZSMPC,2026-09-17T15:45:00Z,14.238,14.2388,14.2175,14.2182,36654,true
ZSMPC,2026-09-17T15:50:00Z,14.2182,14.2331,14.2177,14.2326,52752,true
ZSMPC,2026-09-17T15:55:00Z,14.2326,14.239,14.2056,14.212,44434,true
ZSMPC,2026-09-17T16:00:00Z,14.212,14.2334,14.1593,14.1808,52584,true
ZSMPC,2026-09-17T16:05:00Z,14.1808,14.2019,14.1766,14.1977,53452,true
ZSMPC,2026-09-17T16:10:00Z,14.1977,14.2077,14.149,14.159,67212,true
ZSMPC,2026-09-17T16:15:00Z,14.159,14.1628,14.1233,14.1271,35629,true
ZSMPC,2026-09-17T16:20:00Z,14.1271,14.1318,14.0874,14.0922,52077,true
ZSMPC,2026-09-17T16:25:00Z,14.0922,14.1109,14.0543,14.073,33754,true
ZSMPC,2026-09-17T16:30:00Z,14.073,14.099,14.0512,14.0771,34753,true
ZSMPC,2026-09-17T16:35:00Z,14.0771,14.0996,14.0727,14.0953,31091,true
ZSMPC,2026-09-17T16:40:00Z,14.0953,14.1006,14.084,14.0893,27335,true
ZSMPC,2026-09-17T16:45:00Z,14.0893,14.1061,14.066,14.0828,59405,true
ZSMPC,2026-09-17T16:50:00Z,14.0828,14.1163,14.0693,14.1028,43764,true
ZSMPC,2026-09-17T16:55:00Z,14.1028,14.1151,14.0545,14.0668,26175,true
ZSMPC,2026-09-17T17:00:00Z,14.0668,14.0969,14.0641,14.0941,43029,true
ZSMPC,2026-09-17T17:05:00Z,14.0941,14.1044,14.093,14.1032,38787,true
ZSMPC,2026-09-17T17:10:00Z,14.1032,14.1103,14.1002,14.1073,29038,true
ZSMPC,2026-09-17T17:15:00Z,14.1073,14.1141,14.082,14.0888,39138,true
ZSMPC,2026-09-17T17:20:00Z,14.0888,14.1166,14.0792,14.107,35711,true
ZSMPC,2026-09-17T17:25:00Z,14.107,14.1081,14.0799,14.0811,40089,true
ZSMPC,2026-09-17T17:30:00Z,14.0811,14.1032,14.0731,14.0953,30586,true
ZSMPC,2026-09-17T17:35:00Z,14.0953,14.1078,14.0489,14.0614,41109,true
ZSMPC,2026-09-17T17:40:00Z,14.0614,14.0628,14.0468,14.0482,48949,true
ZSMPC,2026-09-17T17:45:00Z,14.0482,14.0661,14.028,14.0459,36214,true
ZSMPC,2026-09-17T17:50:00Z,14.0459,14.1079,14.0345,14.0964,50922,true
ZSMPC,2026-09-17T17:55:00Z,14.0964,14.1147,14.0918,14.1101,69265,true
ZSMPC,2026-09-17T18:00:00Z,14.1101,14.1141,14.1048,14.1088,34417,true
ZSMPC,2026-09-17T18:05:00Z,14.1088,14.1405,14.0933,14.125,27069,true
ZSMPC,2026-09-17T18:10:00Z,14.125,14.1398,14.1247,14.1395,31734,true
ZSMPC,2026-09-17T18:15:00Z,14.1395,14.147,14.1332,14.1407,51440,true
ZSMPC,2026-09-17T18:20:00Z,14.1407,14.1615,14.1121,14.1329,30337,true
ZSMPC,2026-09-17T18:25:00Z,14.1329,14.1365,14.1326,14.1362,38570,true
ZSMPC,2026-09-17T18:30:00Z,14.1362,14.1537,14.1171,14.1346,39863,true
ZSMPC,2026-09-17T18:35:00Z,14.1346,14.1447,14.1156,14.1258,60129,true
ZSMPC,2026-09-17T18:40:00Z,14.1258,14.1401,14.11,14.1243,42236,true
ZSMPC,2026-09-17T18:45:00Z,14.1243,14.1781,14.1018,14.1555,63582,true
ZSMPC,2026-09-17T18:50:00Z,14.1555,14.1589,14.1298,14.1331,77770,true
ZSMPC,2026-09-17T18:55:00Z,14.1331,14.1431,14.0862,14.0961,59935,true
ZSMPC,2026-09-17T19:00:00Z,14.0961,14.1017,14.0644,14.0699,40147,true
ZSMPC,2026-09-17T19:05:00Z,14.0699,14.0704,14.062,14.0625,40600,true
ZSMPC,2026-09-17T19:10:00Z,14.0625,14.0983,14.0577,14.0936,80178,true
ZSMPC,2026-09-17T19:15:00Z,14.0936,14.1106,14.0874,14.1044,49873,true
ZSMPC,2026-09-17T19:20:00Z,14.1044,14.1073,14.085,14.088,44969,true
ZSMPC,2026-09-17T19:25:00Z,14.088,14.0974,14.0607,14.0701,82489,true
ZSMPC,2026-09-17T19:30:00Z,14.0701,14.0734,14.067,14.0703,52081,true
ZSMPC,2026-09-17T19:35:00Z,14.0703,14.0718,14.0663,14.0679,49458,true
ZSMPC,2026-09-17T19:40:00Z,14.0679,14.071,14.0649,14.0681,77512,true
ZSMPC,2026-09-17T19:45:00Z,14.0681,14.0801,14.0327,14.0447,70165,true
ZSMPC,2026-09-17T19:50:00Z,14.0447,14.0497,14.0134,14.0184,80528,true
ZSMPC,2026-09-17T19:55:00Z,14.0184,14.0454,14.0108,14.0379,72416,true
ZSMPC,2026-09-18T13:30:00Z,14.0379,14.0629,14.0267,14.0518,88781,true
ZSMPC,2026-09-18T13:35:00Z,14.0518,14.0558,14.0196,14.0237,78760,true
ZSMPC,2026-09-18T13:40:00Z,14.0237,14.0297,13.98,13.986,100256,true
ZSMPC,2026-09-18T13:45:00Z,13.986,14.0182,13.9783,14.0105,53040,true
ZSMPC,2026-09-18T13:50:00Z,14.0105,14.0223,13.9967,14.0085,55603,true
ZSMPC,2026-09-18T13:55:00Z,14.0085,14.0169,14.0072,14.0156,51273,true
ZSMPC,2026-09-18T14:00:00Z,14.0156,14.0173,14.0065,14.0083,43179,true
ZSMPC,2026-09-18T14:05:00Z,14.0083,14.0278,13.9868,14.0063,52511,true
ZSMPC,2026-09-18T14:10:00Z,14.0063,14.0101,14.0033,14.0071,39921,true
ZSMPC,2026-09-18T14:15:00Z,14.0071,14.0136,13.9717,13.9783,56836,true
ZSMPC,2026-09-18T14:20:00Z,13.9783,14.0257,13.9713,14.0188,51235,true
ZSMPC,2026-09-18T14:25:00Z,14.0188,14.0513,14.0162,14.0487,39552,true
ZSMPC,2026-09-18T14:30:00Z,14.0487,14.0516,14.0474,14.0503,45229,true
ZSMPC,2026-09-18T14:35:00Z,14.0503,14.0612,14.0209,14.0317,59408,true
ZSMPC,2026-09-18T14:40:00Z,14.0317,14.0384,13.992,13.9987,52328,true
ZSMPC,2026-09-18T14:45:00Z,13.9987,14.0053,13.9906,13.9972,56242,true
ZSMPC,2026-09-18T14:50:00Z,13.9972,14.0257,13.9891,14.0176,36496,true
ZSMPC,2026-09-18T14:55:00Z,14.0176,14.019,13.9992,14.0007,40947,true
ZSMPC,2026-09-18T15:00:00Z,14.0007,14.0096,13.9796,13.9885,70136,true
ZSMPC,2026-09-18T15:05:00Z,13.9885,13.9928,13.9818,13.9862,55185,true
ZSMPC,2026-09-18T15:10:00Z,13.9862,14.0316,13.9758,14.0213,66345,true
ZSMPC,2026-09-18T15:15:00Z,14.0213,14.0793,14.0123,14.0703,62084,true
ZSMPC,2026-09-18T15:20:00Z,14.0703,14.0718,14.0297,14.0312,29911,true
ZSMPC,2026-09-18T15:25:00Z,14.0312,14.0387,14.0082,14.0158,64847,true
ZSMPC,2026-09-18T15:30:00Z,14.0158,14.0274,13.9833,13.9949,39614,true
ZSMPC,2026-09-18T15:35:00Z,13.9949,14.0095,13.9682,13.9828,39747,true
ZSMPC,2026-09-18T15:40:00Z,13.9828,13.9924,13.9762,13.9859,34596,true
ZSMPC,2026-09-18T15:45:00Z,13.9859,13.9919,13.9599,13.9659,65161,true
ZSMPC,2026-09-18T15:50:00Z,13.9659,13.9698,13.9452,13.9491,37302,true
ZSMPC,2026-09-18T15:55:00Z,13.9491,13.9603,13.9249,13.9361,37959,true
ZSMPC,2026-09-18T16:00:00Z,13.9361,13.9513,13.9249,13.94,41865,true
ZSMPC,2026-09-18T16:05:00Z,13.94,13.9505,13.9325,13.9431,31189,true
ZSMPC,2026-09-18T16:10:00Z,13.9431,13.9658,13.937,13.9597,33174,true
ZSMPC,2026-09-18T16:15:00Z,13.9597,13.963,13.9547,13.958,66319,true
ZSMPC,2026-09-18T16:20:00Z,13.958,13.9981,13.9437,13.9837,60191,true
ZSMPC,2026-09-18T16:25:00Z,13.9837,13.9969,13.9556,13.9688,44518,true
ZSMPC,2026-09-18T16:30:00Z,13.9688,13.9707,13.9306,13.9325,39843,true
ZSMPC,2026-09-18T16:35:00Z,13.9325,13.94,13.9226,13.9301,44079,true
ZSMPC,2026-09-18T16:40:00Z,13.9301,13.9477,13.9114,13.929,33556,true
ZSMPC,2026-09-18T16:45:00Z,13.929,13.9305,13.9163,13.9179,35423,true
ZSMPC,2026-09-18T16:50:00Z,13.9179,13.9325,13.9113,13.9259,31638,true
ZSMPC,2026-09-18T16:55:00Z,13.9259,13.9404,13.9201,13.9346,31724,true
ZSMPC,2026-09-18T17:00:00Z,13.9346,13.9367,13.9232,13.9254,32407,true
ZSMPC,2026-09-18T17:05:00Z,13.9254,13.9269,13.8913,13.8928,42595,true
ZSMPC,2026-09-18T17:10:00Z,13.8928,13.9064,13.8898,13.9034,35743,true
ZSMPC,2026-09-18T17:15:00Z,13.9034,13.9104,13.8959,13.903,29523,true
ZSMPC,2026-09-18T17:20:00Z,13.903,13.9212,13.8952,13.9133,28159,true
ZSMPC,2026-09-18T17:25:00Z,13.9133,13.9182,13.9061,13.911,37389,true
ZSMPC,2026-09-18T17:30:00Z,13.911,13.9186,13.9068,13.9144,33841,true
ZSMPC,2026-09-18T17:35:00Z,13.9144,13.9694,13.9049,13.9599,64222,true
ZSMPC,2026-09-18T17:40:00Z,13.9599,13.9889,13.953,13.982,48293,true
ZSMPC,2026-09-18T17:45:00Z,13.982,13.9918,13.9713,13.9812,39030,true
ZSMPC,2026-09-18T17:50:00Z,13.9812,13.9838,13.9806,13.9832,53777,true
ZSMPC,2026-09-18T17:55:00Z,13.9832,13.9852,13.9829,13.9849,56354,true
ZSMPC,2026-09-18T18:00:00Z,13.9849,13.9993,13.9763,13.9906,48945,true
ZSMPC,2026-09-18T18:05:00Z,13.9906,14.0024,13.9876,13.9994,45870,true
ZSMPC,2026-09-18T18:10:00Z,13.9994,14.0436,13.9757,14.0199,58339,true
ZSMPC,2026-09-18T18:15:00Z,14.0199,14.0249,14.01,14.015,61636,true
ZSMPC,2026-09-18T18:20:00Z,14.015,14.0431,14.007,14.0351,35685,true
ZSMPC,2026-09-18T18:25:00Z,14.0351,14.0597,14.0273,14.0519,28066,true
ZSMPC,2026-09-18T18:30:00Z,14.0519,14.0629,14.0185,14.0295,28649,true
ZSMPC,2026-09-18T18:35:00Z,14.0295,14.0314,14.02,14.0219,35033,true
ZSMPC,2026-09-18T18:40:00Z,14.0219,14.0241,14.0023,14.0045,42930,true
ZSMPC,2026-09-18T18:45:00Z,14.0045,14.0314,13.9923,14.0193,47960,true
ZSMPC,2026-09-18T18:50:00Z,14.0193,14.0416,14.0161,14.0384,45025,true
ZSMPC,2026-09-18T18:55:00Z,14.0384,14.0402,14.0051,14.0069,45848,true
ZSMPC,2026-09-18T19:00:00Z,14.0069,14.0372,13.9855,14.0157,34418,true
ZSMPC,2026-09-18T19:05:00Z,14.0157,14.0321,13.9762,13.9926,40204,true
ZSMPC,2026-09-18T19:10:00Z,13.9926,14.0084,13.9738,13.9896,38258,true
ZSMPC,2026-09-18T19:15:00Z,13.9896,14.0089,13.9777,13.9971,38035,true
ZSMPC,2026-09-18T19:20:00Z,13.9971,14.0114,13.9908,14.0052,95095,true
ZSMPC,2026-09-18T19:25:00Z,14.0052,14.0064,13.9994,14.0006,43328,true
ZSMPC,2026-09-18T19:30:00Z,14.0006,14.0034,13.9975,14.0004,71549,true
ZSMPC,2026-09-18T19:35:00Z,14.0004,14.0122,13.9802,13.992,89350,true
ZSMPC,2026-09-18T19:40:00Z,13.992,13.994,13.9734,13.9754,92131,true
ZSMPC,2026-09-18T19:45:00Z,13.9754,13.9978,13.9657,13.9881,64979,true
ZSMPC,2026-09-18T19:50:00Z,13.9881,14.0165,13.9731,14.0015,98017,true
ZSMPC,2026-09-18T19:55:00Z,14.0015,14.0481,13.9742,14.0208,72064,true
ZSMPC,2026-09-21T13:30:00Z,14.0208,14.0221,13.9965,13.9978,82900,true
ZSMPC,2026-09-21T13:35:00Z,13.9978,14.0211,13.9439,13.9672,134734,true
ZSMPC,2026-09-21T13:40:00Z,13.9672,13.9927,13.9573,13.9827,74768,true
ZSMPC,2026-09-21T13:45:00Z,13.9827,14.0055,13.9782,14.001,110488,true
ZSMPC,2026-09-21T13:50:00Z,14.001,14.0025,13.9504,13.9519,89173,true
ZSMPC,2026-09-21T13:55:00Z,13.9519,13.974,13.9403,13.9624,46190,true
ZSMPC,2026-09-21T14:00:00Z,13.9624,13.9685,13.9492,13.9553,71923,true
ZSMPC,2026-09-21T14:05:00Z,13.9553,14.0012,13.9474,13.9932,46107,true
ZSMPC,2026-09-21T14:10:00Z,13.9932,13.9978,13.9553,13.9599,51055,true
ZSMPC,2026-09-21T14:15:00Z,13.9599,13.9642,13.9563,13.9606,45583,true
ZSMPC,2026-09-21T14:20:00Z,13.9606,13.98,13.9534,13.9729,50916,true
ZSMPC,2026-09-21T14:25:00Z,13.9729,13.9966,13.9645,13.9883,40744,true
ZSMPC,2026-09-21T14:30:00Z,13.9883,14.0038,13.9601,13.9756,57355,true
ZSMPC,2026-09-21T14:35:00Z,13.9756,13.986,13.9713,13.9816,40395,true
ZSMPC,2026-09-21T14:40:00Z,13.9816,13.9838,13.9448,13.947,47519,true
ZSMPC,2026-09-21T14:45:00Z,13.947,13.9544,13.9001,13.9076,41151,true
ZSMPC,2026-09-21T14:50:00Z,13.9076,13.9155,13.8882,13.8961,51153,true
ZSMPC,2026-09-21T14:55:00Z,13.8961,13.897,13.8855,13.8864,63050,true
ZSMPC,2026-09-21T15:00:00Z,13.8864,13.8926,13.8482,13.8545,33627,true
ZSMPC,2026-09-21T15:05:00Z,13.8545,13.868,13.844,13.8575,56463,true
ZSMPC,2026-09-21T15:10:00Z,13.8575,13.8726,13.8332,13.8483,37114,true
ZSMPC,2026-09-21T15:15:00Z,13.8483,13.8493,13.8474,13.8484,42209,true
ZSMPC,2026-09-21T15:20:00Z,13.8484,13.858,13.8238,13.8334,28224,true
ZSMPC,2026-09-21T15:25:00Z,13.8334,13.8448,13.8272,13.8387,51382,true
ZSMPC,2026-09-21T15:30:00Z,13.8387,13.8677,13.8236,13.8526,45071,true
ZSMPC,2026-09-21T15:35:00Z,13.8526,13.8596,13.8523,13.8593,30589,true
ZSMPC,2026-09-21T15:40:00Z,13.8593,13.8754,13.8544,13.8705,29148,true
ZSMPC,2026-09-21T15:45:00Z,13.8705,13.8808,13.8512,13.8614,36620,true
ZSMPC,2026-09-21T15:50:00Z,13.8614,13.8756,13.8606,13.8748,43297,true
ZSMPC,2026-09-21T15:55:00Z,13.8748,13.8992,13.8689,13.8934,36990,true
ZSMPC,2026-09-21T16:00:00Z,13.8934,13.8971,13.861,13.8646,42558,true
ZSMPC,2026-09-21T16:05:00Z,13.8646,13.8859,13.8524,13.8737,40706,true
ZSMPC,2026-09-21T16:10:00Z,13.8737,13.9131,13.8684,13.9078,44937,true
ZSMPC,2026-09-21T16:15:00Z,13.9078,13.9129,13.8988,13.9038,34697,true
ZSMPC,2026-09-21T16:20:00Z,13.9038,13.9083,13.8595,13.8639,46196,true
ZSMPC,2026-09-21T16:25:00Z,13.8639,13.9025,13.8598,13.8984,38509,true
ZSMPC,2026-09-21T16:30:00Z,13.8984,13.9222,13.8511,13.8749,37885,true
ZSMPC,2026-09-21T16:35:00Z,13.8749,13.8827,13.8342,13.8421,48308,true
ZSMPC,2026-09-21T16:40:00Z,13.8421,13.8518,13.8272,13.837,40390,true
ZSMPC,2026-09-21T16:45:00Z,13.837,13.8448,13.8318,13.8397,55902,true
ZSMPC,2026-09-21T16:50:00Z,13.8397,13.8587,13.8364,13.8553,30652,true
ZSMPC,2026-09-21T16:55:00Z,13.8553,13.891,13.8402,13.8758,26353,true
ZSMPC,2026-09-21T17:00:00Z,13.8758,13.9092,13.8655,13.8989,28985,true
ZSMPC,2026-09-21T17:05:00Z,13.8989,13.9214,13.858,13.8805,37541,true
ZSMPC,2026-09-21T17:10:00Z,13.8805,13.893,13.8587,13.8712,41988,true
ZSMPC,2026-09-21T17:15:00Z,13.8712,13.8936,13.8541,13.8765,31985,true
ZSMPC,2026-09-21T17:20:00Z,13.8765,13.8875,13.8283,13.8393,27779,true
ZSMPC,2026-09-21T17:25:00Z,13.8393,13.8585,13.8302,13.8494,61422,true
ZSMPC,2026-09-21T17:30:00Z,13.8494,13.8629,13.8356,13.8491,36987,true
ZSMPC,2026-09-21T17:35:00Z,13.8491,13.8699,13.847,13.8679,54825,true
ZSMPC,2026-09-21T17:40:00Z,13.8679,13.9266,13.8521,13.9108,33187,true
ZSMPC,2026-09-21T17:45:00Z,13.9108,13.9681,13.8874,13.9447,54291,true
ZSMPC,2026-09-21T17:50:00Z,13.9447,13.9546,13.9279,13.9378,35391,true
ZSMPC,2026-09-21T17:55:00Z,13.9378,13.9523,13.9245,13.939,38855,true
ZSMPC,2026-09-21T18:00:00Z,13.939,13.939,13.9178,13.9178,41048,true
ZSMPC,2026-09-21T18:05:00Z,13.9178,13.9217,13.8911,13.895,64883,true
ZSMPC,2026-09-21T18:10:00Z,13.895,13.9012,13.8847,13.8909,44239,true
ZSMPC,2026-09-21T18:15:00Z,13.8909,13.9406,13.8729,13.9226,49005,true
ZSMPC,2026-09-21T18:20:00Z,13.9226,13.9239,13.9181,13.9194,43221,true
ZSMPC,2026-09-21T18:25:00Z,13.9194,13.9297,13.9023,13.9126,34280,true
ZSMPC,2026-09-21T18:30:00Z,13.9126,13.9361,13.9111,13.9346,45024,true
ZSMPC,2026-09-21T18:35:00Z,13.9346,13.9654,13.9212,13.952,48086,true
ZSMPC,2026-09-21T18:40:00Z,13.952,14.0047,13.9394,13.992,38747,true
ZSMPC,2026-09-21T18:45:00Z,13.992,14.0056,13.9597,13.9733,39686,true
ZSMPC,2026-09-21T18:50:00Z,13.9733,13.9893,13.956,13.9719,39819,true
ZSMPC,2026-09-21T18:55:00Z,13.9719,13.9765,13.9451,13.9497,37310,true
ZSMPC,2026-09-21T19:00:00Z,13.9497,13.9677,13.943,13.9609,84423,true
ZSMPC,2026-09-21T19:05:00Z,13.9609,13.9762,13.9514,13.9667,37931,true
ZSMPC,2026-09-21T19:10:00Z,13.9667,13.9795,13.9498,13.9627,60971,true
ZSMPC,2026-09-21T19:15:00Z,13.9627,13.9676,13.9573,13.9623,62208,true
ZSMPC,2026-09-21T19:20:00Z,13.9623,13.9718,13.9571,13.9666,75203,true
ZSMPC,2026-09-21T19:25:00Z,13.9666,13.9766,13.9601,13.9701,51802,true
ZSMPC,2026-09-21T19:30:00Z,13.9701,13.981,13.9497,13.9605,49486,true
ZSMPC,2026-09-21T19:35:00Z,13.9605,13.9765,13.9151,13.9311,88125,true
ZSMPC,2026-09-21T19:40:00Z,13.9311,13.937,13.9163,13.9222,73117,true
ZSMPC,2026-09-21T19:45:00Z,13.9222,13.9478,13.9168,13.9424,114932,true
ZSMPC,2026-09-21T19:50:00Z,13.9424,13.9528,13.9359,13.9463,88515,true
ZSMPC,2026-09-21T19:55:00Z,13.9463,13.9731,13.9368,13.9636,85301,true
ZSMPD,2026-09-17T15:00:00Z,33.726,33.7842,33.7231,33.7813,24765,true
ZSMPD,2026-09-17T15:05:00Z,33.7813,33.7886,33.7644,33.7717,21076,true
ZSMPD,2026-09-17T15:10:00Z,33.7717,33.86,33.757,33.8453,20892,true
ZSMPD,2026-09-17T15:15:00Z,33.8453,33.9,33.8434,33.8982,23248,true
ZSMPD,2026-09-17T15:20:00Z,33.8982,33.9587,33.8783,33.9388,13445,true
ZSMPD,2026-09-17T15:25:00Z,33.9388,33.9743,33.9205,33.956,23113,true
ZSMPD,2026-09-17T15:30:00Z,33.956,33.9805,33.8658,33.8902,14856,true
ZSMPD,2026-09-17T15:35:00Z,33.8902,33.9063,33.7829,33.799,20484,true
ZSMPD,2026-09-17T15:40:00Z,33.799,33.8265,33.7754,33.803,16000,true
ZSMPD,2026-09-17T15:45:00Z,33.803,33.8862,33.775,33.8582,11793,true
ZSMPD,2026-09-17T15:50:00Z,33.8582,33.9887,33.8375,33.968,15166,true
ZSMPD,2026-09-17T15:55:00Z,33.968,33.9924,33.9002,33.9246,27334,true
ZSMPD,2026-09-17T16:00:00Z,33.9246,33.9668,33.8498,33.892,22095,true
ZSMPD,2026-09-17T16:05:00Z,33.892,33.9026,33.8843,33.8949,24452,true
ZSMPD,2026-09-17T16:10:00Z,33.8949,33.9272,33.8426,33.8749,15182,true
ZSMPD,2026-09-17T16:15:00Z,33.8749,33.8974,33.8363,33.8587,15974,true
ZSMPD,2026-09-17T16:20:00Z,33.8587,33.8644,33.8528,33.8585,26748,true
ZSMPD,2026-09-17T16:25:00Z,33.8585,33.8686,33.8333,33.8435,17517,true
ZSMPD,2026-09-17T16:30:00Z,33.8435,33.845,33.815,33.8165,23004,true
ZSMPD,2026-09-17T16:35:00Z,33.8165,33.8194,33.7242,33.7271,17907,true
ZSMPD,2026-09-17T16:40:00Z,33.7271,33.811,33.6743,33.7582,13450,true
ZSMPD,2026-09-17T16:45:00Z,33.7582,33.8324,33.744,33.8182,17837,true
ZSMPD,2026-09-17T16:50:00Z,33.8182,33.8311,33.7581,33.771,23940,true
ZSMPD,2026-09-17T16:55:00Z,33.771,33.7947,33.7577,33.7814,22201,true
ZSMPD,2026-09-17T17:00:00Z,33.7814,33.8173,33.7028,33.7387,18559,true
ZSMPD,2026-09-17T17:05:00Z,33.7387,33.7528,33.6722,33.6863,34306,true
ZSMPD,2026-09-17T17:10:00Z,33.6863,33.7154,33.6841,33.7132,23386,true
ZSMPD,2026-09-17T17:15:00Z,33.7132,33.7612,33.6744,33.7224,27117,true
ZSMPD,2026-09-17T17:20:00Z,33.7224,33.813,33.6961,33.7867,20134,true
ZSMPD,2026-09-17T17:25:00Z,33.7867,33.8104,33.7281,33.7517,25625,true
ZSMPD,2026-09-17T17:30:00Z,33.7517,33.7919,33.7124,33.7525,14364,true
ZSMPD,2026-09-17T17:35:00Z,33.7525,33.7839,33.6969,33.7283,21246,true
ZSMPD,2026-09-17T17:40:00Z,33.7283,33.7432,33.643,33.658,24032,true
ZSMPD,2026-09-17T17:45:00Z,33.658,33.6801,33.5656,33.5876,20210,true
ZSMPD,2026-09-17T17:50:00Z,33.5876,33.6278,33.5599,33.6001,26875,true
ZSMPD,2026-09-17T17:55:00Z,33.6001,33.6193,33.5765,33.5956,19037,true
ZSMPD,2026-09-17T18:00:00Z,33.5956,33.6162,33.4519,33.4724,22521,true
ZSMPD,2026-09-17T18:05:00Z,33.4724,33.4915,33.3465,33.3656,23666,true
ZSMPD,2026-09-17T18:10:00Z,33.3656,33.3964,33.3415,33.3723,22765,true
ZSMPD,2026-09-17T18:15:00Z,33.3723,33.375,33.3128,33.3155,27767,true
ZSMPD,2026-09-17T18:20:00Z,33.3155,33.3447,33.3069,33.3361,22620,true
ZSMPD,2026-09-17T18:25:00Z,33.3361,33.358,33.2937,33.3156,17351,true
ZSMPD,2026-09-17T18:30:00Z,33.3156,33.3304,33.2445,33.2592,16962,true
ZSMPD,2026-09-17T18:35:00Z,33.2592,33.2972,33.1536,33.1915,23951,true
ZSMPD,2026-09-17T18:40:00Z,33.1915,33.2068,33.1707,33.186,14701,true
ZSMPD,2026-09-17T18:45:00Z,33.186,33.1934,33.1786,33.186,22875,true
ZSMPD,2026-09-17T18:50:00Z,33.186,33.2677,33.1553,33.237,26095,true
ZSMPD,2026-09-17T18:55:00Z,33.237,33.2565,33.211,33.2306,24153,true
ZSMPD,2026-09-17T19:00:00Z,33.2306,33.2742,33.1916,33.2351,16392,true
ZSMPD,2026-09-17T19:05:00Z,33.2351,33.2725,33.1055,33.1428,12349,true
ZSMPD,2026-09-17T19:10:00Z,33.1428,33.156,33.1281,33.1412,21530,true
ZSMPD,2026-09-17T19:15:00Z,33.1412,33.1743,33.1384,33.1715,15404,true
ZSMPD,2026-09-17T19:20:00Z,33.1715,33.189,33.1115,33.1289,35052,true
ZSMPD,2026-09-17T19:25:00Z,33.1289,33.156,33.0567,33.0838,39473,true
ZSMPD,2026-09-17T19:30:00Z,33.0838,33.1327,33.0561,33.1049,25891,true
ZSMPD,2026-09-17T19:35:00Z,33.1049,33.1751,33.0873,33.1574,39624,true
ZSMPD,2026-09-17T19:40:00Z,33.1574,33.1739,33.1382,33.1547,39995,true
ZSMPD,2026-09-17T19:45:00Z,33.1547,33.1965,33.1394,33.1811,39636,true
ZSMPD,2026-09-17T19:50:00Z,33.1811,33.2338,33.0899,33.1426,38813,true
ZSMPD,2026-09-17T19:55:00Z,33.1426,33.1644,33.1244,33.1462,33849,true
ZSMPD,2026-09-18T13:30:00Z,33.1462,33.1939,33.1365,33.1842,62765,true
ZSMPD,2026-09-18T13:35:00Z,33.1842,33.2162,33.173,33.205,51019,true
ZSMPD,2026-09-18T13:40:00Z,33.205,33.2618,33.1815,33.2383,43011,true
ZSMPD,2026-09-18T13:45:00Z,33.2383,33.2664,33.212,33.2401,21023,true
ZSMPD,2026-09-18T13:50:00Z,33.2401,33.2639,33.1431,33.1669,35046,true
ZSMPD,2026-09-18T13:55:00Z,33.1669,33.2066,33.1556,33.1953,40034,true
ZSMPD,2026-09-18T14:00:00Z,33.1953,33.2258,33.1461,33.1767,33054,true
ZSMPD,2026-09-18T14:05:00Z,33.1767,33.2216,33.1669,33.2118,46405,true
ZSMPD,2026-09-18T14:10:00Z,33.2118,33.2435,33.1721,33.2037,37274,true
ZSMPD,2026-09-18T14:15:00Z,33.2037,33.2281,33.1565,33.1808,23941,true
ZSMPD,2026-09-18T14:20:00Z,33.1808,33.2009,33.1667,33.1869,19065,true
ZSMPD,2026-09-18T14:25:00Z,33.1869,33.2181,33.0987,33.1299,19905,true
ZSMPD,2026-09-18T14:30:00Z,33.1299,33.1531,33.0842,33.1074,19230,true
ZSMPD,2026-09-18T14:35:00Z,33.1074,33.1432,33.0894,33.1252,31091,true
ZSMPD,2026-09-18T14:40:00Z,33.1252,33.1748,33.1218,33.1714,15076,true
ZSMPD,2026-09-18T14:45:00Z,33.1714,33.2067,33.0924,33.1277,27434,true
ZSMPD,2026-09-18T14:50:00Z,33.1277,33.1347,33.1007,33.1076,19378,true
ZSMPD,2026-09-18T14:55:00Z,33.1076,33.1187,33.1058,33.1168,25849,true
ZSMPD,2026-09-18T15:00:00Z,33.1168,33.169,33.0644,33.1166,23956,true
ZSMPD,2026-09-18T15:05:00Z,33.1166,33.1588,33.0391,33.0814,29885,true
ZSMPD,2026-09-18T15:10:00Z,33.0814,33.102,33.0654,33.0861,22181,true
ZSMPD,2026-09-18T15:15:00Z,33.0861,33.1179,33.0816,33.1135,23992,true
ZSMPD,2026-09-18T15:20:00Z,33.1135,33.1485,33.092,33.1271,12329,true
ZSMPD,2026-09-18T15:25:00Z,33.1271,33.1315,33.1011,33.1055,23186,true
ZSMPD,2026-09-18T15:30:00Z,33.1055,33.1159,33.0903,33.1008,16812,true
ZSMPD,2026-09-18T15:35:00Z,33.1008,33.1481,33.0982,33.1455,11637,true
ZSMPD,2026-09-18T15:40:00Z,33.1455,33.1655,33.1093,33.1292,25523,true
ZSMPD,2026-09-18T15:45:00Z,33.1292,33.1488,33.0752,33.0948,32309,true
ZSMPD,2026-09-18T15:50:00Z,33.0948,33.1038,32.9887,32.9977,23008,true
ZSMPD,2026-09-18T15:55:00Z,32.9977,33.004,32.9425,32.9487,17652,true
ZSMPD,2026-09-18T16:00:00Z,32.9487,32.9706,32.9129,32.9348,13447,true
ZSMPD,2026-09-18T16:05:00Z,32.9348,32.9455,32.8923,32.9029,20229,true
ZSMPD,2026-09-18T16:10:00Z,32.9029,32.9235,32.9,32.9206,31799,true
ZSMPD,2026-09-18T16:15:00Z,32.9206,33.0078,32.8957,32.9829,14228,true
ZSMPD,2026-09-18T16:20:00Z,32.9829,33.0497,32.9702,33.037,21146,true
ZSMPD,2026-09-18T16:25:00Z,33.037,33.1373,33.0045,33.1048,21159,true
ZSMPD,2026-09-18T16:30:00Z,33.1048,33.1094,32.9996,33.0043,21794,true
ZSMPD,2026-09-18T16:35:00Z,33.0043,33.0104,32.9613,32.9675,19386,true
ZSMPD,2026-09-18T16:40:00Z,32.9675,33.0035,32.9362,32.9722,19805,true
ZSMPD,2026-09-18T16:45:00Z,32.9722,32.9819,32.9555,32.9651,19579,true
ZSMPD,2026-09-18T16:50:00Z,32.9651,33.0046,32.9631,33.0025,23643,true
ZSMPD,2026-09-18T16:55:00Z,33.0025,33.0057,32.9542,32.9573,21722,true
ZSMPD,2026-09-18T17:00:00Z,32.9573,32.9939,32.8652,32.9018,13368,true
ZSMPD,2026-09-18T17:05:00Z,32.9018,32.9206,32.777,32.7959,23646,true
ZSMPD,2026-09-18T17:10:00Z,32.7959,32.8349,32.6896,32.7287,22860,true
ZSMPD,2026-09-18T17:15:00Z,32.7287,32.7513,32.6715,32.6941,17663,true
ZSMPD,2026-09-18T17:20:00Z,32.6941,32.799,32.6588,32.7637,23896,true
ZSMPD,2026-09-18T17:25:00Z,32.7637,32.8618,32.7518,32.8498,19957,true
ZSMPD,2026-09-18T17:30:00Z,32.8498,32.9508,32.8217,32.9227,14761,true
ZSMPD,2026-09-18T17:35:00Z,32.9227,32.9299,32.9061,32.9132,34432,true
ZSMPD,2026-09-18T17:40:00Z,32.9132,32.9197,32.8651,32.8716,17700,true
ZSMPD,2026-09-18T17:45:00Z,32.8716,32.9059,32.8109,32.8452,12824,true
ZSMPD,2026-09-18T17:50:00Z,32.8452,32.8608,32.8125,32.8281,21371,true
ZSMPD,2026-09-18T17:55:00Z,32.8281,32.858,32.8097,32.8396,13964,true
ZSMPD,2026-09-18T18:00:00Z,32.8396,32.8569,32.7865,32.8038,22449,true
ZSMPD,2026-09-18T18:05:00Z,32.8038,32.849,32.7957,32.8409,17758,true
ZSMPD,2026-09-18T18:10:00Z,32.8409,32.925,32.8323,32.9164,17996,true
ZSMPD,2026-09-18T18:15:00Z,32.9164,32.9766,32.8345,32.8947,37851,true
ZSMPD,2026-09-18T18:20:00Z,32.8947,32.9067,32.8798,32.8918,20989,true
ZSMPD,2026-09-18T18:25:00Z,32.8918,32.9616,32.8602,32.93,17158,true
ZSMPD,2026-09-18T18:30:00Z,32.93,33.0185,32.9284,33.017,19973,true
ZSMPD,2026-09-18T18:35:00Z,33.017,33.0937,32.9954,33.0721,19851,true
ZSMPD,2026-09-18T18:40:00Z,33.0721,33.0844,33.0495,33.0618,17107,true
ZSMPD,2026-09-18T18:45:00Z,33.0618,33.1062,33.0373,33.0818,27639,true
ZSMPD,2026-09-18T18:50:00Z,33.0818,33.106,33.0426,33.0668,20667,true
ZSMPD,2026-09-18T18:55:00Z,33.0668,33.1579,33.0441,33.1353,22557,true
ZSMPD,2026-09-18T19:00:00Z,33.1353,33.1621,33.1242,33.151,26176,true
ZSMPD,2026-09-18T19:05:00Z,33.151,33.1937,33.1096,33.1523,34879,true
ZSMPD,2026-09-18T19:10:00Z,33.1523,33.1544,33.1344,33.1364,20708,true
ZSMPD,2026-09-18T19:15:00Z,33.1364,33.1909,33.1319,33.1864,18838,true
ZSMPD,2026-09-18T19:20:00Z,33.1864,33.2569,33.1645,33.2351,18462,true
ZSMPD,2026-09-18T19:25:00Z,33.2351,33.2677,33.2238,33.2564,18975,true
ZSMPD,2026-09-18T19:30:00Z,33.2564,33.3343,33.2464,33.3244,23293,true
ZSMPD,2026-09-18T19:35:00Z,33.3244,33.3406,33.2362,33.2524,27929,true
ZSMPD,2026-09-18T19:40:00Z,33.2524,33.2917,33.1659,33.2051,45174,true
ZSMPD,2026-09-18T19:45:00Z,33.2051,33.2347,33.168,33.1977,29262,true
ZSMPD,2026-09-18T19:50:00Z,33.1977,33.2826,33.1903,33.2753,48972,true
ZSMPD,2026-09-18T19:55:00Z,33.2753,33.2973,33.2027,33.2247,44873,true
ZSMPD,2026-09-21T13:30:00Z,33.2247,33.2496,33.2237,33.2485,45362,true
ZSMPD,2026-09-21T13:35:00Z,33.2485,33.2524,33.2398,33.2438,38891,true
ZSMPD,2026-09-21T13:40:00Z,33.2438,33.2786,33.2226,33.2575,50385,true
ZSMPD,2026-09-21T13:45:00Z,33.2575,33.2959,33.2568,33.2953,41685,true
ZSMPD,2026-09-21T13:50:00Z,33.2953,33.299,33.2689,33.2726,38916,true
ZSMPD,2026-09-21T13:55:00Z,33.2726,33.2933,33.1687,33.1894,30813,true
ZSMPD,2026-09-21T14:00:00Z,33.1894,33.1978,33.1362,33.1446,29719,true
ZSMPD,2026-09-21T14:05:00Z,33.1446,33.2088,33.1402,33.2045,33429,true
ZSMPD,2026-09-21T14:10:00Z,33.2045,33.2723,33.1435,33.2113,24917,true
ZSMPD,2026-09-21T14:15:00Z,33.2113,33.3905,33.1975,33.3767,17755,true
ZSMPD,2026-09-21T14:20:00Z,33.3767,33.3885,33.3707,33.3825,24959,true
ZSMPD,2026-09-21T14:25:00Z,33.3825,33.4182,33.3512,33.387,21510,true
ZSMPD,2026-09-21T14:30:00Z,33.387,33.4222,33.3208,33.356,15547,true
ZSMPD,2026-09-21T14:35:00Z,33.356,33.366,33.3171,33.3271,30228,true
ZSMPD,2026-09-21T14:40:00Z,33.3271,33.3644,33.3172,33.3545,13000,true
ZSMPD,2026-09-21T14:45:00Z,33.3545,33.3791,33.3116,33.3363,31899,true
ZSMPD,2026-09-21T14:50:00Z,33.3363,33.3593,33.3333,33.3564,28505,true
ZSMPD,2026-09-21T14:55:00Z,33.3564,33.3888,33.3024,33.3348,19393,true
ZSMPD,2026-09-21T15:00:00Z,33.3348,33.3559,33.286,33.3071,20415,true
ZSMPD,2026-09-21T15:05:00Z,33.3071,33.3104,33.2846,33.2878,29739,true
ZSMPD,2026-09-21T15:10:00Z,33.2878,33.3371,33.2246,33.2738,19284,true
ZSMPD,2026-09-21T15:15:00Z,33.2738,33.3185,33.2499,33.2946,22835,true
ZSMPD,2026-09-21T15:20:00Z,33.2946,33.3378,33.2155,33.2587,21446,true
ZSMPD,2026-09-21T15:25:00Z,33.2587,33.3322,33.2248,33.2984,13419,true
ZSMPD,2026-09-21T15:30:00Z,33.2984,33.3647,33.268,33.3343,17693,true
ZSMPD,2026-09-21T15:35:00Z,33.3343,33.3914,33.312,33.3691,18816,true
ZSMPD,2026-09-21T15:40:00Z,33.3691,33.4316,33.363,33.4255,30563,true
ZSMPD,2026-09-21T15:45:00Z,33.4255,33.4357,33.3929,33.4031,14316,true
ZSMPD,2026-09-21T15:50:00Z,33.4031,33.4547,33.4001,33.4517,26717,true
ZSMPD,2026-09-21T15:55:00Z,33.4517,33.4711,33.4397,33.4591,21040,true
ZSMPD,2026-09-21T16:00:00Z,33.4591,33.4682,33.3968,33.406,31206,true
ZSMPD,2026-09-21T16:05:00Z,33.406,33.4389,33.3428,33.3757,22639,true
ZSMPD,2026-09-21T16:10:00Z,33.3757,33.4478,33.3584,33.4306,33910,true
ZSMPD,2026-09-21T16:15:00Z,33.4306,33.4763,33.3871,33.4329,16489,true
ZSMPD,2026-09-21T16:20:00Z,33.4329,33.535,33.3794,33.4815,12842,true
ZSMPD,2026-09-21T16:25:00Z,33.4815,33.4858,33.4475,33.4518,24579,true
ZSMPD,2026-09-21T16:30:00Z,33.4518,33.4527,33.4421,33.443,16975,true
ZSMPD,2026-09-21T16:35:00Z,33.443,33.4571,33.4097,33.4238,17536,true
ZSMPD,2026-09-21T16:40:00Z,33.4238,33.4499,33.4008,33.4269,24275,true
ZSMPD,2026-09-21T16:45:00Z,33.4269,33.4613,33.3802,33.4146,20382,true
ZSMPD,2026-09-21T16:50:00Z,33.4146,33.4253,33.3692,33.3799,28921,true
ZSMPD,2026-09-21T16:55:00Z,33.3799,33.4558,33.3759,33.4519,17226,true
ZSMPD,2026-09-21T17:00:00Z,33.4519,33.4793,33.4258,33.4533,13825,true
ZSMPD,2026-09-21T17:05:00Z,33.4533,33.4765,33.3943,33.4175,17475,true
ZSMPD,2026-09-21T17:10:00Z,33.4175,33.4263,33.2931,33.3019,20240,true
ZSMPD,2026-09-21T17:15:00Z,33.3019,33.3304,33.2453,33.2739,17988,true
ZSMPD,2026-09-21T17:20:00Z,33.2739,33.4213,33.2735,33.4209,24234,true
ZSMPD,2026-09-21T17:25:00Z,33.4209,33.4268,33.3816,33.3875,16464,true
ZSMPD,2026-09-21T17:30:00Z,33.3875,33.3894,33.3783,33.3803,29019,true
ZSMPD,2026-09-21T17:35:00Z,33.3803,33.4595,33.3743,33.4535,20313,true
ZSMPD,2026-09-21T17:40:00Z,33.4535,33.4825,33.445,33.474,18711,true
ZSMPD,2026-09-21T17:45:00Z,33.474,33.5284,33.4543,33.5086,17752,true
ZSMPD,2026-09-21T17:50:00Z,33.5086,33.5153,33.4565,33.4631,23469,true
ZSMPD,2026-09-21T17:55:00Z,33.4631,33.4699,33.4403,33.4471,22933,true
ZSMPD,2026-09-21T18:00:00Z,33.4471,33.4722,33.3434,33.3686,15868,true
ZSMPD,2026-09-21T18:05:00Z,33.3686,33.3896,33.2888,33.3099,27075,true
ZSMPD,2026-09-21T18:10:00Z,33.3099,33.3112,33.2747,33.276,21805,true
ZSMPD,2026-09-21T18:15:00Z,33.276,33.312,33.2607,33.2967,19589,true
ZSMPD,2026-09-21T18:20:00Z,33.2967,33.3041,33.2456,33.2529,14791,true
ZSMPD,2026-09-21T18:25:00Z,33.2529,33.3014,33.2027,33.2511,27168,true
ZSMPD,2026-09-21T18:30:00Z,33.2511,33.2648,33.2121,33.2258,21865,true
ZSMPD,2026-09-21T18:35:00Z,33.2258,33.2502,33.1183,33.1426,32276,true
ZSMPD,2026-09-21T18:40:00Z,33.1426,33.1617,33.0605,33.0796,19287,true
ZSMPD,2026-09-21T18:45:00Z,33.0796,33.1275,33.0684,33.1163,36043,true
ZSMPD,2026-09-21T18:50:00Z,33.1163,33.1447,33.0249,33.0533,32851,true
ZSMPD,2026-09-21T18:55:00Z,33.0533,33.1036,33.0456,33.0959,21615,true
ZSMPD,2026-09-21T19:00:00Z,33.0959,33.1635,33.0796,33.1472,24276,true
ZSMPD,2026-09-21T19:05:00Z,33.1472,33.1575,33.0908,33.1011,29416,true
ZSMPD,2026-09-21T19:10:00Z,33.1011,33.1753,33.0824,33.1567,21956,true
ZSMPD,2026-09-21T19:15:00Z,33.1567,33.1568,33.037,33.0371,30151,true
ZSMPD,2026-09-21T19:20:00Z,33.0371,33.1113,33.0195,33.0938,21099,true
ZSMPD,2026-09-21T19:25:00Z,33.0938,33.1585,33.0552,33.1199,43828,true
ZSMPD,2026-09-21T19:30:00Z,33.1199,33.1754,33.1096,33.1651,35139,true
ZSMPD,2026-09-21T19:35:00Z,33.1651,33.2073,33.1179,33.1602,36411,true
ZSMPD,2026-09-21T19:40:00Z,33.1602,33.1613,33.1378,33.1389,33266,true
ZSMPD,2026-09-21T19:45:00Z,33.1389,33.1673,33.1355,33.1639,23620,true
ZSMPD,2026-09-21T19:50:00Z,33.1639,33.1655,33.0038,33.0055,37206,true
ZSMPD,2026-09-21T19:55:00Z,33.0055,33.0151,32.9821,32.9918,49699,true
ZSMPD,2026-09-22T13:30:00Z,32.9918,33.0132,32.8993,32.9207,67737,true
ZSMPD,2026-09-22T13:35:00Z,32.9207,32.9474,32.9138,32.9405,40704,true
ZSMPD,2026-09-22T13:40:00Z,32.9405,32.9637,32.9405,32.9637,35736,true
ZSMPD,2026-09-22T13:45:00Z,32.9637,32.9659,32.9443,32.9464,37368,true
ZSMPD,2026-09-22T13:50:00Z,32.9464,32.9946,32.9339,32.982,28418,true
ZSMPD,2026-09-22T13:55:00Z,32.982,32.9888,32.9462,32.953,49831,true
ZSMPD,2026-09-22T14:00:00Z,32.953,32.9876,32.9269,32.9615,35469,true
ZSMPD,2026-09-22T14:05:00Z,32.9615,32.9797,32.9483,32.9665,23686,true
ZSMPD,2026-09-22T14:10:00Z,32.9665,33.0612,32.9444,33.0391,18277,true
ZSMPD,2026-09-22T14:15:00Z,33.0391,33.0521,33.0346,33.0475,22771,true
ZSMPD,2026-09-22T14:20:00Z,33.0475,33.1116,33.0258,33.0898,30050,true
ZSMPD,2026-09-22T14:25:00Z,33.0898,33.1314,33.0785,33.1201,15412,true
ZSMPD,2026-09-22T14:30:00Z,33.1201,33.1748,33.0999,33.1546,16436,true
ZSMPD,2026-09-22T14:35:00Z,33.1546,33.1665,33.121,33.133,24169,true
ZSMPD,2026-09-22T14:40:00Z,33.133,33.1395,33.0922,33.0988,29551,true
ZSMPD,2026-09-22T14:45:00Z,33.0988,33.1486,33.0932,33.143,24909,true
ZSMPD,2026-09-22T14:50:00Z,33.143,33.1654,33.0561,33.0785,16720,true
ZSMPD,2026-09-22T14:55:00Z,33.0785,33.1299,33.0782,33.1296,18934,true
ZSMPD,2026-09-22T15:00:00Z,33.1296,33.1438,33.1009,33.1151,21564,true
ZSMPD,2026-09-22T15:05:00Z,33.1151,33.1155,33.0644,33.0649,31531,true
ZSMPD,2026-09-22T15:10:00Z,33.0649,33.1207,33.0436,33.0994,22128,true
ZSMPD,2026-09-22T15:15:00Z,33.0994,33.1181,33.0658,33.0844,23323,true
ZSMPD,2026-09-22T15:20:00Z,33.0844,33.1184,33.0196,33.0536,24059,true
ZSMPD,2026-09-22T15:25:00Z,33.0536,33.0595,33.0081,33.0141,26105,true
ZSMPD,2026-09-22T15:30:00Z,33.0141,33.0184,33.0056,33.0099,16205,true
ZSMPD,2026-09-22T15:35:00Z,33.0099,33.028,32.9492,32.9672,16650,true
ZSMPD,2026-09-22T15:40:00Z,32.9672,32.9744,32.9413,32.9484,26225,true
ZSMPD,2026-09-22T15:45:00Z,32.9484,32.992,32.914,32.9576,18767,true
ZSMPD,2026-09-22T15:50:00Z,32.9576,33.068,32.9184,33.0288,19880,true
ZSMPD,2026-09-22T15:55:00Z,33.0288,33.1397,32.9767,33.0876,23365,true
ZSMPD,2026-09-22T16:00:00Z,33.0876,33.117,33.0653,33.0947,20804,true
ZSMPD,2026-09-22T16:05:00Z,33.0947,33.1121,33.0671,33.0845,26896,true
ZSMPD,2026-09-22T16:10:00Z,33.0845,33.0886,33.012,33.0161,20041,true
ZSMPD,2026-09-22T16:15:00Z,33.0161,33.0305,32.9586,32.973,14874,true
ZSMPD,2026-09-22T16:20:00Z,32.973,33.0232,32.9522,33.0024,24117,true
ZSMPD,2026-09-22T16:25:00Z,33.0024,33.0153,32.9744,32.9873,20916,true
ZSMPD,2026-09-22T16:30:00Z,32.9873,33.0137,32.9412,32.9676,20863,true
ZSMPD,2026-09-22T16:35:00Z,32.9676,33.0098,32.9388,32.981,22286,true
ZSMPD,2026-09-22T16:40:00Z,32.981,33.021,32.9807,33.0208,14893,true
ZSMPD,2026-09-22T16:45:00Z,33.0208,33.0239,32.9785,32.9817,18219,true
ZSMPD,2026-09-22T16:50:00Z,32.9817,33.0424,32.9557,33.0164,28404,true
ZSMPD,2026-09-22T16:55:00Z,33.0164,33.1018,32.9979,33.0833,15700,true
ZSMPD,2026-09-22T17:00:00Z,33.0833,33.0857,33.0775,33.0799,17197,true
ZSMPD,2026-09-22T17:05:00Z,33.0799,33.135,33.0566,33.1117,17276,true
ZSMPD,2026-09-22T17:10:00Z,33.1117,33.1185,33.078,33.0848,13313,true
ZSMPD,2026-09-22T17:15:00Z,33.0848,33.1487,33.0788,33.1427,21618,true
ZSMPD,2026-09-22T17:20:00Z,33.1427,33.2179,33.0965,33.1716,29608,true
ZSMPD,2026-09-22T17:25:00Z,33.1716,33.1804,33.0861,33.0949,20477,true
ZSMPD,2026-09-22T17:30:00Z,33.0949,33.0962,33.0628,33.064,21506,true
ZSMPD,2026-09-22T17:35:00Z,33.064,33.0743,33.0393,33.0496,17690,true
ZSMPD,2026-09-22T17:40:00Z,33.0496,33.0838,33.0282,33.0624,12483,true
ZSMPD,2026-09-22T17:45:00Z,33.0624,33.1171,33.0604,33.1151,21185,true
ZSMPD,2026-09-22T17:50:00Z,33.1151,33.1557,33.1115,33.1521,20310,true
ZSMPD,2026-09-22T17:55:00Z,33.1521,33.1626,33.1458,33.1562,19856,true
ZSMPD,2026-09-22T18:00:00Z,33.1562,33.1984,33.0497,33.0919,21395,true
ZSMPD,2026-09-22T18:05:00Z,33.0919,33.0961,33.087,33.0912,18089,true
ZSMPD,2026-09-22T18:10:00Z,33.0912,33.1811,33.0686,33.1585,9253,true
ZSMPD,2026-09-22T18:15:00Z,33.1585,33.2743,33.1292,33.245,21161,true
ZSMPD,2026-09-22T18:20:00Z,33.245,33.2625,33.198,33.2155,29765,true
ZSMPD,2026-09-22T18:25:00Z,33.2155,33.2501,33.2058,33.2403,22522,true
ZSMPD,2026-09-22T18:30:00Z,33.2403,33.3039,33.1489,33.2125,18471,true
ZSMPD,2026-09-22T18:35:00Z,33.2125,33.2273,33.2082,33.223,19567,true
ZSMPD,2026-09-22T18:40:00Z,33.223,33.3282,33.1867,33.2919,12304,true
ZSMPD,2026-09-22T18:45:00Z,33.2919,33.2967,33.2104,33.2151,24420,true
ZSMPD,2026-09-22T18:50:00Z,33.2151,33.2701,33.1999,33.2548,17879,true
ZSMPD,2026-09-22T18:55:00Z,33.2548,33.2562,33.2071,33.2084,19984,true
ZSMPD,2026-09-22T19:00:00Z,33.2084,33.2733,33.1982,33.2632,14997,true
ZSMPD,2026-09-22T19:05:00Z,33.2632,33.278,33.2462,33.261,17334,true
ZSMPD,2026-09-22T19:10:00Z,33.261,33.3388,33.257,33.3347,19850,true
ZSMPD,2026-09-22T19:15:00Z,33.3347,33.3562,33.2758,33.2972,37456,true
ZSMPD,2026-09-22T19:20:00Z,33.2972,33.3304,33.1938,33.2269,40801,true
ZSMPD,2026-09-22T19:25:00Z,33.2269,33.2692,33.0689,33.1112,26889,true
ZSMPD,2026-09-22T19:30:00Z,33.1112,33.1343,33.1047,33.1278,52148,true
ZSMPD,2026-09-22T19:35:00Z,33.1278,33.1362,33.0938,33.1022,27734,true
ZSMPD,2026-09-22T19:40:00Z,33.1022,33.1488,32.9922,33.0389,26211,true
ZSMPD,2026-09-22T19:45:00Z,33.0389,33.0897,33.0308,33.0817,30686,true
ZSMPD,2026-09-22T19:50:00Z,33.0817,33.098,33.0291,33.0455,47816,true
ZSMPD,2026-09-22T19:55:00Z,33.0455,33.0756,32.9778,33.0079,60619,true
ZSMPD,2026-09-23T13:30:00Z,33.0079,33.0322,32.9784,33.0027,57853,true
ZSMPD,2026-09-23T13:35:00Z,33.0027,33.0356,32.8749,32.9079,32222,true
ZSMPD,2026-09-23T13:40:00Z,32.9079,32.9495,32.8599,32.9015,35362,true
ZSMPD,2026-09-23T13:45:00Z,32.9015,32.915,32.8682,32.8816,40608,true
ZSMPD,2026-09-23T13:50:00Z,32.8816,33.0138,32.83,32.9622,36803,true
ZSMPD,2026-09-23T13:55:00Z,32.9622,33.0175,32.8543,32.9097,23310,true
ZSMPD,2026-09-23T14:00:00Z,32.9097,32.9649,32.8963,32.9515,24265,true
ZSMPD,2026-09-23T14:05:00Z,32.9515,32.9989,32.9148,32.9622,24066,true
ZSMPD,2026-09-23T14:10:00Z,32.9622,33.061,32.9264,33.0251,37672,true
ZSMPD,2026-09-23T14:15:00Z,33.0251,33.0451,33.0183,33.0383,32722,true
ZSMPD,2026-09-23T14:20:00Z,33.0383,33.0688,33.0034,33.0339,37605,true
ZSMPD,2026-09-23T14:25:00Z,33.0339,33.0835,32.9668,33.0163,21284,true
ZSMPD,2026-09-23T14:30:00Z,33.0163,33.0348,32.9789,32.9973,31212,true
ZSMPD,2026-09-23T14:35:00Z,32.9973,33.027,32.969,32.9988,21720,true
ZSMPD,2026-09-23T14:40:00Z,32.9988,33.07,32.9794,33.0506,24962,true
ZSMPD,2026-09-23T14:45:00Z,33.0506,33.0546,32.9892,32.9931,22134,true
ZSMPD,2026-09-23T14:50:00Z,32.9931,33.0128,32.9566,32.9763,22636,true
ZSMPD,2026-09-23T14:55:00Z,32.9763,32.9862,32.9528,32.9627,28030,true
ZSMPD,2026-09-23T15:00:00Z,32.9627,33.0117,32.9599,33.009,24236,true
ZSMPD,2026-09-23T15:05:00Z,33.009,33.0306,32.9801,33.0017,22386,true
ZSMPD,2026-09-23T15:10:00Z,33.0017,33.0038,32.9997,33.0017,19682,true
ZSMPD,2026-09-23T15:15:00Z,33.0017,33.0358,32.9419,32.976,17783,true
ZSMPD,2026-09-23T15:20:00Z,32.976,32.9836,32.9083,32.9159,23506,true
ZSMPD,2026-09-23T15:25:00Z,32.9159,33.0044,32.9088,32.9972,19208,true
ZSMPD,2026-09-23T15:30:00Z,32.9972,33.0098,32.9126,32.9252,21384,true
ZSMPD,2026-09-23T15:35:00Z,32.9252,32.932,32.9012,32.908,22491,true
ZSMPD,2026-09-23T15:40:00Z,32.908,32.9725,32.8794,32.9439,28187,true
ZSMPD,2026-09-23T15:45:00Z,32.9439,32.9732,32.9103,32.9396,17785,true
ZSMPD,2026-09-23T15:50:00Z,32.9396,32.9531,32.9001,32.9136,21686,true
ZSMPD,2026-09-23T15:55:00Z,32.9136,32.9308,32.8202,32.8374,23188,true
ZSMPD,2026-09-23T16:00:00Z,32.8374,32.9429,32.8287,32.9343,18238,true
ZSMPD,2026-09-23T16:05:00Z,32.9343,32.9671,32.8184,32.8513,24197,true
ZSMPD,2026-09-23T16:10:00Z,32.8513,32.8516,32.7965,32.7968,28220,true
ZSMPD,2026-09-23T16:15:00Z,32.7968,32.8057,32.7518,32.7607,20606,true
ZSMPD,2026-09-23T16:20:00Z,32.7607,32.7815,32.7204,32.7412,12583,true
ZSMPD,2026-09-23T16:25:00Z,32.7412,32.7742,32.7015,32.7345,19391,true
ZSMPD,2026-09-23T16:30:00Z,32.7345,32.8003,32.7307,32.7966,20270,true
ZSMPD,2026-09-23T16:35:00Z,32.7966,32.8478,32.7901,32.8413,19291,true
ZSMPD,2026-09-23T16:40:00Z,32.8413,32.8818,32.8177,32.8582,22684,true
ZSMPD,2026-09-23T16:45:00Z,32.8582,32.8977,32.8566,32.8961,23736,true
ZSMPD,2026-09-23T16:50:00Z,32.8961,32.9212,32.8483,32.8735,35561,true
ZSMPD,2026-09-23T16:55:00Z,32.8735,32.9054,32.8622,32.8942,18178,true
ZSMPD,2026-09-23T17:00:00Z,32.8942,32.9597,32.8811,32.9467,21885,true
ZSMPD,2026-09-23T17:05:00Z,32.9467,32.9578,32.9378,32.9489,19497,true
ZSMPD,2026-09-23T17:10:00Z,32.9489,33.061,32.934,33.0461,20339,true
ZSMPD,2026-09-23T17:15:00Z,33.0461,33.0676,32.9822,33.0037,23699,true
ZSMPD,2026-09-23T17:20:00Z,33.0037,33.0095,32.9365,32.9422,28140,true
ZSMPD,2026-09-23T17:25:00Z,32.9422,33.0141,32.876,32.9478,22531,true
ZSMPD,2026-09-23T17:30:00Z,32.9478,32.9827,32.9076,32.9426,30193,true
ZSMPD,2026-09-23T17:35:00Z,32.9426,32.946,32.9119,32.9154,17976,true
ZSMPD,2026-09-23T17:40:00Z,32.9154,32.9419,32.8912,32.9177,20845,true
ZSMPD,2026-09-23T17:45:00Z,32.9177,32.9689,32.8901,32.9413,16380,true
ZSMPD,2026-09-23T17:50:00Z,32.9413,33.0277,32.9251,33.0115,16324,true
ZSMPD,2026-09-23T17:55:00Z,33.0115,33.0454,32.9716,33.0055,15277,true
ZSMPD,2026-09-23T18:00:00Z,33.0055,33.0107,32.9911,32.9963,21329,true
ZSMPD,2026-09-23T18:05:00Z,32.9963,33.0283,32.9693,33.0013,21300,true
ZSMPD,2026-09-23T18:10:00Z,33.0013,33.0069,32.9936,32.9992,12272,true
ZSMPD,2026-09-23T18:15:00Z,32.9992,33.053,32.9977,33.0515,16033,true
ZSMPD,2026-09-23T18:20:00Z,33.0515,33.0565,32.9566,32.9617,21205,true
ZSMPD,2026-09-23T18:25:00Z,32.9617,33.0513,32.913,33.0025,23369,true
ZSMPD,2026-09-23T18:30:00Z,33.0025,33.0322,32.954,32.9837,26266,true
ZSMPD,2026-09-23T18:35:00Z,32.9837,33.0108,32.9463,32.9734,24356,true
ZSMPD,2026-09-23T18:40:00Z,32.9734,32.9907,32.9642,32.9815,30470,true
ZSMPD,2026-09-23T18:45:00Z,32.9815,33.0048,32.8649,32.8882,29009,true
ZSMPD,2026-09-23T18:50:00Z,32.8882,32.9356,32.8819,32.9293,22352,true
ZSMPD,2026-09-23T18:55:00Z,32.9293,32.9607,32.9217,32.9531,14421,true
ZSMPD,2026-09-23T19:00:00Z,32.9531,32.9834,32.8631,32.8934,18315,true
ZSMPD,2026-09-23T19:05:00Z,32.8934,32.9084,32.8148,32.8299,20613,true
ZSMPD,2026-09-23T19:10:00Z,32.8299,32.9316,32.8226,32.9243,27925,true
ZSMPD,2026-09-23T19:15:00Z,32.9243,32.9493,32.9122,32.9371,22513,true
ZSMPD,2026-09-23T19:20:00Z,32.9371,32.9823,32.8129,32.8581,45800,true
ZSMPD,2026-09-23T19:25:00Z,32.8581,32.8814,32.8096,32.8328,24497,true
ZSMPD,2026-09-23T19:30:00Z,32.8328,32.8633,32.8122,32.8426,17055,true
ZSMPD,2026-09-23T19:35:00Z,32.8426,32.9403,32.8196,32.9173,26003,true
ZSMPD,2026-09-23T19:40:00Z,32.9173,32.9382,32.8969,32.9177,22964,true
ZSMPD,2026-09-23T19:45:00Z,32.9177,32.9811,32.8782,32.9416,32202,true
ZSMPD,2026-09-23T19:50:00Z,32.9416,32.9666,32.9202,32.9452,32659,true
ZSMPD,2026-09-23T19:55:00Z,32.9452,32.9874,32.9254,32.9676,41918,true
ZSMPD,2026-09-24T13:30:00Z,32.9676,32.9698,32.9539,32.9561,58014,true
ZSMPD,2026-09-24T13:35:00Z,32.9561,33.0279,32.9155,32.9873,35256,true
ZSMPD,2026-09-24T13:40:00Z,32.9873,33.0031,32.9838,32.9995,30612,true
ZSMPD,2026-09-24T13:45:00Z,32.9995,33.0695,32.9814,33.0513,41184,true
ZSMPD,2026-09-24T13:50:00Z,33.0513,33.0528,33.0451,33.0466,25813,true
ZSMPD,2026-09-24T13:55:00Z,33.0466,33.1202,33.0197,33.0933,39321,true
ZSMPD,2026-09-24T14:00:00Z,33.0933,33.1462,33.0722,33.1252,37666,true
ZSMPD,2026-09-24T14:05:00Z,33.1252,33.1378,33.0731,33.0856,26563,true
ZSMPD,2026-09-24T14:10:00Z,33.0856,33.2046,33.0498,33.1687,23330,true
ZSMPD,2026-09-24T14:15:00Z,33.1687,33.1915,33.1004,33.1232,27674,true
ZSMPD,2026-09-24T14:20:00Z,33.1232,33.1317,33.0937,33.1023,25197,true
ZSMPD,2026-09-24T14:25:00Z,33.1023,33.148,33.1007,33.1465,15922,true
ZSMPD,2026-09-24T14:30:00Z,33.1465,33.2496,33.1197,33.2229,29973,true
ZSMPD,2026-09-24T14:35:00Z,33.2229,33.2631,33.1793,33.2196,30575,true
ZSMPD,2026-09-24T14:40:00Z,33.2196,33.2788,33.1989,33.2581,34776,true
ZSMPD,2026-09-24T14:45:00Z,33.2581,33.295,33.2457,33.2826,22801,true
ZSMPD,2026-09-24T14:50:00Z,33.2826,33.3753,33.2749,33.3676,27305,true
ZSMPD,2026-09-24T14:55:00Z,33.3676,33.4386,33.3461,33.4171,17424,true
ZSMPD,2026-09-24T15:00:00Z,33.4171,33.445,33.3062,33.3341,18026,true
ZSMPD,2026-09-24T15:05:00Z,33.3341,33.3505,33.3085,33.3249,20976,true
ZSMPD,2026-09-24T15:10:00Z,33.3249,33.3289,33.3091,33.3131,25752,true
ZSMPD,2026-09-24T15:15:00Z,33.3131,33.4684,33.2704,33.4257,32998,true
ZSMPD,2026-09-24T15:20:00Z,33.4257,33.4487,33.418,33.441,16917,true
ZSMPD,2026-09-24T15:25:00Z,33.441,33.4434,33.4244,33.4268,23623,true
ZSMPD,2026-09-24T15:30:00Z,33.4268,33.4528,33.3407,33.3666,18616,true
ZSMPD,2026-09-24T15:35:00Z,33.3666,33.3893,33.3429,33.3656,26981,true
ZSMPD,2026-09-24T15:40:00Z,33.3656,33.3712,33.2661,33.2717,26319,true
ZSMPD,2026-09-24T15:45:00Z,33.2717,33.3389,33.2412,33.3084,28450,true
ZSMPD,2026-09-24T15:50:00Z,33.3084,33.3861,33.2509,33.3287,14688,true
ZSMPD,2026-09-24T15:55:00Z,33.3287,33.4349,33.262,33.3682,28047,true
ZSMPD,2026-09-24T16:00:00Z,33.3682,33.4116,33.3155,33.3589,18446,true
ZSMPD,2026-09-24T16:05:00Z,33.3589,33.3756,33.3125,33.3292,32512,true
ZSMPD,2026-09-24T16:10:00Z,33.3292,33.4048,33.2335,33.3091,18367,true
ZSMPD,2026-09-24T16:15:00Z,33.3091,33.3498,33.2624,33.3031,20535,true
ZSMPD,2026-09-24T16:20:00Z,33.3031,33.3167,33.3006,33.3142,24083,true
ZSMPD,2026-09-24T16:25:00Z,33.3142,33.338,33.3021,33.3259,16975,true
ZSMPD,2026-09-24T16:30:00Z,33.3259,33.3631,33.2566,33.2938,14651,true
ZSMPD,2026-09-24T16:35:00Z,33.2938,33.3319,33.2364,33.2744,34922,true
ZSMPD,2026-09-24T16:40:00Z,33.2744,33.2922,33.2545,33.2723,16421,true
ZSMPD,2026-09-24T16:45:00Z,33.2723,33.3002,33.1986,33.2264,16139,true
ZSMPD,2026-09-24T16:50:00Z,33.2264,33.3047,33.1985,33.2768,24203,true
ZSMPD,2026-09-24T16:55:00Z,33.2768,33.336,33.2559,33.3151,15420,true
ZSMPD,2026-09-24T17:00:00Z,33.3151,33.3513,33.2654,33.3016,19481,true
ZSMPD,2026-09-24T17:05:00Z,33.3016,33.401,33.2803,33.3796,22241,true
ZSMPD,2026-09-24T17:10:00Z,33.3796,33.3958,33.3529,33.3691,16490,true
ZSMPD,2026-09-24T17:15:00Z,33.3691,33.3808,33.3395,33.3513,31825,true
ZSMPD,2026-09-24T17:20:00Z,33.3513,33.3999,33.3492,33.3978,27289,true
ZSMPD,2026-09-24T17:25:00Z,33.3978,33.4088,33.3631,33.3741,26730,true
ZSMPD,2026-09-24T17:30:00Z,33.3741,33.4602,33.3734,33.4595,18478,true
ZSMPD,2026-09-24T17:35:00Z,33.4595,33.487,33.4397,33.4672,12810,true
ZSMPD,2026-09-24T17:40:00Z,33.4672,33.4721,33.3631,33.368,27612,true
ZSMPD,2026-09-24T17:45:00Z,33.368,33.4073,33.2939,33.3332,24775,true
ZSMPD,2026-09-24T17:50:00Z,33.3332,33.417,33.3024,33.3862,22370,true
ZSMPD,2026-09-24T17:55:00Z,33.3862,33.4002,33.3673,33.3812,19089,true
ZSMPD,2026-09-24T18:00:00Z,33.3812,33.4276,33.3698,33.4162,22426,true
ZSMPD,2026-09-24T18:05:00Z,33.4162,33.4188,33.3777,33.3803,14379,true
ZSMPD,2026-09-24T18:10:00Z,33.3803,33.4075,33.341,33.3682,15583,true
ZSMPD,2026-09-24T18:15:00Z,33.3682,33.3877,33.2927,33.3122,27041,true
ZSMPD,2026-09-24T18:20:00Z,33.3122,33.3213,33.2364,33.2456,24679,true
ZSMPD,2026-09-24T18:25:00Z,33.2456,33.2495,33.212,33.2159,22602,true
ZSMPD,2026-09-24T18:30:00Z,33.2159,33.2351,33.1879,33.2071,11440,true
ZSMPD,2026-09-24T18:35:00Z,33.2071,33.2553,33.1965,33.2446,25063,true
ZSMPD,2026-09-24T18:40:00Z,33.2446,33.3202,33.205,33.2806,22228,true
ZSMPD,2026-09-24T18:45:00Z,33.2806,33.2936,33.2666,33.2795,16270,true
ZSMPD,2026-09-24T18:50:00Z,33.2795,33.3153,33.2651,33.3009,24709,true
ZSMPD,2026-09-24T18:55:00Z,33.3009,33.3054,33.2614,33.266,23796,true
ZSMPD,2026-09-24T19:00:00Z,33.266,33.3316,33.2412,33.3068,16103,true
ZSMPD,2026-09-24T19:05:00Z,33.3068,33.3838,33.2984,33.3754,38334,true
ZSMPD,2026-09-24T19:10:00Z,33.3754,33.4149,33.3648,33.4043,25271,true
ZSMPD,2026-09-24T19:15:00Z,33.4043,33.4743,33.4015,33.4715,20119,true
ZSMPD,2026-09-24T19:20:00Z,33.4715,33.4825,33.4055,33.4166,15874,true
ZSMPD,2026-09-24T19:25:00Z,33.4166,33.4609,33.3939,33.4381,25338,true
ZSMPD,2026-09-24T19:30:00Z,33.4381,33.4849,33.4082,33.455,26359,true
ZSMPD,2026-09-24T19:35:00Z,33.455,33.4562,33.4351,33.4363,25401,true
ZSMPD,2026-09-24T19:40:00Z,33.4363,33.4913,33.4043,33.4593,23008,true
ZSMPD,2026-09-24T19:45:00Z,33.4593,33.5032,33.4251,33.4691,32511,true
ZSMPD,2026-09-24T19:50:00Z,33.4691,33.5362,33.4539,33.521,58607,true
ZSMPD,2026-09-24T19:55:00Z,33.521,33.5397,33.4458,33.4645,53075,true
ZSMPE,2026-09-18T13:30:00Z,8.4066,8.4177,8.3911,8.4022,246095,true
ZSMPE,2026-09-18T13:35:00Z,8.4022,8.4153,8.3936,8.4067,103506,true
ZSMPE,2026-09-18T13:40:00Z,8.4067,8.4202,8.39,8.4036,71755,true
ZSMPE,2026-09-18T13:45:00Z,8.4036,8.4466,8.3783,8.4213,119245,true
ZSMPE,2026-09-18T13:50:00Z,8.4213,8.4438,8.3746,8.3971,115179,true
ZSMPE,2026-09-18T13:55:00Z,8.3971,8.414,8.3925,8.4094,92699,true
ZSMPE,2026-09-18T14:00:00Z,8.4094,8.4438,8.397,8.4313,71205,true
ZSMPE,2026-09-18T14:05:00Z,8.4313,8.4338,8.4074,8.4098,70127,true
ZSMPE,2026-09-18T14:10:00Z,8.4098,8.42,8.3914,8.4015,74632,true
ZSMPE,2026-09-18T14:15:00Z,8.4015,8.41,8.3986,8.407,90847,true
ZSMPE,2026-09-18T14:20:00Z,8.407,8.4155,8.4056,8.4141,77191,true
ZSMPE,2026-09-18T14:25:00Z,8.4141,8.4432,8.403,8.4321,58905,true
ZSMPE,2026-09-18T14:30:00Z,8.4321,8.4337,8.4149,8.4165,66693,true
ZSMPE,2026-09-18T14:35:00Z,8.4165,8.4281,8.4074,8.419,64539,true
ZSMPE,2026-09-18T14:40:00Z,8.419,8.4271,8.3979,8.406,72603,true
ZSMPE,2026-09-18T14:45:00Z,8.406,8.4202,8.3661,8.3803,61718,true
ZSMPE,2026-09-18T14:50:00Z,8.3803,8.3885,8.3456,8.3538,56892,true
ZSMPE,2026-09-18T14:55:00Z,8.3538,8.3847,8.3478,8.3787,51159,true
ZSMPE,2026-09-18T15:00:00Z,8.3787,8.4053,8.3714,8.3981,52273,true
ZSMPE,2026-09-18T15:05:00Z,8.3981,8.4115,8.3971,8.4105,65431,true
ZSMPE,2026-09-18T15:10:00Z,8.4105,8.4341,8.4094,8.433,74471,true
ZSMPE,2026-09-18T15:15:00Z,8.433,8.4541,8.4202,8.4414,52886,true
ZSMPE,2026-09-18T15:20:00Z,8.4414,8.4554,8.4339,8.4479,61435,true
ZSMPE,2026-09-18T15:25:00Z,8.4479,8.4851,8.4393,8.4765,80978,true
ZSMPE,2026-09-18T15:30:00Z,8.4765,8.4791,8.4751,8.4777,63108,true
ZSMPE,2026-09-18T15:35:00Z,8.4777,8.4896,8.4651,8.477,42035,true
ZSMPE,2026-09-18T15:40:00Z,8.477,8.4857,8.4685,8.4772,59761,true
ZSMPE,2026-09-18T15:45:00Z,8.4772,8.485,8.4391,8.4469,69745,true
ZSMPE,2026-09-18T15:50:00Z,8.4469,8.4628,8.4341,8.45,83511,true
ZSMPE,2026-09-18T15:55:00Z,8.45,8.4735,8.448,8.4715,51988,true
ZSMPE,2026-09-18T16:00:00Z,8.4715,8.4761,8.4316,8.4362,43724,true
ZSMPE,2026-09-18T16:05:00Z,8.4362,8.4403,8.4309,8.435,66985,true
ZSMPE,2026-09-18T16:10:00Z,8.435,8.4533,8.4221,8.4404,74723,true
ZSMPE,2026-09-18T16:15:00Z,8.4404,8.4621,8.41,8.4317,61830,true
ZSMPE,2026-09-18T16:20:00Z,8.4317,8.4355,8.4285,8.4323,56704,true
ZSMPE,2026-09-18T16:25:00Z,8.4323,8.4577,8.4279,8.4532,60284,true
ZSMPE,2026-09-18T16:30:00Z,8.4532,8.4683,8.4521,8.4672,42141,true
ZSMPE,2026-09-18T16:35:00Z,8.4672,8.4859,8.4427,8.4614,33314,true
ZSMPE,2026-09-18T16:40:00Z,8.4614,8.4841,8.4515,8.4742,72097,true
ZSMPE,2026-09-18T16:45:00Z,8.4742,8.4768,8.4606,8.4631,61622,true
ZSMPE,2026-09-18T16:50:00Z,8.4631,8.4756,8.4447,8.4571,70418,true
ZSMPE,2026-09-18T16:55:00Z,8.4571,8.4657,8.4535,8.462,112734,true
ZSMPE,2026-09-18T17:00:00Z,8.462,8.472,8.4536,8.4635,52443,true
ZSMPE,2026-09-18T17:05:00Z,8.4635,8.4937,8.451,8.4812,50790,true
ZSMPE,2026-09-18T17:10:00Z,8.4812,8.4816,8.4727,8.4731,53763,true
ZSMPE,2026-09-18T17:15:00Z,8.4731,8.4881,8.4623,8.4773,56805,true
ZSMPE,2026-09-18T17:20:00Z,8.4773,8.4904,8.4723,8.4854,62666,true
ZSMPE,2026-09-18T17:25:00Z,8.4854,8.5338,8.4736,8.522,55710,true
ZSMPE,2026-09-18T17:30:00Z,8.522,8.5483,8.5017,8.528,122060,true
ZSMPE,2026-09-18T17:35:00Z,8.528,8.5428,8.5026,8.5174,75854,true
ZSMPE,2026-09-18T17:40:00Z,8.5174,8.5392,8.506,8.5278,53447,true
ZSMPE,2026-09-18T17:45:00Z,8.5278,8.5284,8.5043,8.5049,40116,true
ZSMPE,2026-09-18T17:50:00Z,8.5049,8.525,8.4995,8.5196,67893,true
ZSMPE,2026-09-18T17:55:00Z,8.5196,8.5249,8.5182,8.5235,43719,true
ZSMPE,2026-09-18T18:00:00Z,8.5235,8.5298,8.5203,8.5266,71610,true
ZSMPE,2026-09-18T18:05:00Z,8.5266,8.5309,8.5214,8.5257,58146,true
ZSMPE,2026-09-18T18:10:00Z,8.5257,8.5298,8.5221,8.5263,82397,true
ZSMPE,2026-09-18T18:15:00Z,8.5263,8.5621,8.5141,8.5499,80008,true
ZSMPE,2026-09-18T18:20:00Z,8.5499,8.5625,8.5242,8.5368,62129,true
ZSMPE,2026-09-18T18:25:00Z,8.5368,8.5421,8.5229,8.5281,42911,true
ZSMPE,2026-09-18T18:30:00Z,8.5281,8.562,8.5083,8.5422,66766,true
ZSMPE,2026-09-18T18:35:00Z,8.5422,8.5619,8.5369,8.5565,58716,true
ZSMPE,2026-09-18T18:40:00Z,8.5565,8.585,8.5441,8.5725,68634,true
ZSMPE,2026-09-18T18:45:00Z,8.5725,8.5879,8.5695,8.585,60454,true
ZSMPE,2026-09-18T18:50:00Z,8.585,8.5917,8.5836,8.5904,61804,true
ZSMPE,2026-09-18T18:55:00Z,8.5904,8.6042,8.5826,8.5964,54235,true
ZSMPE,2026-09-18T19:00:00Z,8.5964,8.6137,8.5901,8.6074,49782,true
ZSMPE,2026-09-18T19:05:00Z,8.6074,8.6333,8.599,8.6249,62415,true
ZSMPE,2026-09-18T19:10:00Z,8.6249,8.6503,8.6211,8.6465,106603,true
ZSMPE,2026-09-18T19:15:00Z,8.6465,8.6754,8.6436,8.6725,88383,true
ZSMPE,2026-09-18T19:20:00Z,8.6725,8.6742,8.662,8.6637,79255,true
ZSMPE,2026-09-18T19:25:00Z,8.6637,8.668,8.6582,8.6626,82379,true
ZSMPE,2026-09-18T19:30:00Z,8.6626,8.6686,8.6179,8.6239,82331,true
ZSMPE,2026-09-18T19:35:00Z,8.6239,8.6247,8.6228,8.6235,113021,true
ZSMPE,2026-09-18T19:40:00Z,8.6235,8.6255,8.6115,8.6135,152603,true
ZSMPE,2026-09-18T19:45:00Z,8.6135,8.624,8.6117,8.6222,96017,true
ZSMPE,2026-09-18T19:50:00Z,8.6222,8.623,8.612,8.6128,72833,true
ZSMPE,2026-09-18T19:55:00Z,8.6128,8.6405,8.6059,8.6336,97375,true
ZSMPE,2026-09-21T13:30:00Z,8.6336,8.6443,8.6308,8.6414,180438,true
ZSMPE,2026-09-21T13:35:00Z,8.6414,8.6459,8.6265,8.631,144544,true
ZSMPE,2026-09-21T13:40:00Z,8.631,8.6463,8.6192,8.6345,92136,true
ZSMPE,2026-09-21T13:45:00Z,8.6345,8.6503,8.6256,8.6414,118667,true
ZSMPE,2026-09-21T13:50:00Z,8.6414,8.6415,8.6343,8.6344,123558,true
ZSMPE,2026-09-21T13:55:00Z,8.6344,8.65,8.6273,8.6429,119417,true
ZSMPE,2026-09-21T14:00:00Z,8.6429,8.6587,8.6341,8.6499,77177,true
ZSMPE,2026-09-21T14:05:00Z,8.6499,8.6555,8.6405,8.6461,157443,true
ZSMPE,2026-09-21T14:10:00Z,8.6461,8.6681,8.6359,8.6578,92730,true
ZSMPE,2026-09-21T14:15:00Z,8.6578,8.6591,8.638,8.6393,66735,true
ZSMPE,2026-09-21T14:20:00Z,8.6393,8.6662,8.6369,8.6638,68279,true
ZSMPE,2026-09-21T14:25:00Z,8.6638,8.6663,8.646,8.6486,70129,true
ZSMPE,2026-09-21T14:30:00Z,8.6486,8.6575,8.6485,8.6573,68650,true
ZSMPE,2026-09-21T14:35:00Z,8.6573,8.6792,8.6469,8.6688,71354,true
ZSMPE,2026-09-21T14:40:00Z,8.6688,8.6718,8.6594,8.6624,55531,true
ZSMPE,2026-09-21T14:45:00Z,8.6624,8.6737,8.6527,8.664,60321,true
ZSMPE,2026-09-21T14:50:00Z,8.664,8.6794,8.6309,8.6464,46573,true
ZSMPE,2026-09-21T14:55:00Z,8.6464,8.6682,8.6331,8.6549,43604,true
ZSMPE,2026-09-21T15:00:00Z,8.6549,8.672,8.6496,8.6667,46264,true
ZSMPE,2026-09-21T15:05:00Z,8.6667,8.6791,8.6201,8.6324,56548,true
ZSMPE,2026-09-21T15:10:00Z,8.6324,8.6533,8.6033,8.6241,62949,true
ZSMPE,2026-09-21T15:15:00Z,8.6241,8.6284,8.5923,8.5966,82530,true
ZSMPE,2026-09-21T15:20:00Z,8.5966,8.6296,8.5843,8.6174,66193,true
ZSMPE,2026-09-21T15:25:00Z,8.6174,8.6211,8.6113,8.6151,86960,true
ZSMPE,2026-09-21T15:30:00Z,8.6151,8.6232,8.584,8.5921,41352,true
ZSMPE,2026-09-21T15:35:00Z,8.5921,8.6012,8.5813,8.5904,45685,true
ZSMPE,2026-09-21T15:40:00Z,8.5904,8.5911,8.586,8.5866,70539,true
ZSMPE,2026-09-21T15:45:00Z,8.5866,8.5873,8.5657,8.5664,56939,true
ZSMPE,2026-09-21T15:50:00Z,8.5664,8.5742,8.539,8.5468,51613,true
ZSMPE,2026-09-21T15:55:00Z,8.5468,8.5625,8.5256,8.5414,66366,true
ZSMPE,2026-09-21T16:00:00Z,8.5414,8.5562,8.5221,8.537,31067,true
ZSMPE,2026-09-21T16:05:00Z,8.537,8.5457,8.5364,8.5451,63505,true
ZSMPE,2026-09-21T16:10:00Z,8.5451,8.5494,8.5422,8.5465,36436,true
ZSMPE,2026-09-21T16:15:00Z,8.5465,8.5513,8.5156,8.5203,57618,true
ZSMPE,2026-09-21T16:20:00Z,8.5203,8.5313,8.4971,8.508,102295,true
ZSMPE,2026-09-21T16:25:00Z,8.508,8.5131,8.5033,8.5083,47420,true
ZSMPE,2026-09-21T16:30:00Z,8.5083,8.5248,8.5073,8.5239,80611,true
ZSMPE,2026-09-21T16:35:00Z,8.5239,8.5518,8.5176,8.5455,43274,true
ZSMPE,2026-09-21T16:40:00Z,8.5455,8.5547,8.5441,8.5534,74289,true
ZSMPE,2026-09-21T16:45:00Z,8.5534,8.5687,8.5467,8.562,50061,true
ZSMPE,2026-09-21T16:50:00Z,8.562,8.5644,8.5385,8.5408,51492,true
ZSMPE,2026-09-21T16:55:00Z,8.5408,8.556,8.5282,8.5434,57946,true
ZSMPE,2026-09-21T17:00:00Z,8.5434,8.5447,8.5312,8.5326,50114,true
ZSMPE,2026-09-21T17:05:00Z,8.5326,8.5755,8.5166,8.5594,84217,true
ZSMPE,2026-09-21T17:10:00Z,8.5594,8.5675,8.5327,8.5408,53532,true
ZSMPE,2026-09-21T17:15:00Z,8.5408,8.5512,8.5222,8.5326,96804,true
ZSMPE,2026-09-21T17:20:00Z,8.5326,8.5522,8.5024,8.522,50669,true
ZSMPE,2026-09-21T17:25:00Z,8.522,8.5304,8.5187,8.5271,75594,true
ZSMPE,2026-09-21T17:30:00Z,8.5271,8.5396,8.5122,8.5247,90330,true
ZSMPE,2026-09-21T17:35:00Z,8.5247,8.5263,8.52,8.5216,48785,true
ZSMPE,2026-09-21T17:40:00Z,8.5216,8.5347,8.5176,8.5307,69565,true
ZSMPE,2026-09-21T17:45:00Z,8.5307,8.5379,8.53,8.5371,33426,true
ZSMPE,2026-09-21T17:50:00Z,8.5371,8.5752,8.534,8.5721,62242,true
ZSMPE,2026-09-21T17:55:00Z,8.5721,8.5807,8.5535,8.5621,42382,true
ZSMPE,2026-09-21T18:00:00Z,8.5621,8.5898,8.5605,8.5882,83000,true
ZSMPE,2026-09-21T18:05:00Z,8.5882,8.59,8.5617,8.5635,75020,true
ZSMPE,2026-09-21T18:10:00Z,8.5635,8.5714,8.5332,8.5411,47660,true
ZSMPE,2026-09-21T18:15:00Z,8.5411,8.565,8.5396,8.5634,58582,true
ZSMPE,2026-09-21T18:20:00Z,8.5634,8.5654,8.5588,8.5608,60775,true
ZSMPE,2026-09-21T18:25:00Z,8.5608,8.5609,8.5478,8.5479,87092,true
ZSMPE,2026-09-21T18:30:00Z,8.5479,8.5627,8.5393,8.5541,42046,true
ZSMPE,2026-09-21T18:35:00Z,8.5541,8.595,8.5453,8.5862,65207,true
ZSMPE,2026-09-21T18:40:00Z,8.5862,8.5984,8.5718,8.584,71199,true
ZSMPE,2026-09-21T18:45:00Z,8.584,8.5936,8.5556,8.5652,77809,true
ZSMPE,2026-09-21T18:50:00Z,8.5652,8.5683,8.5569,8.5601,49885,true
ZSMPE,2026-09-21T18:55:00Z,8.5601,8.5755,8.5302,8.5456,134500,true
ZSMPE,2026-09-21T19:00:00Z,8.5456,8.5461,8.5204,8.5208,77693,true
ZSMPE,2026-09-21T19:05:00Z,8.5208,8.5268,8.5032,8.5092,98463,true
ZSMPE,2026-09-21T19:10:00Z,8.5092,8.5111,8.4934,8.4953,67069,true
ZSMPE,2026-09-21T19:15:00Z,8.4953,8.4964,8.4604,8.4615,45952,true
ZSMPE,2026-09-21T19:20:00Z,8.4615,8.4688,8.4199,8.4272,82030,true
ZSMPE,2026-09-21T19:25:00Z,8.4272,8.4364,8.4115,8.4207,155921,true
ZSMPE,2026-09-21T19:30:00Z,8.4207,8.4433,8.4183,8.4409,65138,true
ZSMPE,2026-09-21T19:35:00Z,8.4409,8.4763,8.4286,8.4639,92994,true
ZSMPE,2026-09-21T19:40:00Z,8.4639,8.4711,8.459,8.4662,60760,true
ZSMPE,2026-09-21T19:45:00Z,8.4662,8.477,8.4232,8.434,91908,true
ZSMPE,2026-09-21T19:50:00Z,8.434,8.447,8.4294,8.4424,116666,true
ZSMPE,2026-09-21T19:55:00Z,8.4424,8.4463,8.4141,8.4181,140320,true
ZSMPE,2026-09-22T13:30:00Z,8.4181,8.4231,8.3723,8.3772,214074,true
ZSMPE,2026-09-22T13:35:00Z,8.3772,8.3978,8.3564,8.3771,98168,true
ZSMPE,2026-09-22T13:40:00Z,8.3771,8.3811,8.3676,8.3716,207066,true
ZSMPE,2026-09-22T13:45:00Z,8.3716,8.3833,8.357,8.3686,100203,true
ZSMPE,2026-09-22T13:50:00Z,8.3686,8.375,8.3633,8.3697,83434,true
ZSMPE,2026-09-22T13:55:00Z,8.3697,8.3845,8.3627,8.3775,70550,true
ZSMPE,2026-09-22T14:00:00Z,8.3775,8.3841,8.3611,8.3677,102289,true
ZSMPE,2026-09-22T14:05:00Z,8.3677,8.3875,8.3542,8.374,87303,true
ZSMPE,2026-09-22T14:10:00Z,8.374,8.4151,8.3609,8.4021,90768,true
ZSMPE,2026-09-22T14:15:00Z,8.4021,8.4158,8.3898,8.4035,82662,true
ZSMPE,2026-09-22T14:20:00Z,8.4035,8.4084,8.3948,8.3996,83903,true
ZSMPE,2026-09-22T14:25:00Z,8.3996,8.4115,8.3937,8.4056,51671,true
ZSMPE,2026-09-22T14:30:00Z,8.4056,8.424,8.3884,8.4068,57087,true
ZSMPE,2026-09-22T14:35:00Z,8.4068,8.4101,8.4038,8.4072,69324,true
ZSMPE,2026-09-22T14:40:00Z,8.4072,8.4094,8.3954,8.3976,55363,true
ZSMPE,2026-09-22T14:45:00Z,8.3976,8.4031,8.3683,8.3738,39369,true
ZSMPE,2026-09-22T14:50:00Z,8.3738,8.3977,8.3616,8.3855,45261,true
ZSMPE,2026-09-22T14:55:00Z,8.3855,8.3928,8.3572,8.3646,81366,true
ZSMPE,2026-09-22T15:00:00Z,8.3646,8.3675,8.3637,8.3666,64796,true
ZSMPE,2026-09-22T15:05:00Z,8.3666,8.3694,8.3497,8.3525,43623,true
ZSMPE,2026-09-22T15:10:00Z,8.3525,8.3708,8.3459,8.3642,74648,true
ZSMPE,2026-09-22T15:15:00Z,8.3642,8.3853,8.3609,8.3821,46717,true
ZSMPE,2026-09-22T15:20:00Z,8.3821,8.4024,8.3748,8.3951,58729,true
ZSMPE,2026-09-22T15:25:00Z,8.3951,8.4062,8.3744,8.3855,60594,true
ZSMPE,2026-09-22T15:30:00Z,8.3855,8.3906,8.385,8.3901,71979,true
ZSMPE,2026-09-22T15:35:00Z,8.3901,8.4108,8.3887,8.4095,69739,true
ZSMPE,2026-09-22T15:40:00Z,8.4095,8.4129,8.3982,8.4016,72406,true
ZSMPE,2026-09-22T15:45:00Z,8.4016,8.4431,8.3662,8.4077,73171,true
ZSMPE,2026-09-22T15:50:00Z,8.4077,8.411,8.3843,8.3876,61332,true
ZSMPE,2026-09-22T15:55:00Z,8.3876,8.3898,8.3776,8.3798,112588,true
ZSMPE,2026-09-22T16:00:00Z,8.3798,8.3977,8.3732,8.3911,51534,true
ZSMPE,2026-09-22T16:05:00Z,8.3911,8.3925,8.3845,8.3859,66652,true
ZSMPE,2026-09-22T16:10:00Z,8.3859,8.3881,8.3812,8.3834,41377,true
ZSMPE,2026-09-22T16:15:00Z,8.3834,8.4121,8.3828,8.4115,52747,true
ZSMPE,2026-09-22T16:20:00Z,8.4115,8.4191,8.4044,8.412,65566,true
ZSMPE,2026-09-22T16:25:00Z,8.412,8.4227,8.411,8.4217,40114,true
ZSMPE,2026-09-22T16:30:00Z,8.4217,8.4349,8.4162,8.4295,68460,true
ZSMPE,2026-09-22T16:35:00Z,8.4295,8.4605,8.4194,8.4505,44198,true
ZSMPE,2026-09-22T16:40:00Z,8.4505,8.4592,8.45,8.4588,72621,true
ZSMPE,2026-09-22T16:45:00Z,8.4588,8.4631,8.4543,8.4586,59709,true
ZSMPE,2026-09-22T16:50:00Z,8.4586,8.4833,8.447,8.4717,56376,true
ZSMPE,2026-09-22T16:55:00Z,8.4717,8.4733,8.427,8.4286,78846,true
ZSMPE,2026-09-22T17:00:00Z,8.4286,8.447,8.3748,8.3932,48295,true
ZSMPE,2026-09-22T17:05:00Z,8.3932,8.3953,8.3816,8.3837,48573,true
ZSMPE,2026-09-22T17:10:00Z,8.3837,8.3844,8.3834,8.3841,50564,true
ZSMPE,2026-09-22T17:15:00Z,8.3841,8.4063,8.3791,8.4013,63050,true
ZSMPE,2026-09-22T17:20:00Z,8.4013,8.426,8.3874,8.4122,58739,true
ZSMPE,2026-09-22T17:25:00Z,8.4122,8.4392,8.3932,8.4202,45679,true
ZSMPE,2026-09-22T17:30:00Z,8.4202,8.4388,8.4193,8.438,70242,true
ZSMPE,2026-09-22T17:35:00Z,8.438,8.4451,8.4339,8.441,108296,true
ZSMPE,2026-09-22T17:40:00Z,8.441,8.4493,8.4307,8.4391,88381,true
ZSMPE,2026-09-22T17:45:00Z,8.4391,8.4407,8.4376,8.4392,59660,true
ZSMPE,2026-09-22T17:50:00Z,8.4392,8.4555,8.429,8.4453,34943,true
ZSMPE,2026-09-22T17:55:00Z,8.4453,8.4509,8.4396,8.4452,47339,true
ZSMPE,2026-09-22T18:00:00Z,8.4452,8.4489,8.4415,8.4451,55918,true
ZSMPE,2026-09-22T18:05:00Z,8.4451,8.4544,8.419,8.4283,68786,true
ZSMPE,2026-09-22T18:10:00Z,8.4283,8.4338,8.42,8.4254,52702,true
ZSMPE,2026-09-22T18:15:00Z,8.4254,8.4297,8.42,8.4244,61967,true
ZSMPE,2026-09-22T18:20:00Z,8.4244,8.4284,8.4155,8.4195,93413,true
ZSMPE,2026-09-22T18:25:00Z,8.4195,8.44,8.4144,8.4349,77319,true
ZSMPE,2026-09-22T18:30:00Z,8.4349,8.44,8.4283,8.4334,42811,true
ZSMPE,2026-09-22T18:35:00Z,8.4334,8.4506,8.4266,8.4438,69780,true
ZSMPE,2026-09-22T18:40:00Z,8.4438,8.4561,8.4216,8.4339,56627,true
ZSMPE,2026-09-22T18:45:00Z,8.4339,8.4767,8.4115,8.4543,55448,true
ZSMPE,2026-09-22T18:50:00Z,8.4543,8.464,8.4249,8.4346,105991,true
ZSMPE,2026-09-22T18:55:00Z,8.4346,8.4458,8.4179,8.4291,39254,true
ZSMPE,2026-09-22T19:00:00Z,8.4291,8.4338,8.4247,8.4294,70489,true
ZSMPE,2026-09-22T19:05:00Z,8.4294,8.4482,8.4218,8.4406,72529,true
ZSMPE,2026-09-22T19:10:00Z,8.4406,8.4598,8.4048,8.424,70364,true
ZSMPE,2026-09-22T19:15:00Z,8.424,8.4688,8.411,8.4558,78219,true
ZSMPE,2026-09-22T19:20:00Z,8.4558,8.4568,8.4407,8.4417,101902,true
ZSMPE,2026-09-22T19:25:00Z,8.4417,8.4466,8.4289,8.4339,77078,true
ZSMPE,2026-09-22T19:30:00Z,8.4339,8.4344,8.426,8.4265,105045,true
ZSMPE,2026-09-22T19:35:00Z,8.4265,8.4316,8.4016,8.4067,101540,true
ZSMPE,2026-09-22T19:40:00Z,8.4067,8.4265,8.3984,8.4182,118767,true
ZSMPE,2026-09-22T19:45:00Z,8.4182,8.4279,8.3946,8.4043,85198,true
ZSMPE,2026-09-22T19:50:00Z,8.4043,8.4186,8.4003,8.4146,77533,true
ZSMPE,2026-09-22T19:55:00Z,8.4146,8.4159,8.4011,8.4024,162820,true
ZSMPE,2026-09-23T13:30:00Z,8.4024,8.4031,8.3785,8.3791,217216,true
ZSMPE,2026-09-23T13:35:00Z,8.3791,8.3942,8.3747,8.3898,159418,true
ZSMPE,2026-09-23T13:40:00Z,8.3898,8.394,8.3742,8.3784,155902,true
ZSMPE,2026-09-23T13:45:00Z,8.3784,8.3825,8.3575,8.3616,119527,true
ZSMPE,2026-09-23T13:50:00Z,8.3616,8.3659,8.3464,8.3507,111021,true
ZSMPE,2026-09-23T13:55:00Z,8.3507,8.3759,8.3444,8.3696,103999,true
ZSMPE,2026-09-23T14:00:00Z,8.3696,8.3706,8.3448,8.3458,105934,true
ZSMPE,2026-09-23T14:05:00Z,8.3458,8.3483,8.3173,8.3198,77825,true
ZSMPE,2026-09-23T14:10:00Z,8.3198,8.3502,8.3148,8.3451,96604,true
ZSMPE,2026-09-23T14:15:00Z,8.3451,8.3535,8.3057,8.3141,75589,true
ZSMPE,2026-09-23T14:20:00Z,8.3141,8.3189,8.2984,8.3032,54863,true
ZSMPE,2026-09-23T14:25:00Z,8.3032,8.3109,8.2845,8.2922,77772,true
ZSMPE,2026-09-23T14:30:00Z,8.2922,8.2988,8.2602,8.2667,88607,true
ZSMPE,2026-09-23T14:35:00Z,8.2667,8.2752,8.2613,8.2698,90582,true
ZSMPE,2026-09-23T14:40:00Z,8.2698,8.2743,8.2628,8.2673,83415,true
ZSMPE,2026-09-23T14:45:00Z,8.2673,8.2678,8.2364,8.2369,76956,true
ZSMPE,2026-09-23T14:50:00Z,8.2369,8.2418,8.2181,8.223,73330,true
ZSMPE,2026-09-23T14:55:00Z,8.223,8.2254,8.1987,8.2011,68380,true
ZSMPE,2026-09-23T15:00:00Z,8.2011,8.2087,8.1889,8.1965,49117,true
ZSMPE,2026-09-23T15:05:00Z,8.1965,8.2077,8.1628,8.174,66613,true
ZSMPE,2026-09-23T15:10:00Z,8.174,8.1831,8.1728,8.1819,44601,true
ZSMPE,2026-09-23T15:15:00Z,8.1819,8.2094,8.1759,8.2034,59536,true
ZSMPE,2026-09-23T15:20:00Z,8.2034,8.213,8.2031,8.2126,48589,true
ZSMPE,2026-09-23T15:25:00Z,8.2126,8.2347,8.1997,8.2218,81592,true
ZSMPE,2026-09-23T15:30:00Z,8.2218,8.2536,8.2112,8.243,70559,true
ZSMPE,2026-09-23T15:35:00Z,8.243,8.2605,8.2395,8.257,70241,true
ZSMPE,2026-09-23T15:40:00Z,8.257,8.2652,8.2178,8.226,56588,true
ZSMPE,2026-09-23T15:45:00Z,8.226,8.2454,8.2039,8.2232,75522,true
ZSMPE,2026-09-23T15:50:00Z,8.2232,8.2245,8.213,8.2143,55437,true
ZSMPE,2026-09-23T15:55:00Z,8.2143,8.2325,8.1669,8.1852,48742,true
ZSMPE,2026-09-23T16:00:00Z,8.1852,8.1931,8.1652,8.1732,66891,true
ZSMPE,2026-09-23T16:05:00Z,8.1732,8.1969,8.1584,8.1821,46800,true
ZSMPE,2026-09-23T16:10:00Z,8.1821,8.2109,8.1746,8.2034,75028,true
ZSMPE,2026-09-23T16:15:00Z,8.2034,8.2084,8.184,8.189,42865,true
ZSMPE,2026-09-23T16:20:00Z,8.189,8.2042,8.1829,8.1981,49580,true
ZSMPE,2026-09-23T16:25:00Z,8.1981,8.2237,8.1824,8.208,55747,true
ZSMPE,2026-09-23T16:30:00Z,8.208,8.2154,8.1993,8.2066,87132,true
ZSMPE,2026-09-23T16:35:00Z,8.2066,8.2382,8.198,8.2296,82442,true
ZSMPE,2026-09-23T16:40:00Z,8.2296,8.2463,8.2039,8.2206,51807,true
ZSMPE,2026-09-23T16:45:00Z,8.2206,8.2307,8.2051,8.2152,62045,true
ZSMPE,2026-09-23T16:50:00Z,8.2152,8.2384,8.184,8.2073,43649,true
ZSMPE,2026-09-23T16:55:00Z,8.2073,8.2246,8.1743,8.1916,49888,true
ZSMPE,2026-09-23T17:00:00Z,8.1916,8.211,8.1796,8.199,53687,true
ZSMPE,2026-09-23T17:05:00Z,8.199,8.2088,8.188,8.1978,39662,true
ZSMPE,2026-09-23T17:10:00Z,8.1978,8.215,8.1948,8.2119,77303,true
ZSMPE,2026-09-23T17:15:00Z,8.2119,8.2553,8.2058,8.2492,82431,true
ZSMPE,2026-09-23T17:20:00Z,8.2492,8.2513,8.2092,8.2113,45270,true
ZSMPE,2026-09-23T17:25:00Z,8.2113,8.2264,8.2051,8.2202,50073,true
ZSMPE,2026-09-23T17:30:00Z,8.2202,8.2447,8.2097,8.2342,63398,true
ZSMPE,2026-09-23T17:35:00Z,8.2342,8.2609,8.2226,8.2493,68592,true
ZSMPE,2026-09-23T17:40:00Z,8.2493,8.2827,8.2452,8.2787,53297,true
ZSMPE,2026-09-23T17:45:00Z,8.2787,8.2829,8.2435,8.2478,65906,true
ZSMPE,2026-09-23T17:50:00Z,8.2478,8.2529,8.2473,8.2524,47905,true
ZSMPE,2026-09-23T17:55:00Z,8.2524,8.2537,8.2516,8.2529,62107,true
ZSMPE,2026-09-23T18:00:00Z,8.2529,8.27,8.2418,8.259,62401,true
ZSMPE,2026-09-23T18:05:00Z,8.259,8.2652,8.224,8.2302,69857,true
ZSMPE,2026-09-23T18:10:00Z,8.2302,8.2755,8.2227,8.268,63534,true
ZSMPE,2026-09-23T18:15:00Z,8.268,8.2913,8.2539,8.2772,56027,true
ZSMPE,2026-09-23T18:20:00Z,8.2772,8.2867,8.2643,8.2738,56701,true
ZSMPE,2026-09-23T18:25:00Z,8.2738,8.2822,8.2608,8.2693,78897,true
ZSMPE,2026-09-23T18:30:00Z,8.2693,8.2724,8.2441,8.2472,84280,true
ZSMPE,2026-09-23T18:35:00Z,8.2472,8.2495,8.2402,8.2426,108007,true
ZSMPE,2026-09-23T18:40:00Z,8.2426,8.2496,8.2383,8.2453,98854,true
ZSMPE,2026-09-23T18:45:00Z,8.2453,8.2501,8.2258,8.2306,83615,true
ZSMPE,2026-09-23T18:50:00Z,8.2306,8.2355,8.2146,8.2195,68354,true
ZSMPE,2026-09-23T18:55:00Z,8.2195,8.236,8.211,8.2276,55749,true
ZSMPE,2026-09-23T19:00:00Z,8.2276,8.2448,8.2058,8.2231,94549,true
ZSMPE,2026-09-23T19:05:00Z,8.2231,8.2422,8.217,8.2361,97213,true
ZSMPE,2026-09-23T19:10:00Z,8.2361,8.2363,8.2283,8.2284,82342,true
ZSMPE,2026-09-23T19:15:00Z,8.2284,8.2738,8.2236,8.2689,72154,true
ZSMPE,2026-09-23T19:20:00Z,8.2689,8.292,8.261,8.2841,55470,true
ZSMPE,2026-09-23T19:25:00Z,8.2841,8.3246,8.2702,8.3108,72741,true
ZSMPE,2026-09-23T19:30:00Z,8.3108,8.3491,8.3034,8.3418,73630,true
ZSMPE,2026-09-23T19:35:00Z,8.3418,8.3537,8.3311,8.343,75327,true
ZSMPE,2026-09-23T19:40:00Z,8.343,8.3739,8.3256,8.3565,83550,true
ZSMPE,2026-09-23T19:45:00Z,8.3565,8.3611,8.3507,8.3553,82337,true
ZSMPE,2026-09-23T19:50:00Z,8.3553,8.3962,8.3531,8.3941,157508,true
ZSMPE,2026-09-23T19:55:00Z,8.3941,8.3974,8.386,8.3893,118106,true
ZSMPE,2026-09-24T13:30:00Z,8.3893,8.3993,8.3824,8.3923,127298,true
ZSMPE,2026-09-24T13:35:00Z,8.3923,8.4003,8.3753,8.3833,132817,true
ZSMPE,2026-09-24T13:40:00Z,8.3833,8.3884,8.3762,8.3813,151918,true
ZSMPE,2026-09-24T13:45:00Z,8.3813,8.3917,8.3457,8.3561,114468,true
ZSMPE,2026-09-24T13:50:00Z,8.3561,8.3713,8.3191,8.3343,77340,true
ZSMPE,2026-09-24T13:55:00Z,8.3343,8.3373,8.3217,8.3247,152477,true
ZSMPE,2026-09-24T14:00:00Z,8.3247,8.3356,8.2914,8.3023,97001,true
ZSMPE,2026-09-24T14:05:00Z,8.3023,8.3169,8.2798,8.2945,95975,true
ZSMPE,2026-09-24T14:10:00Z,8.2945,8.2995,8.2903,8.2954,82025,true
ZSMPE,2026-09-24T14:15:00Z,8.2954,8.3042,8.2736,8.2823,89800,true
ZSMPE,2026-09-24T14:20:00Z,8.2823,8.3113,8.2649,8.2938,78051,true
ZSMPE,2026-09-24T14:25:00Z,8.2938,8.3228,8.2831,8.3121,82569,true
ZSMPE,2026-09-24T14:30:00Z,8.3121,8.3309,8.3027,8.3215,70927,true
ZSMPE,2026-09-24T14:35:00Z,8.3215,8.3398,8.3083,8.3265,62534,true
ZSMPE,2026-09-24T14:40:00Z,8.3265,8.3334,8.3206,8.3275,62559,true
ZSMPE,2026-09-24T14:45:00Z,8.3275,8.3601,8.3255,8.3582,62435,true
ZSMPE,2026-09-24T14:50:00Z,8.3582,8.3828,8.3562,8.3808,70575,true
ZSMPE,2026-09-24T14:55:00Z,8.3808,8.3821,8.3548,8.3561,49555,true
ZSMPE,2026-09-24T15:00:00Z,8.3561,8.3648,8.3462,8.355,81681,true
ZSMPE,2026-09-24T15:05:00Z,8.355,8.3786,8.3276,8.3513,86411,true
ZSMPE,2026-09-24T15:10:00Z,8.3513,8.3514,8.3316,8.3317,47367,true
ZSMPE,2026-09-24T15:15:00Z,8.3317,8.3359,8.3296,8.3338,77269,true
ZSMPE,2026-09-24T15:20:00Z,8.3338,8.3389,8.3257,8.3308,60642,true
ZSMPE,2026-09-24T15:25:00Z,8.3308,8.3495,8.3225,8.3412,42475,true
ZSMPE,2026-09-24T15:30:00Z,8.3412,8.3439,8.3258,8.3285,46005,true
ZSMPE,2026-09-24T15:35:00Z,8.3285,8.3507,8.3236,8.3458,76586,true
ZSMPE,2026-09-24T15:40:00Z,8.3458,8.3466,8.3324,8.3332,48509,true
ZSMPE,2026-09-24T15:45:00Z,8.3332,8.3419,8.3169,8.3256,64894,true
ZSMPE,2026-09-24T15:50:00Z,8.3256,8.3481,8.3019,8.3244,126375,true
ZSMPE,2026-09-24T15:55:00Z,8.3244,8.3325,8.3238,8.3319,69497,true
ZSMPE,2026-09-24T16:00:00Z,8.3319,8.3396,8.3139,8.3215,51442,true
ZSMPE,2026-09-24T16:05:00Z,8.3215,8.3467,8.3145,8.3397,66848,true
ZSMPE,2026-09-24T16:10:00Z,8.3397,8.3467,8.3064,8.3134,57884,true
ZSMPE,2026-09-24T16:15:00Z,8.3134,8.3507,8.3089,8.3462,60430,true
ZSMPE,2026-09-24T16:20:00Z,8.3462,8.3612,8.3117,8.3267,36226,true
ZSMPE,2026-09-24T16:25:00Z,8.3267,8.3302,8.2814,8.285,60981,true
ZSMPE,2026-09-24T16:30:00Z,8.285,8.2959,8.2764,8.2874,59999,true
ZSMPE,2026-09-24T16:35:00Z,8.2874,8.3315,8.282,8.3261,65941,true
ZSMPE,2026-09-24T16:40:00Z,8.3261,8.3406,8.3175,8.332,55533,true
ZSMPE,2026-09-24T16:45:00Z,8.332,8.3596,8.3259,8.3535,60732,true
ZSMPE,2026-09-24T16:50:00Z,8.3535,8.3741,8.3463,8.3669,52841,true
ZSMPE,2026-09-24T16:55:00Z,8.3669,8.3714,8.3658,8.3703,52406,true
ZSMPE,2026-09-24T17:00:00Z,8.3703,8.383,8.3401,8.3528,69868,true
ZSMPE,2026-09-24T17:05:00Z,8.3528,8.3916,8.3496,8.3883,63490,true
ZSMPE,2026-09-24T17:10:00Z,8.3883,8.3999,8.3877,8.3993,64393,true
ZSMPE,2026-09-24T17:15:00Z,8.3993,8.4039,8.3957,8.4003,48933,true
ZSMPE,2026-09-24T17:20:00Z,8.4003,8.4064,8.3854,8.3915,63030,true
ZSMPE,2026-09-24T17:25:00Z,8.3915,8.3958,8.3869,8.3912,56787,true
ZSMPE,2026-09-24T17:30:00Z,8.3912,8.4001,8.3905,8.3994,79606,true
ZSMPE,2026-09-24T17:35:00Z,8.3994,8.4063,8.3927,8.3996,76522,true
ZSMPE,2026-09-24T17:40:00Z,8.3996,8.4096,8.3919,8.4019,65091,true
ZSMPE,2026-09-24T17:45:00Z,8.4019,8.4058,8.3803,8.3842,104196,true
ZSMPE,2026-09-24T17:50:00Z,8.3842,8.3943,8.3795,8.3896,52013,true
ZSMPE,2026-09-24T17:55:00Z,8.3896,8.4058,8.3508,8.367,41392,true
ZSMPE,2026-09-24T18:00:00Z,8.367,8.3722,8.3554,8.3606,56214,true
ZSMPE,2026-09-24T18:05:00Z,8.3606,8.3806,8.3551,8.375,46972,true
ZSMPE,2026-09-24T18:10:00Z,8.375,8.3777,8.3241,8.3267,69836,true
ZSMPE,2026-09-24T18:15:00Z,8.3267,8.3363,8.3242,8.3338,46194,true
ZSMPE,2026-09-24T18:20:00Z,8.3338,8.3581,8.3238,8.3482,72409,true
ZSMPE,2026-09-24T18:25:00Z,8.3482,8.3643,8.3458,8.3619,74006,true
ZSMPE,2026-09-24T18:30:00Z,8.3619,8.3825,8.3291,8.3496,60286,true
ZSMPE,2026-09-24T18:35:00Z,8.3496,8.3686,8.3066,8.3255,40488,true
ZSMPE,2026-09-24T18:40:00Z,8.3255,8.3455,8.325,8.3449,60936,true
ZSMPE,2026-09-24T18:45:00Z,8.3449,8.3544,8.3376,8.3471,111926,true
ZSMPE,2026-09-24T18:50:00Z,8.3471,8.3574,8.3424,8.3527,53748,true
ZSMPE,2026-09-24T18:55:00Z,8.3527,8.3678,8.3275,8.3426,80151,true
ZSMPE,2026-09-24T19:00:00Z,8.3426,8.3499,8.3416,8.3488,71232,true
ZSMPE,2026-09-24T19:05:00Z,8.3488,8.3537,8.3339,8.3388,66990,true
ZSMPE,2026-09-24T19:10:00Z,8.3388,8.3467,8.3041,8.3119,65700,true
ZSMPE,2026-09-24T19:15:00Z,8.3119,8.3788,8.2959,8.3627,84634,true
ZSMPE,2026-09-24T19:20:00Z,8.3627,8.3727,8.3431,8.3531,73562,true
ZSMPE,2026-09-24T19:25:00Z,8.3531,8.3814,8.3303,8.3585,74975,true
ZSMPE,2026-09-24T19:30:00Z,8.3585,8.3642,8.3554,8.3611,83028,true
ZSMPE,2026-09-24T19:35:00Z,8.3611,8.377,8.3529,8.3689,140646,true
ZSMPE,2026-09-24T19:40:00Z,8.3689,8.4119,8.3646,8.4077,118914,true
ZSMPE,2026-09-24T19:45:00Z,8.4077,8.4252,8.4046,8.4221,139864,true
ZSMPE,2026-09-24T19:50:00Z,8.4221,8.4332,8.422,8.433,126630,true
ZSMPE,2026-09-24T19:55:00Z,8.433,8.4471,8.4326,8.4466,118791,true
ZSMPF,2026-09-17T15:00:00Z,68.9032,68.9299,68.8561,68.8829,15692,true
ZSMPF,2026-09-17T15:05:00Z,68.8829,68.9659,68.8288,68.9119,12215,true
ZSMPF,2026-09-17T15:10:00Z,68.9119,68.9262,68.8334,68.8478,10811,true
ZSMPF,2026-09-17T15:15:00Z,68.8478,69.0154,68.8332,69.0008,16311,true
ZSMPF,2026-09-17T15:20:00Z,69.0008,69.0397,68.9063,68.9452,17806,true
ZSMPF,2026-09-17T15:25:00Z,68.9452,69.0701,68.9367,69.0616,12883,true
ZSMPF,2026-09-17T15:30:00Z,69.0616,69.0945,69.0308,69.0636,15650,true
ZSMPF,2026-09-17T15:35:00Z,69.0636,69.0988,69.0208,69.056,14524,true
ZSMPF,2026-09-17T15:40:00Z,69.056,69.0573,68.9189,68.9202,20363,true
ZSMPF,2026-09-17T15:45:00Z,68.9202,68.9366,68.8708,68.8872,11449,true
ZSMPF,2026-09-17T15:50:00Z,68.8872,68.9176,68.8301,68.8606,14763,true
ZSMPF,2026-09-17T15:55:00Z,68.8606,68.9403,68.8201,68.8998,17717,true
ZSMPF,2026-09-17T16:00:00Z,68.8998,68.9207,68.7806,68.8015,15032,true
ZSMPF,2026-09-17T16:05:00Z,68.8015,68.8018,68.7347,68.735,14541,true
ZSMPF,2026-09-17T16:10:00Z,68.735,68.7803,68.6929,68.7382,13092,true
ZSMPF,2026-09-17T16:15:00Z,68.7382,68.8076,68.7137,68.7831,18447,true
ZSMPF,2026-09-17T16:20:00Z,68.7831,68.9728,68.7243,68.914,12327,true
ZSMPF,2026-09-17T16:25:00Z,68.914,68.9531,68.8546,68.8937,13035,true
ZSMPF,2026-09-17T16:30:00Z,68.8937,68.9969,68.8771,68.9803,13386,true
ZSMPF,2026-09-17T16:35:00Z,68.9803,69.0057,68.9687,68.9941,15392,true
ZSMPF,2026-09-17T16:40:00Z,68.9941,69.016,68.9813,69.0032,13826,true
ZSMPF,2026-09-17T16:45:00Z,69.0032,69.0097,68.8932,68.8996,19395,true
ZSMPF,2026-09-17T16:50:00Z,68.8996,69.0214,68.8945,69.0162,11022,true
ZSMPF,2026-09-17T16:55:00Z,69.0162,69.0324,68.9932,69.0094,14885,true
ZSMPF,2026-09-17T17:00:00Z,69.0094,69.0389,68.9777,69.0072,19710,true
ZSMPF,2026-09-17T17:05:00Z,69.0072,69.0102,68.9845,68.9875,15549,true
ZSMPF,2026-09-17T17:10:00Z,68.9875,68.9878,68.9616,68.9619,16506,true
ZSMPF,2026-09-17T17:15:00Z,68.9619,68.963,68.8881,68.8893,20506,true
ZSMPF,2026-09-17T17:20:00Z,68.8893,68.9299,68.8643,68.905,14007,true
ZSMPF,2026-09-17T17:25:00Z,68.905,68.9542,68.9027,68.9519,15086,true
ZSMPF,2026-09-17T17:30:00Z,68.9519,68.952,68.8436,68.8437,22069,true
ZSMPF,2026-09-17T17:35:00Z,68.8437,68.8802,68.7754,68.8118,16060,true
ZSMPF,2026-09-17T17:40:00Z,68.8118,68.8243,68.7774,68.7899,16143,true
ZSMPF,2026-09-17T17:45:00Z,68.7899,68.8455,68.6172,68.6727,21064,true
ZSMPF,2026-09-17T17:50:00Z,68.6727,68.8066,68.6185,68.7523,17564,true
ZSMPF,2026-09-17T17:55:00Z,68.7523,68.7631,68.7132,68.724,16338,true
ZSMPF,2026-09-17T18:00:00Z,68.724,68.7266,68.7122,68.7148,12197,true
ZSMPF,2026-09-17T18:05:00Z,68.7148,68.829,68.7144,68.8285,15629,true
ZSMPF,2026-09-17T18:10:00Z,68.8285,68.996,68.791,68.9585,15263,true
ZSMPF,2026-09-17T18:15:00Z,68.9585,69.0044,68.8856,68.9315,12954,true
ZSMPF,2026-09-17T18:20:00Z,68.9315,68.9381,68.9035,68.9101,17817,true
ZSMPF,2026-09-17T18:25:00Z,68.9101,68.9959,68.8869,68.9727,20911,true
ZSMPF,2026-09-17T18:30:00Z,68.9727,68.9888,68.89,68.9061,12761,true
ZSMPF,2026-09-17T18:35:00Z,68.9061,68.917,68.8683,68.8792,27624,true
ZSMPF,2026-09-17T18:40:00Z,68.8792,69.0047,68.8633,68.9888,20138,true
ZSMPF,2026-09-17T18:45:00Z,68.9888,69.0412,68.9883,69.0406,10483,true
ZSMPF,2026-09-17T18:50:00Z,69.0406,69.0756,68.9795,69.0145,29352,true
ZSMPF,2026-09-17T18:55:00Z,69.0145,69.0345,68.9666,68.9866,10887,true
ZSMPF,2026-09-17T19:00:00Z,68.9866,68.9951,68.8877,68.8962,15832,true
ZSMPF,2026-09-17T19:05:00Z,68.8962,68.9182,68.8411,68.863,20824,true
ZSMPF,2026-09-17T19:10:00Z,68.863,68.8806,68.8607,68.8783,27577,true
ZSMPF,2026-09-17T19:15:00Z,68.8783,68.9545,68.7269,68.8032,19508,true
ZSMPF,2026-09-17T19:20:00Z,68.8032,68.9149,68.7955,68.9072,22883,true
ZSMPF,2026-09-17T19:25:00Z,68.9072,68.9364,68.8915,68.9207,27419,true
ZSMPF,2026-09-17T19:30:00Z,68.9207,68.9419,68.8691,68.8903,20823,true
ZSMPF,2026-09-17T19:35:00Z,68.8903,68.9521,68.8762,68.938,28675,true
ZSMPF,2026-09-17T19:40:00Z,68.938,68.9604,68.8804,68.9028,22998,true
ZSMPF,2026-09-17T19:45:00Z,68.9028,68.9389,68.9024,68.9385,27958,true
ZSMPF,2026-09-17T19:50:00Z,68.9385,68.9804,68.862,68.9039,40045,true
ZSMPF,2026-09-17T19:55:00Z,68.9039,69.065,68.8645,69.0256,29367,true
ZSMPF,2026-09-18T13:30:00Z,69.0256,69.1139,68.9639,69.0522,42633,true
ZSMPF,2026-09-18T13:35:00Z,69.0522,69.1605,68.9875,69.0958,26055,true
ZSMPF,2026-09-18T13:40:00Z,69.0958,69.1204,68.9214,68.946,33553,true
ZSMPF,2026-09-18T13:45:00Z,68.946,69.0659,68.8891,69.009,43852,true
ZSMPF,2026-09-18T13:50:00Z,69.009,69.1855,68.9732,69.1497,28181,true
ZSMPF,2026-09-18T13:55:00Z,69.1497,69.2081,69.1271,69.1855,21852,true
ZSMPF,2026-09-18T14:00:00Z,69.1855,69.227,69.1378,69.1793,28574,true
ZSMPF,2026-09-18T14:05:00Z,69.1793,69.2211,69.0432,69.085,18111,true
ZSMPF,2026-09-18T14:10:00Z,69.085,69.1464,69.0675,69.1289,20749,true
ZSMPF,2026-09-18T14:15:00Z,69.1289,69.2621,69.092,69.2253,26611,true
ZSMPF,2026-09-18T14:20:00Z,69.2253,69.3603,69.1622,69.2971,19858,true
ZSMPF,2026-09-18T14:25:00Z,69.2971,69.4184,69.2425,69.3638,24319,true
ZSMPF,2026-09-18T14:30:00Z,69.3638,69.3792,69.3447,69.3601,16692,true
ZSMPF,2026-09-18T14:35:00Z,69.3601,69.3951,69.3122,69.3472,18781,true
ZSMPF,2026-09-18T14:40:00Z,69.3472,69.4588,69.3268,69.4384,14842,true
ZSMPF,2026-09-18T14:45:00Z,69.4384,69.4564,69.3958,69.4138,15276,true
ZSMPF,2026-09-18T14:50:00Z,69.4138,69.4908,69.3577,69.4347,16203,true
ZSMPF,2026-09-18T14:55:00Z,69.4347,69.5218,69.3812,69.4682,17573,true
ZSMPF,2026-09-18T15:00:00Z,69.4682,69.5335,69.4669,69.5322,13235,true
ZSMPF,2026-09-18T15:05:00Z,69.5322,69.5606,69.3755,69.404,17288,true
ZSMPF,2026-09-18T15:10:00Z,69.404,69.4836,69.3194,69.399,20073,true
ZSMPF,2026-09-18T15:15:00Z,69.399,69.4102,69.3698,69.381,13111,true
ZSMPF,2026-09-18T15:20:00Z,69.381,69.4199,69.2295,69.2684,15203,true
ZSMPF,2026-09-18T15:25:00Z,69.2684,69.2717,69.2661,69.2694,17909,true
ZSMPF,2026-09-18T15:30:00Z,69.2694,69.3253,69.2266,69.2824,13588,true
ZSMPF,2026-09-18T15:35:00Z,69.2824,69.2983,69.2579,69.2738,16572,true
ZSMPF,2026-09-18T15:40:00Z,69.2738,69.313,69.1821,69.2213,12572,true
ZSMPF,2026-09-18T15:45:00Z,69.2213,69.2231,69.1777,69.1795,14229,true
ZSMPF,2026-09-18T15:50:00Z,69.1795,69.2137,69.1117,69.1459,20749,true
ZSMPF,2026-09-18T15:55:00Z,69.1459,69.2328,69.119,69.2059,14300,true
ZSMPF,2026-09-18T16:00:00Z,69.2059,69.2128,69.0735,69.0804,16364,true
ZSMPF,2026-09-18T16:05:00Z,69.0804,69.2514,69.0562,69.2272,14090,true
ZSMPF,2026-09-18T16:10:00Z,69.2272,69.2572,69.1018,69.1317,11330,true
ZSMPF,2026-09-18T16:15:00Z,69.1317,69.2544,69.0766,69.1993,16492,true
ZSMPF,2026-09-18T16:20:00Z,69.1993,69.2171,69.1325,69.1504,15041,true
ZSMPF,2026-09-18T16:25:00Z,69.1504,69.2006,69.1369,69.1872,18122,true
ZSMPF,2026-09-18T16:30:00Z,69.1872,69.4019,69.168,69.3828,22537,true
ZSMPF,2026-09-18T16:35:00Z,69.3828,69.4334,69.3694,69.42,13174,true
ZSMPF,2026-09-18T16:40:00Z,69.42,69.4499,69.1933,69.2232,15399,true
ZSMPF,2026-09-18T16:45:00Z,69.2232,69.2576,69.1257,69.1601,13664,true
ZSMPF,2026-09-18T16:50:00Z,69.1601,69.1667,69.1583,69.1648,19227,true
ZSMPF,2026-09-18T16:55:00Z,69.1648,69.2119,69.1593,69.2064,13949,true
ZSMPF,2026-09-18T17:00:00Z,69.2064,69.2227,69.0873,69.1036,18660,true
ZSMPF,2026-09-18T17:05:00Z,69.1036,69.1362,69.0404,69.073,13479,true
ZSMPF,2026-09-18T17:10:00Z,69.073,69.0933,68.9791,68.9995,17260,true
ZSMPF,2026-09-18T17:15:00Z,68.9995,69.0309,68.9877,69.0191,18348,true
ZSMPF,2026-09-18T17:20:00Z,69.0191,69.1228,68.9565,69.0602,13919,true
ZSMPF,2026-09-18T17:25:00Z,69.0602,69.1208,69.0355,69.0962,15984,true
ZSMPF,2026-09-18T17:30:00Z,69.0962,69.0983,69.0807,69.0828,15406,true
ZSMPF,2026-09-18T17:35:00Z,69.0828,69.1262,68.9266,68.97,14972,true
ZSMPF,2026-09-18T17:40:00Z,68.97,68.9752,68.8926,68.8977,12597,true
ZSMPF,2026-09-18T17:45:00Z,68.8977,68.9251,68.6726,68.7,23736,true
ZSMPF,2026-09-18T17:50:00Z,68.7,68.7154,68.6062,68.6217,10696,true
ZSMPF,2026-09-18T17:55:00Z,68.6217,68.6449,68.5298,68.553,12563,true
ZSMPF,2026-09-18T18:00:00Z,68.553,68.625,68.5453,68.6173,19197,true
ZSMPF,2026-09-18T18:05:00Z,68.6173,68.6645,68.5279,68.5751,13175,true
ZSMPF,2026-09-18T18:10:00Z,68.5751,68.6575,68.5734,68.6557,15559,true
ZSMPF,2026-09-18T18:15:00Z,68.6557,68.8025,68.5908,68.7375,12636,true
ZSMPF,2026-09-18T18:20:00Z,68.7375,68.7446,68.6688,68.6758,24421,true
ZSMPF,2026-09-18T18:25:00Z,68.6758,68.681,68.5976,68.6028,17802,true
ZSMPF,2026-09-18T18:30:00Z,68.6028,68.6263,68.515,68.5384,20507,true
ZSMPF,2026-09-18T18:35:00Z,68.5384,68.5804,68.5267,68.5687,31299,true
ZSMPF,2026-09-18T18:40:00Z,68.5687,68.605,68.3135,68.3499,17509,true
ZSMPF,2026-09-18T18:45:00Z,68.3499,68.5116,68.2959,68.4575,23468,true
ZSMPF,2026-09-18T18:50:00Z,68.4575,68.5289,68.4336,68.505,25030,true
ZSMPF,2026-09-18T18:55:00Z,68.505,68.5924,68.4765,68.5639,12965,true
ZSMPF,2026-09-18T19:00:00Z,68.5639,68.6339,68.497,68.5669,17537,true
ZSMPF,2026-09-18T19:05:00Z,68.5669,68.6683,68.5628,68.6642,19750,true
ZSMPF,2026-09-18T19:10:00Z,68.6642,68.7336,68.6567,68.7262,22328,true
ZSMPF,2026-09-18T19:15:00Z,68.7262,68.7518,68.6402,68.6658,28127,true
ZSMPF,2026-09-18T19:20:00Z,68.6658,68.7004,68.599,68.6335,23261,true
ZSMPF,2026-09-18T19:25:00Z,68.6335,68.8041,68.5841,68.7547,21472,true
ZSMPF,2026-09-18T19:30:00Z,68.7547,68.8487,68.7385,68.8325,18707,true
ZSMPF,2026-09-18T19:35:00Z,68.8325,68.8738,68.7471,68.7884,21069,true
ZSMPF,2026-09-18T19:40:00Z,68.7884,68.8176,68.6301,68.6593,17789,true
ZSMPF,2026-09-18T19:45:00Z,68.6593,68.6905,68.5606,68.5918,21943,true
ZSMPF,2026-09-18T19:50:00Z,68.5918,68.626,68.4667,68.501,17654,true
ZSMPF,2026-09-18T19:55:00Z,68.501,68.5663,68.3584,68.4238,20867,true
ZSMPF,2026-09-21T13:30:00Z,68.4238,68.4655,68.395,68.4368,32646,true
ZSMPF,2026-09-21T13:35:00Z,68.4368,68.5125,68.4141,68.4898,39628,true
ZSMPF,2026-09-21T13:40:00Z,68.4898,68.5434,68.4768,68.5304,16935,true
ZSMPF,2026-09-21T13:45:00Z,68.5304,68.5905,68.4866,68.5467,18081,true
ZSMPF,2026-09-21T13:50:00Z,68.5467,68.614,68.3763,68.4436,24408,true
ZSMPF,2026-09-21T13:55:00Z,68.4436,68.4478,68.4232,68.4274,16584,true
ZSMPF,2026-09-21T14:00:00Z,68.4274,68.4556,68.4139,68.4421,18387,true
ZSMPF,2026-09-21T14:05:00Z,68.4421,68.571,68.4056,68.5345,28182,true
ZSMPF,2026-09-21T14:10:00Z,68.5345,68.554,68.5027,68.5222,27584,true
ZSMPF,2026-09-21T14:15:00Z,68.5222,68.7305,68.4817,68.69,15418,true
ZSMPF,2026-09-21T14:20:00Z,68.69,68.773,68.6759,68.7589,14261,true
ZSMPF,2026-09-21T14:25:00Z,68.7589,68.7791,68.755,68.7753,17516,true
ZSMPF,2026-09-21T14:30:00Z,68.7753,68.8179,68.7614,68.804,17308,true
ZSMPF,2026-09-21T14:35:00Z,68.804,68.9277,68.7772,68.9008,14979,true
ZSMPF,2026-09-21T14:40:00Z,68.9008,69.0012,68.8759,68.9763,14095,true
ZSMPF,2026-09-21T14:45:00Z,68.9763,68.9866,68.9029,68.9132,24918,true
ZSMPF,2026-09-21T14:50:00Z,68.9132,68.9603,68.8231,68.8701,17396,true
ZSMPF,2026-09-21T14:55:00Z,68.8701,68.9273,68.7981,68.8553,14338,true
ZSMPF,2026-09-21T15:00:00Z,68.8553,68.981,68.8534,68.9791,14522,true
ZSMPF,2026-09-21T15:05:00Z,68.9791,69.0662,68.9571,69.0441,14847,true
ZSMPF,2026-09-21T15:10:00Z,69.0441,69.2673,69.0205,69.2437,14747,true
ZSMPF,2026-09-21T15:15:00Z,69.2437,69.292,69.2134,69.2616,13581,true
ZSMPF,2026-09-21T15:20:00Z,69.2616,69.3268,69.257,69.3222,13862,true
ZSMPF,2026-09-21T15:25:00Z,69.3222,69.4672,69.3004,69.4454,15402,true
ZSMPF,2026-09-21T15:30:00Z,69.4454,69.4637,69.355,69.3733,13211,true
ZSMPF,2026-09-21T15:35:00Z,69.3733,69.399,69.3105,69.3362,29214,true
ZSMPF,2026-09-21T15:40:00Z,69.3362,69.3965,69.3058,69.3661,13100,true
ZSMPF,2026-09-21T15:45:00Z,69.3661,69.3759,69.3033,69.3131,13977,true
ZSMPF,2026-09-21T15:50:00Z,69.3131,69.3245,69.2186,69.23,12171,true
ZSMPF,2026-09-21T15:55:00Z,69.23,69.2812,69.0641,69.1153,15148,true
ZSMPF,2026-09-21T16:00:00Z,69.1153,69.1457,69.0641,69.0944,14473,true
ZSMPF,2026-09-21T16:05:00Z,69.0944,69.1443,68.9196,68.9694,16213,true
ZSMPF,2026-09-21T16:10:00Z,68.9694,69.0513,68.951,69.0329,18288,true
ZSMPF,2026-09-21T16:15:00Z,69.0329,69.0385,68.9857,68.9912,11683,true
ZSMPF,2026-09-21T16:20:00Z,68.9912,69.0087,68.9024,68.9199,18527,true
ZSMPF,2026-09-21T16:25:00Z,68.9199,68.9352,68.9193,68.9346,17945,true
ZSMPF,2026-09-21T16:30:00Z,68.9346,68.9978,68.9064,68.9697,14944,true
ZSMPF,2026-09-21T16:35:00Z,68.9697,69.1063,68.9004,69.0371,11498,true
ZSMPF,2026-09-21T16:40:00Z,69.0371,69.0767,69.0046,69.0443,16087,true
ZSMPF,2026-09-21T16:45:00Z,69.0443,69.1814,69.0168,69.1539,20484,true
ZSMPF,2026-09-21T16:50:00Z,69.1539,69.1938,69.045,69.0849,20602,true
ZSMPF,2026-09-21T16:55:00Z,69.0849,69.179,69.0475,69.1416,12623,true
ZSMPF,2026-09-21T17:00:00Z,69.1416,69.2123,69.1312,69.2019,13601,true
ZSMPF,2026-09-21T17:05:00Z,69.2019,69.2304,69.1991,69.2275,15701,true
ZSMPF,2026-09-21T17:10:00Z,69.2275,69.239,69.1908,69.2022,18679,true
ZSMPF,2026-09-21T17:15:00Z,69.2022,69.3088,69.1976,69.3041,13152,true
ZSMPF,2026-09-21T17:20:00Z,69.3041,69.4026,69.2959,69.3943,17108,true
ZSMPF,2026-09-21T17:25:00Z,69.3943,69.4311,69.1764,69.2132,14965,true
ZSMPF,2026-09-21T17:30:00Z,69.2132,69.2527,69.174,69.2134,28200,true
ZSMPF,2026-09-21T17:35:00Z,69.2134,69.2782,69.1993,69.2641,13658,true
ZSMPF,2026-09-21T17:40:00Z,69.2641,69.3171,69.1586,69.2117,19747,true
ZSMPF,2026-09-21T17:45:00Z,69.2117,69.3569,69.204,69.3492,13184,true
ZSMPF,2026-09-21T17:50:00Z,69.3492,69.3961,69.3328,69.3797,8437,true
ZSMPF,2026-09-21T17:55:00Z,69.3797,69.4823,69.3595,69.4621,16420,true
ZSMPF,2026-09-21T18:00:00Z,69.4621,69.5122,69.4324,69.4825,12050,true
ZSMPF,2026-09-21T18:05:00Z,69.4825,69.5585,69.4701,69.5462,10001,true
ZSMPF,2026-09-21T18:10:00Z,69.5462,69.6684,69.4845,69.6066,14828,true
ZSMPF,2026-09-21T18:15:00Z,69.6066,69.6953,69.5859,69.6746,19864,true
ZSMPF,2026-09-21T18:20:00Z,69.6746,69.6937,69.5664,69.5855,10903,true
ZSMPF,2026-09-21T18:25:00Z,69.5855,69.6165,69.5606,69.5915,15203,true
ZSMPF,2026-09-21T18:30:00Z,69.5915,69.6144,69.4557,69.4786,18617,true
ZSMPF,2026-09-21T18:35:00Z,69.4786,69.5206,69.4591,69.5011,18374,true
ZSMPF,2026-09-21T18:40:00Z,69.5011,69.5226,69.3282,69.3497,14437,true
ZSMPF,2026-09-21T18:45:00Z,69.3497,69.3554,69.3472,69.353,16724,true
ZSMPF,2026-09-21T18:50:00Z,69.353,69.3723,69.3145,69.3339,16853,true
ZSMPF,2026-09-21T18:55:00Z,69.3339,69.3439,69.3118,69.3218,14305,true
ZSMPF,2026-09-21T19:00:00Z,69.3218,69.3683,69.2641,69.3105,14903,true
ZSMPF,2026-09-21T19:05:00Z,69.3105,69.3204,69.2732,69.283,15161,true
ZSMPF,2026-09-21T19:10:00Z,69.283,69.3568,69.2461,69.3199,16417,true
ZSMPF,2026-09-21T19:15:00Z,69.3199,69.3645,69.2815,69.3261,16661,true
ZSMPF,2026-09-21T19:20:00Z,69.3261,69.3585,69.2663,69.2988,18751,true
ZSMPF,2026-09-21T19:25:00Z,69.2988,69.4077,69.2704,69.3793,18699,true
ZSMPF,2026-09-21T19:30:00Z,69.3793,69.4092,69.33,69.3599,28000,true
ZSMPF,2026-09-21T19:35:00Z,69.3599,69.4051,69.2592,69.3044,18906,true
ZSMPF,2026-09-21T19:40:00Z,69.3044,69.3283,69.2534,69.2773,26386,true
ZSMPF,2026-09-21T19:45:00Z,69.2773,69.3421,69.1853,69.2502,23956,true
ZSMPF,2026-09-21T19:50:00Z,69.2502,69.2568,69.187,69.1936,30851,true
ZSMPF,2026-09-21T19:55:00Z,69.1936,69.2425,69.0971,69.1461,40983,true
ZSMPF,2026-09-22T13:30:00Z,69.1461,69.1848,69.1355,69.1742,40801,true
ZSMPF,2026-09-22T13:35:00Z,69.1742,69.1815,69.1605,69.1678,29109,true
ZSMPF,2026-09-22T13:40:00Z,69.1678,69.2165,69.0267,69.0755,23673,true
ZSMPF,2026-09-22T13:45:00Z,69.0755,69.1108,69.004,69.0393,42175,true
ZSMPF,2026-09-22T13:50:00Z,69.0393,69.0724,68.9645,68.9976,16136,true
ZSMPF,2026-09-22T13:55:00Z,68.9976,69.179,68.9407,69.1221,26605,true
ZSMPF,2026-09-22T14:00:00Z,69.1221,69.19,68.9893,69.0572,17901,true
ZSMPF,2026-09-22T14:05:00Z,69.0572,69.0588,69.0462,69.0478,30763,true
ZSMPF,2026-09-22T14:10:00Z,69.0478,69.2185,69.0395,69.2102,17290,true
ZSMPF,2026-09-22T14:15:00Z,69.2102,69.2701,69.2019,69.2618,18235,true
ZSMPF,2026-09-22T14:20:00Z,69.2618,69.3012,69.1529,69.1924,11061,true
ZSMPF,2026-09-22T14:25:00Z,69.1924,69.1996,69.1812,69.1883,18905,true
ZSMPF,2026-09-22T14:30:00Z,69.1883,69.2003,69.0873,69.0993,15275,true
ZSMPF,2026-09-22T14:35:00Z,69.0993,69.115,69.0574,69.0731,10364,true
ZSMPF,2026-09-22T14:40:00Z,69.0731,69.0829,69.0468,69.0566,13991,true
ZSMPF,2026-09-22T14:45:00Z,69.0566,69.2091,69.0407,69.1932,20392,true
ZSMPF,2026-09-22T14:50:00Z,69.1932,69.2122,69.1907,69.2097,13373,true
ZSMPF,2026-09-22T14:55:00Z,69.2097,69.245,69.13,69.1654,13237,true
ZSMPF,2026-09-22T15:00:00Z,69.1654,69.3925,69.1312,69.3584,13891,true
ZSMPF,2026-09-22T15:05:00Z,69.3584,69.3677,69.2937,69.303,9681,true
ZSMPF,2026-09-22T15:10:00Z,69.303,69.4229,69.2775,69.3973,22468,true
ZSMPF,2026-09-22T15:15:00Z,69.3973,69.4019,69.2191,69.2237,16349,true
ZSMPF,2026-09-22T15:20:00Z,69.2237,69.2307,69.2202,69.2272,15513,true
ZSMPF,2026-09-22T15:25:00Z,69.2272,69.3489,69.226,69.3477,14144,true
ZSMPF,2026-09-22T15:30:00Z,69.3477,69.4431,69.3298,69.4252,14016,true
ZSMPF,2026-09-22T15:35:00Z,69.4252,69.4546,69.3274,69.3568,16739,true
ZSMPF,2026-09-22T15:40:00Z,69.3568,69.3977,69.3462,69.3872,17104,true
ZSMPF,2026-09-22T15:45:00Z,69.3872,69.5206,69.3859,69.5193,15630,true
ZSMPF,2026-09-22T15:50:00Z,69.5193,69.5258,69.4864,69.4928,13875,true
ZSMPF,2026-09-22T15:55:00Z,69.4928,69.5194,69.3858,69.4123,16927,true
ZSMPF,2026-09-22T16:00:00Z,69.4123,69.5565,69.4067,69.551,20218,true
ZSMPF,2026-09-22T16:05:00Z,69.551,69.5937,69.4674,69.5101,11139,true
ZSMPF,2026-09-22T16:10:00Z,69.5101,69.5239,69.4767,69.4906,13509,true
ZSMPF,2026-09-22T16:15:00Z,69.4906,69.5481,69.3742,69.4317,21724,true
ZSMPF,2026-09-22T16:20:00Z,69.4317,69.4491,69.3634,69.3807,14269,true
ZSMPF,2026-09-22T16:25:00Z,69.3807,69.4885,69.3345,69.4423,10528,true
ZSMPF,2026-09-22T16:30:00Z,69.4423,69.5389,69.2841,69.3807,17788,true
ZSMPF,2026-09-22T16:35:00Z,69.3807,69.4573,69.3766,69.4532,11051,true
ZSMPF,2026-09-22T16:40:00Z,69.4532,69.5083,69.4479,69.5029,26797,true
ZSMPF,2026-09-22T16:45:00Z,69.5029,69.5232,69.4452,69.4655,13561,true
ZSMPF,2026-09-22T16:50:00Z,69.4655,69.4692,69.4465,69.4503,13650,true
ZSMPF,2026-09-22T16:55:00Z,69.4503,69.4572,69.3529,69.3598,20387,true
ZSMPF,2026-09-22T17:00:00Z,69.3598,69.3812,69.2182,69.2396,11347,true
ZSMPF,2026-09-22T17:05:00Z,69.2396,69.3378,69.1269,69.2251,11790,true
ZSMPF,2026-09-22T17:10:00Z,69.2251,69.3611,69.1558,69.2918,7669,true
ZSMPF,2026-09-22T17:15:00Z,69.2918,69.3017,69.2903,69.3001,18247,true
ZSMPF,2026-09-22T17:20:00Z,69.3001,69.3814,69.2927,69.374,13722,true
ZSMPF,2026-09-22T17:25:00Z,69.374,69.5015,69.3132,69.4407,13777,true
ZSMPF,2026-09-22T17:30:00Z,69.4407,69.4808,69.4113,69.4515,15191,true
ZSMPF,2026-09-22T17:35:00Z,69.4515,69.5508,69.4025,69.5018,17499,true
ZSMPF,2026-09-22T17:40:00Z,69.5018,69.5381,69.3601,69.3964,16155,true
ZSMPF,2026-09-22T17:45:00Z,69.3964,69.4063,69.3289,69.3388,21472,true
ZSMPF,2026-09-22T17:50:00Z,69.3388,69.3501,69.2934,69.3047,22382,true
ZSMPF,2026-09-22T17:55:00Z,69.3047,69.3064,69.2451,69.2468,12818,true
ZSMPF,2026-09-22T18:00:00Z,69.2468,69.2696,69.1134,69.1363,22510,true
ZSMPF,2026-09-22T18:05:00Z,69.1363,69.1798,69.0533,69.0969,15997,true
ZSMPF,2026-09-22T18:10:00Z,69.0969,69.1337,68.9467,68.9836,18520,true
ZSMPF,2026-09-22T18:15:00Z,68.9836,69.0011,68.9677,68.9853,11721,true
ZSMPF,2026-09-22T18:20:00Z,68.9853,69.0411,68.8696,68.9255,24184,true
ZSMPF,2026-09-22T18:25:00Z,68.9255,68.9768,68.8224,68.8736,14685,true
ZSMPF,2026-09-22T18:30:00Z,68.8736,68.8834,68.8145,68.8242,9767,true
ZSMPF,2026-09-22T18:35:00Z,68.8242,68.8413,68.7528,68.7699,17711,true
ZSMPF,2026-09-22T18:40:00Z,68.7699,68.7786,68.6458,68.6545,13408,true
ZSMPF,2026-09-22T18:45:00Z,68.6545,68.6662,68.5995,68.6112,16429,true
ZSMPF,2026-09-22T18:50:00Z,68.6112,68.7025,68.5775,68.6688,20389,true
ZSMPF,2026-09-22T18:55:00Z,68.6688,68.6816,68.486,68.4988,14498,true
ZSMPF,2026-09-22T19:00:00Z,68.4988,68.5153,68.4714,68.4879,12258,true
ZSMPF,2026-09-22T19:05:00Z,68.4879,68.4983,68.4007,68.4112,23324,true
ZSMPF,2026-09-22T19:10:00Z,68.4112,68.5082,68.341,68.438,18882,true
ZSMPF,2026-09-22T19:15:00Z,68.438,68.4984,68.3704,68.4308,16543,true
ZSMPF,2026-09-22T19:20:00Z,68.4308,68.5064,68.4124,68.488,19607,true
ZSMPF,2026-09-22T19:25:00Z,68.488,68.5532,68.4724,68.5376,22251,true
ZSMPF,2026-09-22T19:30:00Z,68.5376,68.5662,68.478,68.5066,22555,true
ZSMPF,2026-09-22T19:35:00Z,68.5066,68.5747,68.5023,68.5704,21225,true
ZSMPF,2026-09-22T19:40:00Z,68.5704,68.6284,68.4373,68.4953,20539,true
ZSMPF,2026-09-22T19:45:00Z,68.4953,68.5645,68.4936,68.5628,19699,true
ZSMPF,2026-09-22T19:50:00Z,68.5628,68.5669,68.5398,68.544,35730,true
ZSMPF,2026-09-23T13:30:00Z,68.62,68.6567,68.4926,68.5293,60131,true
ZSMPF,2026-09-23T13:35:00Z,68.5293,68.5345,68.4828,68.4881,49803,true
ZSMPF,2026-09-23T13:40:00Z,68.4881,68.4904,68.4228,68.4251,41653,true
ZSMPF,2026-09-23T13:45:00Z,68.4251,68.567,68.4087,68.5505,25523,true
ZSMPF,2026-09-23T13:50:00Z,68.5505,68.5714,68.4015,68.4223,23545,true
ZSMPF,2026-09-23T13:55:00Z,68.4223,68.4888,68.3749,68.4414,26673,true
ZSMPF,2026-09-23T14:00:00Z,68.4414,68.5927,68.3868,68.5382,18029,true
ZSMPF,2026-09-23T14:05:00Z,68.5382,68.6914,68.4394,68.5926,17288,true
ZSMPF,2026-09-23T14:10:00Z,68.5926,68.6061,68.5213,68.5348,12563,true
ZSMPF,2026-09-23T14:15:00Z,68.5348,68.5506,68.5145,68.5303,13413,true
ZSMPF,2026-09-23T14:20:00Z,68.5303,68.5482,68.4757,68.4936,14258,true
ZSMPF,2026-09-23T14:25:00Z,68.4936,68.5026,68.489,68.4981,23524,true
ZSMPF,2026-09-23T14:30:00Z,68.4981,68.5933,68.4005,68.4957,16348,true
ZSMPF,2026-09-23T14:35:00Z,68.4957,68.5348,68.4777,68.5167,18390,true
ZSMPF,2026-09-23T14:40:00Z,68.5167,68.585,68.4875,68.5558,15274,true
ZSMPF,2026-09-23T14:45:00Z,68.5558,68.5752,68.3699,68.3893,11330,true
ZSMPF,2026-09-23T14:50:00Z,68.3893,68.437,68.3867,68.4345,22315,true
ZSMPF,2026-09-23T14:55:00Z,68.4345,68.4601,68.4089,68.4345,15576,true
ZSMPF,2026-09-23T15:00:00Z,68.4345,68.6273,68.3971,68.5899,13278,true
ZSMPF,2026-09-23T15:05:00Z,68.5899,68.5993,68.5424,68.5518,13384,true
ZSMPF,2026-09-23T15:10:00Z,68.5518,68.6371,68.5153,68.6006,12356,true
ZSMPF,2026-09-23T15:15:00Z,68.6006,68.6106,68.5412,68.5513,14757,true
ZSMPF,2026-09-23T15:20:00Z,68.5513,68.593,68.4803,68.522,17396,true
ZSMPF,2026-09-23T15:25:00Z,68.522,68.5569,68.451,68.4859,11408,true
ZSMPF,2026-09-23T15:30:00Z,68.4859,68.4894,68.4514,68.455,17617,true
ZSMPF,2026-09-23T15:35:00Z,68.455,68.4869,68.4385,68.4704,17336,true
ZSMPF,2026-09-23T15:40:00Z,68.4704,68.472,68.449,68.4506,12419,true
ZSMPF,2026-09-23T15:45:00Z,68.4506,68.5148,68.3983,68.4624,14335,true
ZSMPF,2026-09-23T15:50:00Z,68.4624,68.4741,68.3646,68.3762,19854,true
ZSMPF,2026-09-23T15:55:00Z,68.3762,68.4851,68.3098,68.4186,14856,true
ZSMPF,2026-09-23T16:00:00Z,68.4186,68.4292,68.3854,68.396,16875,true
ZSMPF,2026-09-23T16:05:00Z,68.396,68.5667,68.3778,68.5485,15630,true
ZSMPF,2026-09-23T16:10:00Z,68.5485,68.5726,68.5463,68.5704,24094,true
ZSMPF,2026-09-23T16:15:00Z,68.5704,68.6951,68.5253,68.65,16640,true
ZSMPF,2026-09-23T16:20:00Z,68.65,68.7353,68.6286,68.7139,12241,true
ZSMPF,2026-09-23T16:25:00Z,68.7139,68.8817,68.6784,68.8462,17382,true
ZSMPF,2026-09-23T16:30:00Z,68.8462,68.8962,68.8093,68.8593,12145,true
ZSMPF,2026-09-23T16:35:00Z,68.8593,68.8739,68.8214,68.836,10528,true
ZSMPF,2026-09-23T16:40:00Z,68.836,68.8379,68.7719,68.7738,16276,true
ZSMPF,2026-09-23T16:45:00Z,68.7738,68.7999,68.7258,68.7519,12511,true
ZSMPF,2026-09-23T16:50:00Z,68.7519,68.8278,68.7328,68.8088,10814,true
ZSMPF,2026-09-23T16:55:00Z,68.8088,68.8262,68.7999,68.8174,17439,true
ZSMPF,2026-09-23T17:00:00Z,68.8174,68.8657,68.6916,68.74,11332,true
ZSMPF,2026-09-23T17:05:00Z,68.74,68.7689,68.6982,68.7272,18149,true
ZSMPF,2026-09-23T17:10:00Z,68.7272,68.7281,68.6413,68.6422,14573,true
ZSMPF,2026-09-23T17:15:00Z,68.6422,68.6929,68.6321,68.6828,13399,true
ZSMPF,2026-09-23T17:20:00Z,68.6828,68.6838,68.6807,68.6817,15852,true
ZSMPF,2026-09-23T17:25:00Z,68.6817,68.6874,68.6803,68.686,11396,true
ZSMPF,2026-09-23T17:30:00Z,68.686,68.7036,68.6812,68.6988,9882,true
ZSMPF,2026-09-23T17:35:00Z,68.6988,68.7394,68.5845,68.6251,29134,true
ZSMPF,2026-09-23T17:40:00Z,68.6251,68.8139,68.5972,68.7861,10788,true
ZSMPF,2026-09-23T17:45:00Z,68.7861,68.8856,68.772,68.8715,12490,true
ZSMPF,2026-09-23T17:50:00Z,68.8715,68.9429,68.8088,68.8801,19015,true
ZSMPF,2026-09-23T17:55:00Z,68.8801,68.9255,68.8602,68.9056,16816,true
ZSMPF,2026-09-23T18:00:00Z,68.9056,68.9364,68.9024,68.9332,11234,true
ZSMPF,2026-09-23T18:05:00Z,68.9332,69.0168,68.9016,68.9852,12091,true
ZSMPF,2026-09-23T18:10:00Z,68.9852,68.993,68.8525,68.8603,13494,true
ZSMPF,2026-09-23T18:15:00Z,68.8603,68.9529,68.8601,68.9526,22667,true
ZSMPF,2026-09-23T18:20:00Z,68.9526,68.9606,68.833,68.841,14083,true
ZSMPF,2026-09-23T18:25:00Z,68.841,68.88,68.7537,68.7927,13586,true
ZSMPF,2026-09-23T18:30:00Z,68.7927,68.8719,68.7857,68.8649,12521,true
ZSMPF,2026-09-23T18:35:00Z,68.8649,68.88,68.8089,68.824,20463,true
ZSMPF,2026-09-23T18:40:00Z,68.824,68.9179,68.7741,68.868,18818,true
ZSMPF,2026-09-23T18:45:00Z,68.868,68.9192,68.7696,68.8208,16390,true
ZSMPF,2026-09-23T18:50:00Z,68.8208,68.9144,68.8064,68.9,18966,true
ZSMPF,2026-09-23T18:55:00Z,68.9,68.9569,68.8861,68.943,22156,true
ZSMPF,2026-09-23T19:00:00Z,68.943,68.9519,68.9394,68.9483,21557,true
ZSMPF,2026-09-23T19:05:00Z,68.9483,68.987,68.9382,68.977,20113,true
ZSMPF,2026-09-23T19:10:00Z,68.977,69.0181,68.7919,68.833,15532,true
ZSMPF,2026-09-23T19:15:00Z,68.833,68.8408,68.7567,68.7644,17392,true
ZSMPF,2026-09-23T19:20:00Z,68.7644,68.7722,68.7386,68.7463,22445,true
ZSMPF,2026-09-23T19:25:00Z,68.7463,68.796,68.7425,68.7922,19740,true
ZSMPF,2026-09-23T19:30:00Z,68.7922,68.8177,68.6906,68.7162,23027,true
ZSMPF,2026-09-23T19:35:00Z,68.7162,68.7338,68.6946,68.7123,14137,true
ZSMPF,2026-09-23T19:40:00Z,68.7123,68.7415,68.6589,68.6881,27725,true
ZSMPF,2026-09-23T19:45:00Z,68.6881,68.7372,68.5667,68.6158,22039,true
ZSMPF,2026-09-23T19:50:00Z,68.6158,68.6257,68.5902,68.6002,29365,true
ZSMPF,2026-09-23T19:55:00Z,68.6002,68.6627,68.5678,68.6304,23528,true
ZSMPF,2026-09-24T13:30:00Z,68.6304,68.6342,68.5981,68.6019,48098,true
ZSMPF,2026-09-24T13:35:00Z,68.6019,68.643,68.5088,68.5499,34221,true
ZSMPF,2026-09-24T13:40:00Z,68.5499,68.5873,68.5374,68.5748,25225,true
ZSMPF,2026-09-24T13:45:00Z,68.5748,68.6093,68.4085,68.443,15429,true
ZSMPF,2026-09-24T13:50:00Z,68.443,68.4471,68.4206,68.4247,24248,true
ZSMPF,2026-09-24T13:55:00Z,68.4247,68.4529,68.3024,68.3307,38246,true
ZSMPF,2026-09-24T14:00:00Z,68.3307,68.408,68.2906,68.3679,24009,true
ZSMPF,2026-09-24T14:05:00Z,68.3679,68.4859,68.3362,68.4541,17996,true
ZSMPF,2026-09-24T14:10:00Z,68.4541,68.4875,68.421,68.4544,26507,true
ZSMPF,2026-09-24T14:15:00Z,68.4544,68.4786,68.4189,68.4431,28969,true
ZSMPF,2026-09-24T14:20:00Z,68.4431,68.4498,68.408,68.4147,22267,true
ZSMPF,2026-09-24T14:25:00Z,68.4147,68.4964,68.4119,68.4936,19218,true
ZSMPF,2026-09-24T14:30:00Z,68.4936,68.5671,68.4763,68.5498,13224,true
ZSMPF,2026-09-24T14:35:00Z,68.5498,68.6271,68.5475,68.6248,12938,true
ZSMPF,2026-09-24T14:40:00Z,68.6248,68.6311,68.5962,68.6025,35336,true
ZSMPF,2026-09-24T14:45:00Z,68.6025,68.649,68.5487,68.5952,18121,true
ZSMPF,2026-09-24T14:50:00Z,68.5952,68.6799,68.5223,68.607,21315,true
ZSMPF,2026-09-24T14:55:00Z,68.607,68.6662,68.5426,68.6018,9295,true
ZSMPF,2026-09-24T15:00:00Z,68.6018,68.6417,68.5694,68.6092,17546,true
ZSMPF,2026-09-24T15:05:00Z,68.6092,68.6181,68.5509,68.5598,9353,true
ZSMPF,2026-09-24T15:10:00Z,68.5598,68.6644,68.5103,68.6149,16621,true
ZSMPF,2026-09-24T15:15:00Z,68.6149,68.628,68.5546,68.5678,15471,true
ZSMPF,2026-09-24T15:20:00Z,68.5678,68.5892,68.4607,68.4821,25075,true
ZSMPF,2026-09-24T15:25:00Z,68.4821,68.5137,68.3669,68.3985,11731,true
ZSMPF,2026-09-24T15:30:00Z,68.3985,68.6096,68.3711,68.5823,21308,true
ZSMPF,2026-09-24T15:35:00Z,68.5823,68.7101,68.5185,68.6463,13508,true
ZSMPF,2026-09-24T15:40:00Z,68.6463,68.7162,68.5785,68.6484,16884,true
ZSMPF,2026-09-24T15:45:00Z,68.6484,68.6919,68.5379,68.5814,13193,true
ZSMPF,2026-09-24T15:50:00Z,68.5814,68.5845,68.5582,68.5614,14716,true
ZSMPF,2026-09-24T15:55:00Z,68.5614,68.5626,68.4858,68.4871,10224,true
ZSMPF,2026-09-24T16:00:00Z,68.4871,68.5075,68.4554,68.4759,23803,true
ZSMPF,2026-09-24T16:05:00Z,68.4759,68.506,68.3536,68.3837,11821,true
ZSMPF,2026-09-24T16:10:00Z,68.3837,68.4015,68.3372,68.355,13817,true
ZSMPF,2026-09-24T16:15:00Z,68.355,68.3754,68.2814,68.3017,14428,true
ZSMPF,2026-09-24T16:20:00Z,68.3017,68.3219,68.2105,68.2307,20172,true
ZSMPF,2026-09-24T16:25:00Z,68.2307,68.2578,68.1805,68.2076,15833,true
ZSMPF,2026-09-24T16:30:00Z,68.2076,68.2486,68.1929,68.2339,22747,true
ZSMPF,2026-09-24T16:35:00Z,68.2339,68.3494,68.218,68.3336,8499,true
ZSMPF,2026-09-24T16:40:00Z,68.3336,68.4394,68.2939,68.3997,16427,true
ZSMPF,2026-09-24T16:45:00Z,68.3997,68.5117,68.3508,68.4627,11276,true
ZSMPF,2026-09-24T16:50:00Z,68.4627,68.5115,68.3773,68.4261,15882,true
ZSMPF,2026-09-24T16:55:00Z,68.4261,68.4291,68.4122,68.4152,16114,true
ZSMPF,2026-09-24T17:00:00Z,68.4152,68.5542,68.3939,68.5329,16094,true
ZSMPF,2026-09-24T17:05:00Z,68.5329,68.6472,68.4811,68.5954,19242,true
ZSMPF,2026-09-24T17:10:00Z,68.5954,68.6609,68.5175,68.583,18580,true
ZSMPF,2026-09-24T17:15:00Z,68.583,68.5912,68.563,68.5713,15808,true
ZSMPF,2026-09-24T17:20:00Z,68.5713,68.5993,68.5577,68.5858,13505,true
ZSMPF,2026-09-24T17:25:00Z,68.5858,68.6028,68.5834,68.6005,15751,true
ZSMPF,2026-09-24T17:30:00Z,68.6005,68.6261,68.575,68.6006,12618,true
ZSMPF,2026-09-24T17:35:00Z,68.6006,68.6492,68.5882,68.6368,10580,true
ZSMPF,2026-09-24T17:40:00Z,68.6368,68.7392,68.6188,68.7212,22293,true
ZSMPF,2026-09-24T17:45:00Z,68.7212,68.7664,68.7111,68.7562,21750,true
ZSMPF,2026-09-24T17:50:00Z,68.7562,68.8027,68.7021,68.7486,17094,true
ZSMPF,2026-09-24T17:55:00Z,68.7486,68.8618,68.7415,68.8547,15294,true
ZSMPF,2026-09-24T18:00:00Z,68.8547,68.9796,68.7962,68.9211,15939,true
ZSMPF,2026-09-24T18:05:00Z,68.9211,68.968,68.8264,68.8733,24877,true
ZSMPF,2026-09-24T18:10:00Z,68.8733,68.9476,68.7272,68.8016,14265,true
ZSMPF,2026-09-24T18:15:00Z,68.8016,68.9462,68.7837,68.9283,21853,true
ZSMPF,2026-09-24T18:20:00Z,68.9283,68.9968,68.9144,68.9829,17132,true
ZSMPF,2026-09-24T18:25:00Z,68.9829,68.9883,68.8274,68.8329,14342,true
ZSMPF,2026-09-24T18:30:00Z,68.8329,68.8419,68.7463,68.7554,28600,true
ZSMPF,2026-09-24T18:35:00Z,68.7554,68.8056,68.7376,68.7879,15757,true
ZSMPF,2026-09-24T18:40:00Z,68.7879,68.8007,68.7573,68.7701,12181,true
ZSMPF,2026-09-24T18:45:00Z,68.7701,68.7701,68.704,68.704,15379,true
ZSMPF,2026-09-24T18:50:00Z,68.704,68.7202,68.6498,68.666,11826,true
ZSMPF,2026-09-24T18:55:00Z,68.666,68.6887,68.65,68.6727,16122,true
ZSMPF,2026-09-24T19:00:00Z,68.6727,68.7874,68.6468,68.7614,24535,true
ZSMPF,2026-09-24T19:05:00Z,68.7614,68.8,68.6658,68.7044,28360,true
ZSMPF,2026-09-24T19:10:00Z,68.7044,68.7156,68.6804,68.6916,31145,true
ZSMPF,2026-09-24T19:15:00Z,68.6916,68.7851,68.6781,68.7716,15229,true
ZSMPF,2026-09-24T19:20:00Z,68.7716,68.8171,68.7667,68.8122,30549,true
ZSMPF,2026-09-24T19:25:00Z,68.8122,68.9033,68.8033,68.8944,22542,true
ZSMPF,2026-09-24T19:30:00Z,68.8944,68.9799,68.8519,68.9373,25168,true
ZSMPF,2026-09-24T19:35:00Z,68.9373,69.1038,68.9207,69.0872,23312,true
ZSMPF,2026-09-24T19:40:00Z,69.0872,69.1259,69.0159,69.0547,33388,true
ZSMPF,2026-09-24T19:45:00Z,69.0547,69.0575,69.0509,69.0537,23920,true
ZSMPF,2026-09-24T19:50:00Z,69.0537,69.1127,69.0329,69.0919,32065,true
ZSMPF,2026-09-24T19:55:00Z,69.0919,69.1869,69.0836,69.1786,34240,true
ZSMPG,2026-09-17T15:00:00Z,14.5966,14.6087,14.5227,14.5348,54519,true
ZSMPG,2026-09-17T15:05:00Z,14.5348,14.544,14.5039,14.5131,48618,true
ZSMPG,2026-09-17T15:10:00Z,14.5131,14.5642,14.5054,14.5566,38153,true
ZSMPG,2026-09-17T15:15:00Z,14.5566,14.5661,14.5513,14.5608,30063,true
ZSMPG,2026-09-17T15:20:00Z,14.5608,14.5737,14.505,14.5178,37875,true
ZSMPG,2026-09-17T15:25:00Z,14.5178,14.5361,14.4833,14.5016,75177,true
ZSMPG,2026-09-17T15:30:00Z,14.5016,14.5309,14.4851,14.5144,58371,true
ZSMPG,2026-09-17T15:35:00Z,14.5144,14.5242,14.4694,14.4792,38722,true
ZSMPG,2026-09-17T15:40:00Z,14.4792,14.5095,14.4597,14.49,55077,true
ZSMPG,2026-09-17T15:45:00Z,14.49,14.5082,14.4529,14.4711,53766,true
ZSMPG,2026-09-17T15:50:00Z,14.4711,14.4976,14.4659,14.4924,47028,true
ZSMPG,2026-09-17T15:55:00Z,14.4924,14.5242,14.4916,14.5235,35808,true
ZSMPG,2026-09-17T16:00:00Z,14.5235,14.5311,14.5065,14.5141,31031,true
ZSMPG,2026-09-17T16:05:00Z,14.5141,14.5398,14.5093,14.5351,64055,true
ZSMPG,2026-09-17T16:10:00Z,14.5351,14.5589,14.4963,14.5201,58385,true
ZSMPG,2026-09-17T16:15:00Z,14.5201,14.5349,14.473,14.4878,43870,true
ZSMPG,2026-09-17T16:20:00Z,14.4878,14.5236,14.4846,14.5204,63479,true
ZSMPG,2026-09-17T16:25:00Z,14.5204,14.5458,14.5043,14.5297,86897,true
ZSMPG,2026-09-17T16:30:00Z,14.5297,14.5403,14.509,14.5196,45759,true
ZSMPG,2026-09-17T16:35:00Z,14.5196,14.5246,14.5138,14.5188,50037,true
ZSMPG,2026-09-17T16:40:00Z,14.5188,14.538,14.5176,14.5368,47741,true
ZSMPG,2026-09-17T16:45:00Z,14.5368,14.5554,14.5326,14.5512,39378,true
ZSMPG,2026-09-17T16:50:00Z,14.5512,14.5643,14.5098,14.5229,53623,true
ZSMPG,2026-09-17T16:55:00Z,14.5229,14.535,14.5041,14.5163,56108,true
ZSMPG,2026-09-17T17:00:00Z,14.5163,14.5517,14.5122,14.5477,49539,true
ZSMPG,2026-09-17T17:05:00Z,14.5477,14.5658,14.523,14.541,81333,true
ZSMPG,2026-09-17T17:10:00Z,14.541,14.5601,14.5072,14.5263,49412,true
ZSMPG,2026-09-17T17:15:00Z,14.5263,14.589,14.5248,14.5874,49732,true
ZSMPG,2026-09-17T17:20:00Z,14.5874,14.6215,14.5749,14.6089,41827,true
ZSMPG,2026-09-17T17:25:00Z,14.6089,14.6512,14.5937,14.6359,44161,true
ZSMPG,2026-09-17T17:30:00Z,14.6359,14.6609,14.6142,14.6391,61706,true
ZSMPG,2026-09-17T17:35:00Z,14.6391,14.6628,14.6229,14.6466,89363,true
ZSMPG,2026-09-17T17:40:00Z,14.6466,14.6647,14.6086,14.6267,64911,true
ZSMPG,2026-09-17T17:45:00Z,14.6267,14.6493,14.598,14.6205,56283,true
ZSMPG,2026-09-17T17:50:00Z,14.6205,14.6367,14.613,14.6292,45098,true
ZSMPG,2026-09-17T17:55:00Z,14.6292,14.633,14.5954,14.5991,42996,true
ZSMPG,2026-09-17T18:00:00Z,14.5991,14.6025,14.5517,14.555,35059,true
ZSMPG,2026-09-17T18:05:00Z,14.555,14.619,14.5248,14.5888,58915,true
ZSMPG,2026-09-17T18:10:00Z,14.5888,14.5972,14.5737,14.5821,44008,true
ZSMPG,2026-09-17T18:15:00Z,14.5821,14.6182,14.5646,14.6007,37503,true
ZSMPG,2026-09-17T18:20:00Z,14.6007,14.6195,14.5498,14.5687,42926,true
ZSMPG,2026-09-17T18:25:00Z,14.5687,14.5819,14.5623,14.5755,43371,true
ZSMPG,2026-09-17T18:30:00Z,14.5755,14.5884,14.5536,14.5666,60747,true
ZSMPG,2026-09-17T18:35:00Z,14.5666,14.5952,14.53,14.5587,62982,true
ZSMPG,2026-09-17T18:40:00Z,14.5587,14.5691,14.5577,14.5682,80137,true
ZSMPG,2026-09-17T18:45:00Z,14.5682,14.5814,14.5592,14.5724,52743,true
ZSMPG,2026-09-17T18:50:00Z,14.5724,14.5869,14.5724,14.5869,61381,true
ZSMPG,2026-09-17T18:55:00Z,14.5869,14.6003,14.5232,14.5366,46572,true
ZSMPG,2026-09-17T19:00:00Z,14.5366,14.5809,14.5217,14.566,54226,true
ZSMPG,2026-09-17T19:05:00Z,14.566,14.572,14.5455,14.5515,82819,true
ZSMPG,2026-09-17T19:10:00Z,14.5515,14.5585,14.5435,14.5505,67165,true
ZSMPG,2026-09-17T19:15:00Z,14.5505,14.5585,14.5201,14.5281,45380,true
ZSMPG,2026-09-17T19:20:00Z,14.5281,14.5313,14.5213,14.5245,51026,true
ZSMPG,2026-09-17T19:25:00Z,14.5245,14.5378,14.5151,14.5284,68228,true
ZSMPG,2026-09-17T19:30:00Z,14.5284,14.5474,14.4759,14.4949,77068,true
ZSMPG,2026-09-17T19:35:00Z,14.4949,14.5491,14.481,14.5352,89302,true
ZSMPG,2026-09-17T19:40:00Z,14.5352,14.5456,14.5134,14.5238,64827,true
ZSMPG,2026-09-17T19:45:00Z,14.5238,14.5521,14.5011,14.5293,121641,true
ZSMPG,2026-09-17T19:50:00Z,14.5293,14.5549,14.526,14.5515,74471,true
ZSMPG,2026-09-17T19:55:00Z,14.5515,14.5781,14.5049,14.5315,90732,true
ZSMPG,2026-09-18T13:30:00Z,14.5315,14.5397,14.5024,14.5106,117535,true
ZSMPG,2026-09-18T13:35:00Z,14.5106,14.5133,14.489,14.4917,135880,true
ZSMPG,2026-09-18T13:40:00Z,14.4917,14.4956,14.4373,14.4412,122671,true
ZSMPG,2026-09-18T13:45:00Z,14.4412,14.4429,14.4227,14.4244,135120,true
ZSMPG,2026-09-18T13:50:00Z,14.4244,14.4464,14.3655,14.3875,127909,true
ZSMPG,2026-09-18T13:55:00Z,14.3875,14.3891,14.3629,14.3645,40323,true
ZSMPG,2026-09-18T14:00:00Z,14.3645,14.3994,14.342,14.3768,88815,true
ZSMPG,2026-09-18T14:05:00Z,14.3768,14.4057,14.3308,14.3597,91850,true
ZSMPG,2026-09-18T14:10:00Z,14.3597,14.3811,14.305,14.3264,53711,true
ZSMPG,2026-09-18T14:15:00Z,14.3264,14.3302,14.3151,14.3188,52936,true
ZSMPG,2026-09-18T14:20:00Z,14.3188,14.3388,14.2992,14.3191,41830,true
ZSMPG,2026-09-18T14:25:00Z,14.3191,14.3601,14.3021,14.343,75036,true
ZSMPG,2026-09-18T14:30:00Z,14.343,14.3489,14.324,14.3299,58999,true
ZSMPG,2026-09-18T14:35:00Z,14.3299,14.3396,14.3152,14.3249,57952,true
ZSMPG,2026-09-18T14:40:00Z,14.3249,14.3489,14.3024,14.3263,64991,true
ZSMPG,2026-09-18T14:45:00Z,14.3263,14.333,14.3189,14.3256,52474,true
ZSMPG,2026-09-18T14:50:00Z,14.3256,14.3257,14.3207,14.3208,57343,true
ZSMPG,2026-09-18T14:55:00Z,14.3208,14.3235,14.3207,14.3234,57385,true
ZSMPG,2026-09-18T15:00:00Z,14.3234,14.3491,14.274,14.2997,68769,true
ZSMPG,2026-09-18T15:05:00Z,14.2997,14.3141,14.2989,14.3133,45619,true
ZSMPG,2026-09-18T15:10:00Z,14.3133,14.3483,14.3065,14.3414,42100,true
ZSMPG,2026-09-18T15:15:00Z,14.3414,14.3695,14.2653,14.2934,104556,true
ZSMPG,2026-09-18T15:20:00Z,14.2934,14.3163,14.2785,14.3014,38805,true
ZSMPG,2026-09-18T15:25:00Z,14.3014,14.3041,14.2819,14.2847,77157,true
ZSMPG,2026-09-18T15:30:00Z,14.2847,14.2925,14.2139,14.2217,52256,true
ZSMPG,2026-09-18T15:35:00Z,14.2217,14.2238,14.2146,14.2167,34320,true
ZSMPG,2026-09-18T15:40:00Z,14.2167,14.247,14.1719,14.2023,52317,true
ZSMPG,2026-09-18T15:45:00Z,14.2023,14.2203,14.1656,14.1836,46335,true
ZSMPG,2026-09-18T15:50:00Z,14.1836,14.1895,14.1578,14.1637,80786,true
ZSMPG,2026-09-18T15:55:00Z,14.1637,14.1755,14.1327,14.1446,52938,true
ZSMPG,2026-09-18T16:00:00Z,14.1446,14.1478,14.1011,14.1044,43304,true
ZSMPG,2026-09-18T16:05:00Z,14.1044,14.1419,14.0824,14.1199,70421,true
ZSMPG,2026-09-18T16:10:00Z,14.1199,14.1262,14.1094,14.1157,56312,true
ZSMPG,2026-09-18T16:15:00Z,14.1157,14.1265,14.1012,14.1121,68633,true
ZSMPG,2026-09-18T16:20:00Z,14.1121,14.1124,14.0983,14.0986,61111,true
ZSMPG,2026-09-18T16:25:00Z,14.0986,14.1096,14.0485,14.0595,26056,true
ZSMPG,2026-09-18T16:30:00Z,14.0595,14.1208,14.0441,14.1054,32694,true
ZSMPG,2026-09-18T16:35:00Z,14.1054,14.1275,14.105,14.1271,45482,true
ZSMPG,2026-09-18T16:40:00Z,14.1271,14.135,14.1059,14.1138,50419,true
ZSMPG,2026-09-18T16:45:00Z,14.1138,14.1157,14.0856,14.0875,58590,true
ZSMPG,2026-09-18T16:50:00Z,14.0875,14.1138,14.0783,14.1046,37800,true
ZSMPG,2026-09-18T16:55:00Z,14.1046,14.1231,14.0681,14.0867,66095,true
ZSMPG,2026-09-18T17:00:00Z,14.0867,14.0971,14.0866,14.097,66179,true
ZSMPG,2026-09-18T17:05:00Z,14.097,14.1106,14.0345,14.0481,47012,true
ZSMPG,2026-09-18T17:10:00Z,14.0481,14.0684,14.0404,14.0607,79787,true
ZSMPG,2026-09-18T17:15:00Z,14.0607,14.0621,14.0429,14.0442,40055,true
ZSMPG,2026-09-18T17:20:00Z,14.0442,14.0664,14.0315,14.0537,66801,true
ZSMPG,2026-09-18T17:25:00Z,14.0537,14.0648,14.039,14.0501,35686,true
ZSMPG,2026-09-18T17:30:00Z,14.0501,14.0623,13.9906,14.0028,57000,true
ZSMPG,2026-09-18T17:35:00Z,14.0028,14.0372,13.9968,14.0312,50198,true
ZSMPG,2026-09-18T17:40:00Z,14.0312,14.0636,14.023,14.0554,52908,true
ZSMPG,2026-09-18T17:45:00Z,14.0554,14.0824,14.023,14.05,59023,true
ZSMPG,2026-09-18T17:50:00Z,14.05,14.0545,14.0476,14.0521,46878,true
ZSMPG,2026-09-18T17:55:00Z,14.0521,14.0526,14.0504,14.0509,51291,true
ZSMPG,2026-09-18T18:00:00Z,14.0509,14.0522,14.0484,14.0497,48501,true
ZSMPG,2026-09-18T18:05:00Z,14.0497,14.0802,14.0452,14.0758,56314,true
ZSMPG,2026-09-18T18:10:00Z,14.0758,14.0964,14.0745,14.0951,58405,true
ZSMPG,2026-09-18T18:15:00Z,14.0951,14.1079,14.054,14.0668,65215,true
ZSMPG,2026-09-18T18:20:00Z,14.0668,14.1544,14.0335,14.1211,49167,true
ZSMPG,2026-09-18T18:25:00Z,14.1211,14.1258,14.1189,14.1236,51276,true
ZSMPG,2026-09-18T18:30:00Z,14.1236,14.1392,14.1192,14.1348,61499,true
ZSMPG,2026-09-18T18:35:00Z,14.1348,14.1631,14.127,14.1554,54688,true
ZSMPG,2026-09-18T18:40:00Z,14.1554,14.1662,14.15,14.1609,50406,true
ZSMPG,2026-09-18T18:45:00Z,14.1609,14.1745,14.1039,14.1176,76497,true
ZSMPG,2026-09-18T18:50:00Z,14.1176,14.1411,14.0848,14.1083,68022,true
ZSMPG,2026-09-18T18:55:00Z,14.1083,14.1363,14.067,14.095,47028,true
ZSMPG,2026-09-18T19:00:00Z,14.095,14.1023,14.0589,14.0662,46399,true
ZSMPG,2026-09-18T19:05:00Z,14.0662,14.0955,14.028,14.0572,73838,true
ZSMPG,2026-09-18T19:10:00Z,14.0572,14.1331,14.0309,14.1068,47121,true
ZSMPG,2026-09-18T19:15:00Z,14.1068,14.1188,14.0759,14.0878,63831,true
ZSMPG,2026-09-18T19:20:00Z,14.0878,14.1064,14.0617,14.0803,54867,true
ZSMPG,2026-09-18T19:25:00Z,14.0803,14.105,14.0747,14.0994,67815,true
ZSMPG,2026-09-18T19:30:00Z,14.0994,14.1183,14.0813,14.1002,80448,true
ZSMPG,2026-09-18T19:35:00Z,14.1002,14.1114,14.0802,14.0914,70627,true
ZSMPG,2026-09-18T19:40:00Z,14.0914,14.0915,14.079,14.0791,86613,true
ZSMPG,2026-09-18T19:45:00Z,14.0791,14.0834,14.0766,14.081,103293,true
ZSMPG,2026-09-18T19:50:00Z,14.081,14.1053,14.067,14.0912,97403,true
ZSMPG,2026-09-18T19:55:00Z,14.0912,14.1276,14.0716,14.108,90362,true
ZSMPG,2026-09-21T13:30:00Z,14.108,14.126,14.1031,14.1212,165701,true
ZSMPG,2026-09-21T13:35:00Z,14.1212,14.1791,14.1162,14.1742,155302,true
ZSMPG,2026-09-21T13:40:00Z,14.1742,14.1827,14.1598,14.1683,107320,true
ZSMPG,2026-09-21T13:45:00Z,14.1683,14.1882,14.1562,14.1762,99874,true
ZSMPG,2026-09-21T13:50:00Z,14.1762,14.1935,14.1343,14.1516,72144,true
ZSMPG,2026-09-21T13:55:00Z,14.1516,14.1907,14.1429,14.1821,146368,true
ZSMPG,2026-09-21T14:00:00Z,14.1821,14.1934,14.1472,14.1585,91363,true
ZSMPG,2026-09-21T14:05:00Z,14.1585,14.1638,14.1093,14.1147,83984,true
ZSMPG,2026-09-21T14:10:00Z,14.1147,14.1423,14.1004,14.1279,80886,true
ZSMPG,2026-09-21T14:15:00Z,14.1279,14.147,14.1279,14.147,61588,true
ZSMPG,2026-09-21T14:20:00Z,14.147,14.1785,14.1393,14.1708,52976,true
ZSMPG,2026-09-21T14:25:00Z,14.1708,14.1846,14.1683,14.1822,86668,true
ZSMPG,2026-09-21T14:30:00Z,14.1822,14.195,14.1809,14.1937,45013,true
ZSMPG,2026-09-21T14:35:00Z,14.1937,14.2265,14.1848,14.2175,68598,true
ZSMPG,2026-09-21T14:40:00Z,14.2175,14.2208,14.2049,14.2082,102266,true
ZSMPG,2026-09-21T14:45:00Z,14.2082,14.2181,14.1967,14.2066,50441,true
ZSMPG,2026-09-21T14:50:00Z,14.2066,14.2138,14.2029,14.2102,67345,true
ZSMPG,2026-09-21T14:55:00Z,14.2102,14.221,14.1806,14.1914,47990,true
ZSMPG,2026-09-21T15:00:00Z,14.1914,14.2106,14.1586,14.1778,67695,true
ZSMPG,2026-09-21T15:05:00Z,14.1778,14.2028,14.155,14.18,27541,true
ZSMPG,2026-09-21T15:10:00Z,14.18,14.1801,14.1324,14.1325,83953,true
ZSMPG,2026-09-21T15:15:00Z,14.1325,14.1583,14.1154,14.1412,44177,true
ZSMPG,2026-09-21T15:20:00Z,14.1412,14.1932,14.1305,14.1825,36838,true
ZSMPG,2026-09-21T15:25:00Z,14.1825,14.2002,14.1594,14.1771,50880,true
ZSMPG,2026-09-21T15:30:00Z,14.1771,14.2095,14.1464,14.1788,78585,true
ZSMPG,2026-09-21T15:35:00Z,14.1788,14.183,14.1494,14.1536,47049,true
ZSMPG,2026-09-21T15:40:00Z,14.1536,14.1716,14.15,14.168,56063,true
ZSMPG,2026-09-21T15:45:00Z,14.168,14.1788,14.1515,14.1624,93260,true
ZSMPG,2026-09-21T15:50:00Z,14.1624,14.1816,14.1422,14.1614,40191,true
ZSMPG,2026-09-21T15:55:00Z,14.1614,14.1823,14.1436,14.1645,52626,true
ZSMPG,2026-09-21T16:00:00Z,14.1645,14.2494,14.1436,14.2285,48363,true
ZSMPG,2026-09-21T16:05:00Z,14.2285,14.2717,14.2215,14.2647,59091,true
ZSMPG,2026-09-21T16:10:00Z,14.2647,14.2833,14.248,14.2665,66096,true
ZSMPG,2026-09-21T16:15:00Z,14.2665,14.2681,14.2614,14.263,88262,true
ZSMPG,2026-09-21T16:20:00Z,14.263,14.2739,14.2605,14.2715,50368,true
ZSMPG,2026-09-21T16:25:00Z,14.2715,14.2828,14.2449,14.2563,33329,true
ZSMPG,2026-09-21T16:30:00Z,14.2563,14.2883,14.2443,14.2764,59930,true
ZSMPG,2026-09-21T16:35:00Z,14.2764,14.2784,14.2684,14.2704,42872,true
ZSMPG,2026-09-21T16:40:00Z,14.2704,14.3171,14.2635,14.3102,42457,true
ZSMPG,2026-09-21T16:45:00Z,14.3102,14.3158,14.2452,14.2508,58422,true
ZSMPG,2026-09-21T16:50:00Z,14.2508,14.26,14.1663,14.1755,58101,true
ZSMPG,2026-09-21T16:55:00Z,14.1755,14.1868,14.1668,14.1781,55454,true
ZSMPG,2026-09-21T17:00:00Z,14.1781,14.2138,14.1505,14.1861,43587,true
ZSMPG,2026-09-21T17:05:00Z,14.1861,14.1988,14.149,14.1617,54475,true
ZSMPG,2026-09-21T17:10:00Z,14.1617,14.1654,14.1312,14.1349,59325,true
ZSMPG,2026-09-21T17:15:00Z,14.1349,14.153,14.1226,14.1407,47598,true
ZSMPG,2026-09-21T17:20:00Z,14.1407,14.1413,14.1239,14.1245,67142,true
ZSMPG,2026-09-21T17:25:00Z,14.1245,14.1355,14.1152,14.1261,65751,true
ZSMPG,2026-09-21T17:30:00Z,14.1261,14.1594,14.12,14.1532,65579,true
ZSMPG,2026-09-21T17:35:00Z,14.1532,14.2114,14.1158,14.174,67495,true
ZSMPG,2026-09-21T17:40:00Z,14.174,14.1844,14.1546,14.1649,67166,true
ZSMPG,2026-09-21T17:45:00Z,14.1649,14.1842,14.1599,14.1792,35466,true
ZSMPG,2026-09-21T17:50:00Z,14.1792,14.1864,14.1509,14.1581,49720,true
ZSMPG,2026-09-21T17:55:00Z,14.1581,14.1684,14.1411,14.1515,61842,true
ZSMPG,2026-09-21T18:00:00Z,14.1515,14.1747,14.1455,14.1688,40054,true
ZSMPG,2026-09-21T18:05:00Z,14.1688,14.2011,14.1653,14.1976,59106,true
ZSMPG,2026-09-21T18:10:00Z,14.1976,14.2108,14.1621,14.1752,74819,true
ZSMPG,2026-09-21T18:15:00Z,14.1752,14.1984,14.1601,14.1833,48657,true
ZSMPG,2026-09-21T18:20:00Z,14.1833,14.1897,14.1361,14.1425,59933,true
ZSMPG,2026-09-21T18:25:00Z,14.1425,14.1533,14.1281,14.139,54552,true
ZSMPG,2026-09-21T18:30:00Z,14.139,14.1634,14.0878,14.1122,50500,true
ZSMPG,2026-09-21T18:35:00Z,14.1122,14.1349,14.1054,14.1281,49267,true
ZSMPG,2026-09-21T18:40:00Z,14.1281,14.1444,14.0889,14.1053,73932,true
ZSMPG,2026-09-21T18:45:00Z,14.1053,14.1151,14.0863,14.0962,43491,true
ZSMPG,2026-09-21T18:50:00Z,14.0962,14.0994,14.0517,14.0549,46321,true
ZSMPG,2026-09-21T18:55:00Z,14.0549,14.0624,14.0384,14.0459,84912,true
ZSMPG,2026-09-21T19:00:00Z,14.0459,14.0619,14.0287,14.0447,101447,true
ZSMPG,2026-09-21T19:05:00Z,14.0447,14.0756,14.0234,14.0543,68759,true
ZSMPG,2026-09-21T19:10:00Z,14.0543,14.0633,14.025,14.034,72992,true
ZSMPG,2026-09-21T19:15:00Z,14.034,14.0606,13.9628,13.9894,74803,true
ZSMPG,2026-09-21T19:20:00Z,13.9894,14.0156,13.9852,14.0114,80081,true
ZSMPG,2026-09-21T19:25:00Z,14.0114,14.0132,13.999,14.0008,95265,true
ZSMPG,2026-09-21T19:30:00Z,14.0008,14.0536,13.983,14.0357,58800,true
ZSMPG,2026-09-21T19:35:00Z,14.0357,14.0418,14.0345,14.0405,79857,true
ZSMPG,2026-09-21T19:40:00Z,14.0405,14.0881,14.0333,14.0808,94751,true
ZSMPG,2026-09-21T19:45:00Z,14.0808,14.123,14.0757,14.1178,105342,true
ZSMPG,2026-09-21T19:50:00Z,14.1178,14.1484,14.1136,14.1442,96243,true
ZSMPG,2026-09-21T19:55:00Z,14.1442,14.1887,14.1302,14.1747,64775,true
ZSMPG,2026-09-22T13:30:00Z,14.1747,14.2058,14.1576,14.1888,170757,true
ZSMPG,2026-09-22T13:35:00Z,14.1888,14.1948,14.1636,14.1696,107593,true
ZSMPG,2026-09-22T13:40:00Z,14.1696,14.1785,14.1398,14.1487,124471,true
ZSMPG,2026-09-22T13:45:00Z,14.1487,14.1503,14.1131,14.1147,139624,true
ZSMPG,2026-09-22T13:50:00Z,14.1147,14.1446,14.0892,14.1191,67996,true
ZSMPG,2026-09-22T13:55:00Z,14.1191,14.1373,14.0616,14.0799,80545,true
ZSMPG,2026-09-22T14:00:00Z,14.0799,14.0895,14.0751,14.0847,52765,true
ZSMPG,2026-09-22T14:05:00Z,14.0847,14.1334,14.0785,14.1271,122052,true
ZSMPG,2026-09-22T14:10:00Z,14.1271,14.147,14.0797,14.0996,77522,true
ZSMPG,2026-09-22T14:15:00Z,14.0996,14.1227,14.0964,14.1194,51033,true
ZSMPG,2026-09-22T14:20:00Z,14.1194,14.1215,14.118,14.1201,68246,true
ZSMPG,2026-09-22T14:25:00Z,14.1201,14.1577,14.1151,14.1528,84411,true
ZSMPG,2026-09-22T14:30:00Z,14.1528,14.1652,14.12,14.1324,37766,true
ZSMPG,2026-09-22T14:35:00Z,14.1324,14.1503,14.0816,14.0994,72166,true
ZSMPG,2026-09-22T14:40:00Z,14.0994,14.1635,14.0822,14.1463,69228,true
ZSMPG,2026-09-22T14:45:00Z,14.1463,14.1558,14.1448,14.1543,71871,true
ZSMPG,2026-09-22T14:50:00Z,14.1543,14.1638,14.1135,14.123,47376,true
ZSMPG,2026-09-22T14:55:00Z,14.123,14.1593,14.1102,14.1465,49481,true
ZSMPG,2026-09-22T15:00:00Z,14.1465,14.1932,14.1435,14.1903,52214,true
ZSMPG,2026-09-22T15:05:00Z,14.1903,14.2405,14.1708,14.221,51462,true
ZSMPG,2026-09-22T15:10:00Z,14.221,14.2276,14.2089,14.2155,78589,true
ZSMPG,2026-09-22T15:15:00Z,14.2155,14.2175,14.1938,14.1958,65784,true
ZSMPG,2026-09-22T15:20:00Z,14.1958,14.2139,14.1932,14.2113,34291,true
ZSMPG,2026-09-22T15:25:00Z,14.2113,14.2184,14.2101,14.2171,54489,true
ZSMPG,2026-09-22T15:30:00Z,14.2171,14.2194,14.1709,14.1732,91508,true
ZSMPG,2026-09-22T15:35:00Z,14.1732,14.179,14.1171,14.123,58291,true
ZSMPG,2026-09-22T15:40:00Z,14.123,14.1337,14.0828,14.0935,32827,true
ZSMPG,2026-09-22T15:45:00Z,14.0935,14.1069,14.0629,14.0762,57644,true
ZSMPG,2026-09-22T15:50:00Z,14.0762,14.0764,14.0116,14.0118,51047,true
ZSMPG,2026-09-22T15:55:00Z,14.0118,14.0393,14.0092,14.0367,47946,true
ZSMPG,2026-09-22T16:00:00Z,14.0367,14.0611,14.0195,14.0439,35830,true
ZSMPG,2026-09-22T16:05:00Z,14.0439,14.0969,14.0326,14.0856,52954,true
ZSMPG,2026-09-22T16:10:00Z,14.0856,14.1027,14.0586,14.0758,41358,true
ZSMPG,2026-09-22T16:15:00Z,14.0758,14.076,14.0434,14.0436,56099,true
ZSMPG,2026-09-22T16:20:00Z,14.0436,14.0487,14.0157,14.0207,91094,true
ZSMPG,2026-09-22T16:25:00Z,14.0207,14.0423,14.0072,14.0288,57279,true
ZSMPG,2026-09-22T16:30:00Z,14.0288,14.0426,13.9907,14.0045,53000,true
ZSMPG,2026-09-22T16:35:00Z,14.0045,14.0135,14.0033,14.0123,44947,true
ZSMPG,2026-09-22T16:40:00Z,14.0123,14.0141,13.9763,13.978,42757,true
ZSMPG,2026-09-22T16:45:00Z,13.978,13.9959,13.9289,13.9468,70835,true
ZSMPG,2026-09-22T16:50:00Z,13.9468,13.9511,13.9461,13.9503,71446,true
ZSMPG,2026-09-22T16:55:00Z,13.9503,13.9782,13.919,13.9469,58903,true
ZSMPG,2026-09-22T17:00:00Z,13.9469,13.9554,13.9211,13.9297,88187,true
ZSMPG,2026-09-22T17:05:00Z,13.9297,13.9422,13.8891,13.9016,60562,true
ZSMPG,2026-09-22T17:10:00Z,13.9016,13.9105,13.8757,13.8846,34820,true
ZSMPG,2026-09-22T17:15:00Z,13.8846,13.8975,13.8646,13.8776,38467,true
ZSMPG,2026-09-22T17:20:00Z,13.8776,13.9429,13.8331,13.8984,34377,true
ZSMPG,2026-09-22T17:25:00Z,13.8984,13.9195,13.8826,13.9037,57845,true
ZSMPG,2026-09-22T17:30:00Z,13.9037,13.9078,13.8728,13.8769,42778,true
ZSMPG,2026-09-22T17:35:00Z,13.8769,13.9194,13.8442,13.8867,62831,true
ZSMPG,2026-09-22T17:40:00Z,13.8867,13.9495,13.8766,13.9394,62750,true
ZSMPG,2026-09-22T17:45:00Z,13.9394,13.9686,13.9251,13.9542,38511,true
ZSMPG,2026-09-22T17:50:00Z,13.9542,13.9749,13.9364,13.9571,44276,true
ZSMPG,2026-09-22T17:55:00Z,13.9571,13.9836,13.9504,13.9769,59786,true
ZSMPG,2026-09-22T18:00:00Z,13.9769,13.9812,13.9591,13.9633,39333,true
ZSMPG,2026-09-22T18:05:00Z,13.9633,13.9702,13.9489,13.9558,56164,true
ZSMPG,2026-09-22T18:10:00Z,13.9558,13.9631,13.9136,13.9209,33795,true
ZSMPG,2026-09-22T18:15:00Z,13.9209,13.9432,13.9174,13.9397,58937,true
ZSMPG,2026-09-22T18:20:00Z,13.9397,13.9841,13.9338,13.9782,67668,true
ZSMPG,2026-09-22T18:25:00Z,13.9782,14.0095,13.9675,13.9988,56268,true
ZSMPG,2026-09-22T18:30:00Z,13.9988,14.0379,13.9882,14.0273,40785,true
ZSMPG,2026-09-22T18:35:00Z,14.0273,14.0668,14.0037,14.0432,40619,true
ZSMPG,2026-09-22T18:40:00Z,14.0432,14.0495,14.0326,14.0389,53058,true
ZSMPG,2026-09-22T18:45:00Z,14.0389,14.0561,14.0246,14.0417,49155,true
ZSMPG,2026-09-22T18:50:00Z,14.0417,14.0572,14.0219,14.0374,40961,true
ZSMPG,2026-09-22T18:55:00Z,14.0374,14.0451,14.0137,14.0214,59006,true
ZSMPG,2026-09-22T19:00:00Z,14.0214,14.0281,14.0146,14.0213,69356,true
ZSMPG,2026-09-22T19:05:00Z,14.0213,14.0227,14.0021,14.0035,55533,true
ZSMPG,2026-09-22T19:10:00Z,14.0035,14.08,13.9977,14.0743,56144,true
ZSMPG,2026-09-22T19:15:00Z,14.0743,14.1206,14.0638,14.1102,49834,true
ZSMPG,2026-09-22T19:20:00Z,14.1102,14.1131,14.0588,14.0617,55045,true
ZSMPG,2026-09-22T19:25:00Z,14.0617,14.064,14.0187,14.0211,61187,true
ZSMPG,2026-09-22T19:30:00Z,14.0211,14.0253,14.0091,14.0134,66343,true
ZSMPG,2026-09-22T19:35:00Z,14.0134,14.0145,13.9985,13.9996,67009,true
ZSMPG,2026-09-22T19:40:00Z,13.9996,14.005,13.9778,13.9832,62836,true
ZSMPG,2026-09-22T19:45:00Z,13.9832,14.0104,13.8817,13.9088,55147,true
ZSMPG,2026-09-22T19:50:00Z,13.9088,13.9192,13.8952,13.9055,68208,true
ZSMPG,2026-09-22T19:55:00Z,13.9055,13.9236,13.8956,13.9136,102283,true
ZSMPG,2026-09-23T13:30:00Z,13.9136,13.9166,13.884,13.8871,209261,true
ZSMPG,2026-09-23T13:35:00Z,13.8871,13.9147,13.8643,13.8919,130457,true
ZSMPG,2026-09-23T13:40:00Z,13.8919,13.9135,13.8523,13.8739,107485,true
ZSMPG,2026-09-23T13:45:00Z,13.8739,13.8912,13.8365,13.8539,88353,true
ZSMPG,2026-09-23T13:50:00Z,13.8539,13.8595,13.8405,13.8462,94165,true
ZSMPG,2026-09-23T13:55:00Z,13.8462,13.8801,13.8349,13.8688,43007,true
ZSMPG,2026-09-23T14:00:00Z,13.8688,13.872,13.8656,13.8688,114125,true
ZSMPG,2026-09-23T14:05:00Z,13.8688,13.871,13.8431,13.8453,91571,true
ZSMPG,2026-09-23T14:10:00Z,13.8453,13.8823,13.8283,13.8654,76610,true
ZSMPG,2026-09-23T14:15:00Z,13.8654,13.8693,13.8504,13.8543,73985,true
ZSMPG,2026-09-23T14:20:00Z,13.8543,13.8792,13.847,13.8718,51352,true
ZSMPG,2026-09-23T14:25:00Z,13.8718,13.8893,13.8613,13.8788,79308,true
ZSMPG,2026-09-23T14:30:00Z,13.8788,13.879,13.8624,13.8626,91101,true
ZSMPG,2026-09-23T14:35:00Z,13.8626,13.9061,13.8544,13.8978,72382,true
ZSMPG,2026-09-23T14:40:00Z,13.8978,13.91,13.8811,13.8933,49263,true
ZSMPG,2026-09-23T14:45:00Z,13.8933,13.9193,13.8616,13.8876,53885,true
ZSMPG,2026-09-23T14:50:00Z,13.8876,13.8948,13.8871,13.8943,81840,true
ZSMPG,2026-09-23T14:55:00Z,13.8943,13.9156,13.8889,13.9101,59894,true
ZSMPG,2026-09-23T15:00:00Z,13.9101,13.9475,13.9061,13.9435,32585,true
ZSMPG,2026-09-23T15:05:00Z,13.9435,13.9482,13.9153,13.92,57980,true
ZSMPG,2026-09-23T15:10:00Z,13.92,13.9278,13.8839,13.8917,43305,true
ZSMPG,2026-09-23T15:15:00Z,13.8917,13.914,13.8865,13.9088,59925,true
ZSMPG,2026-09-23T15:20:00Z,13.9088,13.9357,13.9014,13.9283,42873,true
ZSMPG,2026-09-23T15:25:00Z,13.9283,13.9353,13.9195,13.9265,27009,true
ZSMPG,2026-09-23T15:30:00Z,13.9265,13.9305,13.907,13.9109,45781,true
ZSMPG,2026-09-23T15:35:00Z,13.9109,13.9174,13.8844,13.8908,45857,true
ZSMPG,2026-09-23T15:40:00Z,13.8908,13.8995,13.8419,13.8507,30582,true
ZSMPG,2026-09-23T15:45:00Z,13.8507,13.8577,13.8264,13.8334,48768,true
ZSMPG,2026-09-23T15:50:00Z,13.8334,13.8591,13.8318,13.8575,51288,true
ZSMPG,2026-09-23T15:55:00Z,13.8575,13.8783,13.8259,13.8467,50617,true
ZSMPG,2026-09-23T16:00:00Z,13.8467,13.8573,13.8013,13.8119,42784,true
ZSMPG,2026-09-23T16:05:00Z,13.8119,13.8161,13.7839,13.7882,47332,true
ZSMPG,2026-09-23T16:10:00Z,13.7882,13.812,13.7828,13.8066,75289,true
ZSMPG,2026-09-23T16:15:00Z,13.8066,13.8129,13.7963,13.8026,44138,true
ZSMPG,2026-09-23T16:20:00Z,13.8026,13.8079,13.797,13.8023,32475,true
ZSMPG,2026-09-23T16:25:00Z,13.8023,13.8139,13.7808,13.7924,64076,true
ZSMPG,2026-09-23T16:30:00Z,13.7924,13.7983,13.7687,13.7746,55891,true
ZSMPG,2026-09-23T16:35:00Z,13.7746,13.7826,13.7737,13.7817,37041,true
ZSMPG,2026-09-23T16:40:00Z,13.7817,13.7935,13.7748,13.7866,59345,true
ZSMPG,2026-09-23T16:45:00Z,13.7866,13.7881,13.7778,13.7793,59168,true
ZSMPG,2026-09-23T16:50:00Z,13.7793,13.794,13.6937,13.7083,56023,true
ZSMPG,2026-09-23T16:55:00Z,13.7083,13.7189,13.6721,13.6827,52559,true
ZSMPG,2026-09-23T17:00:00Z,13.6827,13.6962,13.6418,13.6553,48482,true
ZSMPG,2026-09-23T17:05:00Z,13.6553,13.6811,13.6421,13.6679,42795,true
ZSMPG,2026-09-23T17:10:00Z,13.6679,13.6799,13.6342,13.6462,60965,true
ZSMPG,2026-09-23T17:15:00Z,13.6462,13.6623,13.6428,13.659,63677,true
ZSMPG,2026-09-23T17:20:00Z,13.659,13.6624,13.6262,13.6296,79645,true
ZSMPG,2026-09-23T17:25:00Z,13.6296,13.6489,13.5977,13.6169,51513,true
ZSMPG,2026-09-23T17:30:00Z,13.6169,13.6622,13.6146,13.6598,46138,true
ZSMPG,2026-09-23T17:35:00Z,13.6598,13.6626,13.6519,13.6547,35052,true
ZSMPG,2026-09-23T17:40:00Z,13.6547,13.6728,13.6377,13.6558,63480,true
ZSMPG,2026-09-23T17:45:00Z,13.6558,13.6786,13.6474,13.6702,42679,true
ZSMPG,2026-09-23T17:50:00Z,13.6702,13.6998,13.6694,13.6991,46468,true
ZSMPG,2026-09-23T17:55:00Z,13.6991,13.7062,13.6714,13.6785,76540,true
ZSMPG,2026-09-23T18:00:00Z,13.6785,13.6941,13.6637,13.6792,61690,true
ZSMPG,2026-09-23T18:05:00Z,13.6792,13.6812,13.6722,13.6742,29076,true
ZSMPG,2026-09-23T18:10:00Z,13.6742,13.677,13.6579,13.6607,58732,true
ZSMPG,2026-09-23T18:15:00Z,13.6607,13.683,13.635,13.6573,39402,true
ZSMPG,2026-09-23T18:20:00Z,13.6573,13.6976,13.6405,13.6808,35787,true
ZSMPG,2026-09-23T18:25:00Z,13.6808,13.6914,13.6569,13.6675,46022,true
ZSMPG,2026-09-23T18:30:00Z,13.6675,13.7164,13.642,13.6909,58304,true
ZSMPG,2026-09-23T18:35:00Z,13.6909,13.6931,13.6822,13.6843,39588,true
ZSMPG,2026-09-23T18:40:00Z,13.6843,13.7172,13.675,13.7079,42448,true
ZSMPG,2026-09-23T18:45:00Z,13.7079,13.8046,13.7043,13.801,61732,true
ZSMPG,2026-09-23T18:50:00Z,13.801,13.8315,13.7712,13.8017,36603,true
ZSMPG,2026-09-23T18:55:00Z,13.8017,13.8168,13.7808,13.7959,47866,true
ZSMPG,2026-09-23T19:00:00Z,13.7959,13.8172,13.7941,13.8153,59389,true
ZSMPG,2026-09-23T19:05:00Z,13.8153,13.8183,13.7608,13.7637,59500,true
ZSMPG,2026-09-23T19:10:00Z,13.7637,13.8264,13.7592,13.8219,56454,true
ZSMPG,2026-09-23T19:15:00Z,13.8219,13.8289,13.8069,13.8139,65956,true
ZSMPG,2026-09-23T19:20:00Z,13.8139,13.8431,13.7905,13.8197,56087,true
ZSMPG,2026-09-23T19:25:00Z,13.8197,13.8574,13.7799,13.8177,91066,true
ZSMPG,2026-09-23T19:30:00Z,13.8177,13.8288,13.802,13.8131,68374,true
ZSMPG,2026-09-23T19:35:00Z,13.8131,13.8151,13.7959,13.7979,85738,true
ZSMPG,2026-09-23T19:40:00Z,13.7979,13.8103,13.7908,13.8032,88833,true
ZSMPG,2026-09-23T19:45:00Z,13.8032,13.8126,13.803,13.8124,91106,true
ZSMPG,2026-09-23T19:50:00Z,13.8124,13.8344,13.7793,13.8014,88295,true
ZSMPG,2026-09-23T19:55:00Z,13.8014,13.8556,13.7979,13.8521,90794,true
ZSMPG,2026-09-24T13:30:00Z,13.8521,13.8798,13.8362,13.8639,133604,true
ZSMPG,2026-09-24T13:35:00Z,13.8639,13.8771,13.8506,13.8638,145149,true
ZSMPG,2026-09-24T13:40:00Z,13.8638,13.8853,13.862,13.8835,142068,true
ZSMPG,2026-09-24T13:45:00Z,13.8835,13.9026,13.8143,13.8334,94042,true
ZSMPG,2026-09-24T13:50:00Z,13.8334,13.8618,13.8283,13.8567,92154,true
ZSMPG,2026-09-24T13:55:00Z,13.8567,13.8716,13.8425,13.8574,85691,true
ZSMPG,2026-09-24T14:00:00Z,13.8574,13.8834,13.8407,13.8668,55759,true
ZSMPG,2026-09-24T14:05:00Z,13.8668,13.9015,13.8516,13.8864,63549,true
ZSMPG,2026-09-24T14:10:00Z,13.8864,13.8892,13.8599,13.8628,68630,true
ZSMPG,2026-09-24T14:15:00Z,13.8628,13.8649,13.8571,13.8592,95790,true
ZSMPG,2026-09-24T14:20:00Z,13.8592,13.8712,13.8002,13.8122,80227,true
ZSMPG,2026-09-24T14:25:00Z,13.8122,13.825,13.7956,13.8085,96263,true
ZSMPG,2026-09-24T14:30:00Z,13.8085,13.8155,13.7851,13.792,58655,true
ZSMPG,2026-09-24T14:35:00Z,13.792,13.8425,13.7792,13.8296,84373,true
ZSMPG,2026-09-24T14:40:00Z,13.8296,13.8757,13.7958,13.8419,43073,true
ZSMPG,2026-09-24T14:45:00Z,13.8419,13.8444,13.8298,13.8323,56079,true
ZSMPG,2026-09-24T14:50:00Z,13.8323,13.8401,13.8247,13.8325,70773,true
ZSMPG,2026-09-24T14:55:00Z,13.8325,13.8517,13.7723,13.7915,61010,true
ZSMPG,2026-09-24T15:00:00Z,13.7915,13.8188,13.7634,13.7906,76272,true
ZSMPG,2026-09-24T15:05:00Z,13.7906,13.8051,13.7557,13.7702,70115,true
ZSMPG,2026-09-24T15:10:00Z,13.7702,13.7841,13.7628,13.7767,66777,true
ZSMPG,2026-09-24T15:15:00Z,13.7767,13.8092,13.7683,13.8008,63391,true
ZSMPG,2026-09-24T15:20:00Z,13.8008,13.8111,13.7988,13.8091,38635,true
ZSMPG,2026-09-24T15:25:00Z,13.8091,13.8199,13.7893,13.8001,38786,true
ZSMPG,2026-09-24T15:30:00Z,13.8001,13.8085,13.7836,13.792,62102,true
ZSMPG,2026-09-24T15:35:00Z,13.792,13.7976,13.7636,13.7693,68761,true
ZSMPG,2026-09-24T15:40:00Z,13.7693,13.8014,13.7572,13.7893,56746,true
ZSMPG,2026-09-24T15:45:00Z,13.7893,13.7911,13.7637,13.7654,72109,true
ZSMPG,2026-09-24T15:50:00Z,13.7654,13.7777,13.7441,13.7564,38359,true
ZSMPG,2026-09-24T15:55:00Z,13.7564,13.7688,13.738,13.7503,52820,true
ZSMPG,2026-09-24T16:00:00Z,13.7503,13.753,13.7289,13.7315,54620,true
ZSMPG,2026-09-24T16:05:00Z,13.7315,13.7394,13.7052,13.7131,40315,true
ZSMPG,2026-09-24T16:10:00Z,13.7131,13.7325,13.7032,13.7226,34858,true
ZSMPG,2026-09-24T16:15:00Z,13.7226,13.7399,13.6798,13.6971,67456,true
ZSMPG,2026-09-24T16:20:00Z,13.6971,13.709,13.6881,13.7001,53265,true
ZSMPG,2026-09-24T16:25:00Z,13.7001,13.7159,13.696,13.7118,56754,true
ZSMPG,2026-09-24T16:30:00Z,13.7118,13.7118,13.6979,13.6979,46869,true
ZSMPG,2026-09-24T16:35:00Z,13.6979,13.7163,13.6975,13.7159,70399,true
ZSMPG,2026-09-24T16:40:00Z,13.7159,13.7361,13.6791,13.6993,52984,true
ZSMPG,2026-09-24T16:45:00Z,13.6993,13.7195,13.6742,13.6944,40207,true
ZSMPG,2026-09-24T16:50:00Z,13.6944,13.7133,13.688,13.7069,46952,true
ZSMPG,2026-09-24T16:55:00Z,13.7069,13.7112,13.6643,13.6686,55730,true
ZSMPG,2026-09-24T17:00:00Z,13.6686,13.6838,13.6577,13.6729,62414,true
ZSMPG,2026-09-24T17:05:00Z,13.6729,13.6843,13.6646,13.6761,56527,true
ZSMPG,2026-09-24T17:10:00Z,13.6761,13.6962,13.6456,13.6657,56042,true
ZSMPG,2026-09-24T17:15:00Z,13.6657,13.6701,13.6424,13.6468,74728,true
ZSMPG,2026-09-24T17:20:00Z,13.6468,13.6857,13.6371,13.676,36736,true
ZSMPG,2026-09-24T17:25:00Z,13.676,13.6787,13.6688,13.6715,67690,true
ZSMPG,2026-09-24T17:30:00Z,13.6715,13.7617,13.6665,13.7566,51357,true
ZSMPG,2026-09-24T17:35:00Z,13.7566,13.7724,13.7382,13.754,57611,true
ZSMPG,2026-09-24T17:40:00Z,13.754,13.782,13.738,13.766,36774,true
ZSMPG,2026-09-24T17:45:00Z,13.766,13.7873,13.7289,13.7502,66767,true
ZSMPG,2026-09-24T17:50:00Z,13.7502,13.7529,13.6935,13.6963,47693,true
ZSMPG,2026-09-24T17:55:00Z,13.6963,13.6968,13.6695,13.67,42302,true
ZSMPG,2026-09-24T18:00:00Z,13.67,13.7275,13.6602,13.7177,47444,true
ZSMPG,2026-09-24T18:05:00Z,13.7177,13.7302,13.7039,13.7163,58189,true
ZSMPG,2026-09-24T18:10:00Z,13.7163,13.7272,13.7068,13.7177,62325,true
ZSMPG,2026-09-24T18:15:00Z,13.7177,13.7316,13.7111,13.7251,46530,true
ZSMPG,2026-09-24T18:20:00Z,13.7251,13.7336,13.678,13.6865,43139,true
ZSMPG,2026-09-24T18:25:00Z,13.6865,13.6911,13.6694,13.674,70044,true
ZSMPG,2026-09-24T18:30:00Z,13.674,13.712,13.6693,13.7072,42474,true
ZSMPG,2026-09-24T18:35:00Z,13.7072,13.7103,13.6857,13.6887,58379,true
ZSMPG,2026-09-24T18:40:00Z,13.6887,13.6955,13.6834,13.6902,35306,true
ZSMPG,2026-09-24T18:45:00Z,13.6902,13.7094,13.6589,13.6781,55225,true
ZSMPG,2026-09-24T18:50:00Z,13.6781,13.6935,13.6687,13.684,50958,true
ZSMPG,2026-09-24T18:55:00Z,13.684,13.6954,13.644,13.6554,59816,true
ZSMPG,2026-09-24T19:00:00Z,13.6554,13.6574,13.6296,13.6316,40786,true
ZSMPG,2026-09-24T19:05:00Z,13.6316,13.6552,13.6115,13.635,61874,true
ZSMPG,2026-09-24T19:10:00Z,13.635,13.6579,13.6191,13.642,107152,true
ZSMPG,2026-09-24T19:15:00Z,13.642,13.6503,13.6329,13.6411,52731,true
ZSMPG,2026-09-24T19:20:00Z,13.6411,13.6487,13.6336,13.6412,68799,true
ZSMPG,2026-09-24T19:25:00Z,13.6412,13.6484,13.6219,13.6291,82386,true
ZSMPG,2026-09-24T19:30:00Z,13.6291,13.6447,13.6226,13.6382,70986,true
ZSMPG,2026-09-24T19:35:00Z,13.6382,13.6744,13.6213,13.6575,82134,true
ZSMPG,2026-09-24T19:40:00Z,13.6575,13.6725,13.6336,13.6487,95569,true
ZSMPG,2026-09-24T19:45:00Z,13.6487,13.6605,13.6291,13.6409,106804,true
ZSMPG,2026-09-24T19:50:00Z,13.6409,13.6581,13.6305,13.6477,110950,true
ZSMPG,2026-09-24T19:55:00Z,13.6477,13.7152,13.6321,13.6996,80193,true
